Time (s),"""C18""","""C17""","""C16""","""C15"""
-0.0002,-0.4,1.2000000000000002,1.2000000000000002,1.2000000000000002
-0.0001999,-2.0,0.4,-0.4,1.2000000000000002
-0.0001998,-0.4,-0.4,1.2000000000000002,1.2000000000000002
-0.0001997,-2.0,0.4,2.0,1.2000000000000002
-0.0001996,1.2000000000000002,1.2000000000000002,1.2000000000000002,1.2000000000000002
-0.0001995,1.2000000000000002,-0.4,0.4,1.2000000000000002
-0.00019940000000000002,1.2000000000000002,1.2000000000000002,0.4,2.0
-0.00019930000000000002,1.2000000000000002,2.8000000000000003,1.2000000000000002,2.0
-0.00019920000000000002,0.4,-2.0,1.2000000000000002,0.4
-0.00019910000000000001,0.4,-0.4,-2.0,0.4
-0.000199,-0.4,2.8000000000000003,1.2000000000000002,2.0
-0.0001989,0.4,1.2000000000000002,1.2000000000000002,0.4
-0.0001988,-0.4,2.8000000000000003,1.2000000000000002,-0.4
-0.0001987,-1.2000000000000002,2.8000000000000003,3.6,0.4
-0.0001986,0.4,1.2000000000000002,1.2000000000000002,1.2000000000000002
-0.0001985,-0.4,-2.8000000000000003,2.0,0.4
-0.0001984,-0.4,3.6,-0.4,1.2000000000000002
-0.00019830000000000002,2.0,0.4,-1.2000000000000002,0.4
-0.00019820000000000002,-2.8000000000000003,0.4,1.2000000000000002,2.8000000000000003
-0.00019810000000000002,1.2000000000000002,-0.4,2.8000000000000003,0.4
-0.00019800000000000002,-0.4,0.4,-0.4,-1.2000000000000002
-0.0001979,-1.2000000000000002,1.2000000000000002,1.2000000000000002,0.4
-0.0001978,0.4,-0.4,5.2,1.2000000000000002
-0.0001977,1.2000000000000002,2.8000000000000003,1.2000000000000002,0.4
-0.0001976,1.2000000000000002,2.0,1.2000000000000002,2.8000000000000003
-0.0001975,2.0,-0.4,1.2000000000000002,-1.2000000000000002
-0.0001974,2.0,3.6,1.2000000000000002,-0.4
-0.0001973,-0.4,0.4,-1.2000000000000002,-0.4
-0.00019720000000000002,-2.0,0.4,-0.4,0.4
-0.00019710000000000002,-1.2000000000000002,-0.4,1.2000000000000002,-1.2000000000000002
-0.00019700000000000002,-0.4,0.4,2.0,0.4
-0.00019690000000000002,-1.2000000000000002,2.8000000000000003,-1.2000000000000002,0.4
-0.0001968,0.4,0.4,0.4,0.4
-0.0001967,-0.4,0.4,0.4,1.2000000000000002
-0.0001966,0.4,2.0,1.2000000000000002,0.4
-0.0001965,0.4,4.4,-0.4,-0.4
-0.0001964,-2.0,2.0,1.2000000000000002,2.0
-0.0001963,-1.2000000000000002,2.0,2.8000000000000003,3.6
-0.0001962,-1.2000000000000002,-1.2000000000000002,-1.2000000000000002,-0.4
-0.0001961,0.4,2.8000000000000003,0.4,0.4
-0.00019600000000000002,-1.2000000000000002,2.8000000000000003,2.0,0.4
-0.00019590000000000002,-0.4,2.0,1.2000000000000002,-2.0
-0.00019580000000000002,-2.0,1.2000000000000002,1.2000000000000002,1.2000000000000002
-0.0001957,-3.6,-0.4,0.4,0.4
-0.0001956,0.4,1.2000000000000002,-0.4,0.4
-0.0001955,2.0,2.8000000000000003,1.2000000000000002,3.6
-0.0001954,0.4,2.8000000000000003,-0.4,1.2000000000000002
-0.0001953,0.4,1.2000000000000002,0.4,0.4
-0.0001952,1.2000000000000002,2.8000000000000003,0.4,-1.2000000000000002
-0.0001951,-1.2000000000000002,0.4,-0.4,-1.2000000000000002
-0.00019500000000000002,-0.4,-0.4,0.4,0.4
-0.00019490000000000002,1.2000000000000002,2.0,2.0,2.0
-0.00019480000000000002,-1.2000000000000002,1.2000000000000002,-2.0,2.0
-0.00019470000000000002,0.4,1.2000000000000002,2.0,2.0
-0.00019460000000000001,-0.4,0.4,-0.4,1.2000000000000002
-0.0001945,0.4,3.6,0.4,0.4
-0.0001944,-0.4,3.6,2.0,2.0
-0.0001943,1.2000000000000002,1.2000000000000002,3.6,2.0
-0.0001942,-1.2000000000000002,0.4,-0.4,0.4
-0.0001941,0.4,2.0,-0.4,-1.2000000000000002
-0.000194,0.4,2.0,-0.4,-0.4
-0.0001939,0.4,2.0,1.2000000000000002,0.4
-0.00019380000000000002,-2.0,2.0,-1.2000000000000002,-2.0
-0.00019370000000000002,-0.4,2.8000000000000003,2.0,1.2000000000000002
-0.00019360000000000002,0.4,0.4,-0.4,0.4
-0.00019350000000000001,-0.4,2.0,1.2000000000000002,-1.2000000000000002
-0.0001934,0.4,1.2000000000000002,2.0,0.4
-0.0001933,1.2000000000000002,1.2000000000000002,-1.2000000000000002,0.4
-0.0001932,0.4,3.6,3.6,0.4
-0.0001931,0.4,-1.2000000000000002,1.2000000000000002,2.0
-0.000193,-1.2000000000000002,2.8000000000000003,1.2000000000000002,-1.2000000000000002
-0.0001929,-0.4,-0.4,-0.4,0.4
-0.0001928,1.2000000000000002,2.0,2.0,1.2000000000000002
-0.00019270000000000002,-0.4,0.4,0.4,2.0
-0.00019260000000000002,-0.4,-0.4,1.2000000000000002,0.4
-0.00019250000000000002,-0.4,4.4,2.0,0.4
-0.00019240000000000001,0.4,2.0,-1.2000000000000002,0.4
-0.0001923,-1.2000000000000002,-0.4,3.6,-0.4
-0.0001922,-0.4,2.0,2.8000000000000003,0.4
-0.0001921,-0.4,2.8000000000000003,1.2000000000000002,-1.2000000000000002
-0.000192,-0.4,1.2000000000000002,-0.4,2.8000000000000003
-0.0001919,0.4,1.2000000000000002,0.4,2.0
-0.0001918,1.2000000000000002,2.8000000000000003,2.0,-1.2000000000000002
-0.0001917,-2.8000000000000003,2.0,1.2000000000000002,0.4
-0.00019160000000000002,-0.4,2.0,3.6,0.4
-0.00019150000000000002,0.4,1.2000000000000002,-2.8000000000000003,-1.2000000000000002
-0.00019140000000000002,-1.2000000000000002,1.2000000000000002,1.2000000000000002,2.0
-0.00019130000000000001,0.4,1.2000000000000002,1.2000000000000002,2.8000000000000003
-0.0001912,-1.2000000000000002,0.4,0.4,0.4
-0.0001911,-0.4,2.8000000000000003,-0.4,-2.0
-0.000191,0.4,6.0,0.4,0.4
-0.0001909,-0.4,3.6,2.8000000000000003,-0.4
-0.0001908,-0.4,2.0,2.0,2.0
-0.0001907,0.4,-0.4,0.4,1.2000000000000002
-0.0001906,1.2000000000000002,2.0,2.8000000000000003,-1.2000000000000002
-0.00019050000000000002,-0.4,1.2000000000000002,-0.4,-0.4
-0.00019040000000000002,1.2000000000000002,2.0,2.0,2.0
-0.00019030000000000002,-2.8000000000000003,0.4,1.2000000000000002,2.0
-0.00019020000000000002,-0.4,0.4,-0.4,0.4
-0.0001901,0.4,-1.2000000000000002,0.4,2.8000000000000003
-0.00019,1.2000000000000002,1.2000000000000002,0.4,2.8000000000000003
-0.0001899,0.4,0.4,-0.4,-0.4
-0.0001898,-0.4,-0.4,0.4,-0.4
-0.0001897,-0.4,-0.4,2.0,2.0
-0.0001896,-1.2000000000000002,-0.4,1.2000000000000002,0.4
-0.0001895,-0.4,2.0,1.2000000000000002,-2.8000000000000003
-0.0001894,-1.2000000000000002,2.0,2.8000000000000003,1.2000000000000002
-0.00018930000000000002,-1.2000000000000002,1.2000000000000002,2.0,1.2000000000000002
-0.00018920000000000002,-0.4,3.6,1.2000000000000002,0.4
-0.00018910000000000002,-0.4,-0.4,-2.0,1.2000000000000002
-0.000189,-0.4,0.4,1.2000000000000002,-0.4
-0.0001889,0.4,2.8000000000000003,2.0,1.2000000000000002
-0.0001888,-2.0,2.0,1.2000000000000002,0.4
-0.0001887,0.4,2.8000000000000003,0.4,2.0
-0.0001886,1.2000000000000002,4.4,0.4,2.0
-0.0001885,-0.4,0.4,-0.4,1.2000000000000002
-0.0001884,-2.0,1.2000000000000002,3.6,1.2000000000000002
-0.00018830000000000002,2.0,2.8000000000000003,-0.4,2.8000000000000003
-0.00018820000000000002,-2.8000000000000003,-0.4,2.0,1.2000000000000002
-0.00018810000000000002,-1.2000000000000002,2.0,1.2000000000000002,1.2000000000000002
-0.00018800000000000002,0.4,2.0,0.4,-2.0
-0.00018790000000000001,-1.2000000000000002,0.4,2.0,2.0
-0.0001878,0.4,2.0,2.8000000000000003,2.0
-0.0001877,-0.4,1.2000000000000002,1.2000000000000002,0.4
-0.0001876,1.2000000000000002,2.8000000000000003,-0.4,0.4
-0.0001875,-1.2000000000000002,2.0,1.2000000000000002,1.2000000000000002
-0.0001874,-0.4,-0.4,1.2000000000000002,-1.2000000000000002
-0.0001873,0.4,2.8000000000000003,-2.0,2.8000000000000003
-0.0001872,0.4,2.8000000000000003,1.2000000000000002,2.0
-0.00018710000000000002,0.4,0.4,-1.2000000000000002,2.0
-0.00018700000000000002,-2.8000000000000003,0.4,-0.4,-1.2000000000000002
-0.00018690000000000002,-0.4,1.2000000000000002,1.2000000000000002,0.4
-0.00018680000000000001,-1.2000000000000002,2.8000000000000003,-0.4,-1.2000000000000002
-0.0001867,-1.2000000000000002,2.0,2.0,-0.4
-0.0001866,0.4,3.6,-0.4,-1.2000000000000002
-0.0001865,1.2000000000000002,2.8000000000000003,0.4,-1.2000000000000002
-0.0001864,0.4,0.4,1.2000000000000002,0.4
-0.0001863,2.0,-1.2000000000000002,1.2000000000000002,2.0
-0.0001862,-0.4,1.2000000000000002,2.0,-2.0
-0.00018610000000000002,-2.0,0.4,1.2000000000000002,-0.4
-0.00018600000000000002,0.4,3.6,4.4,1.2000000000000002
-0.00018590000000000002,0.4,2.0,2.8000000000000003,0.4
-0.00018580000000000002,0.4,0.4,0.4,2.0
-0.00018570000000000001,-1.2000000000000002,1.2000000000000002,2.0,1.2000000000000002
-0.0001856,-1.2000000000000002,2.0,1.2000000000000002,0.4
-0.0001855,-1.2000000000000002,2.0,1.2000000000000002,1.2000000000000002
-0.0001854,-2.0,1.2000000000000002,2.0,0.4
-0.0001853,-0.4,-0.4,1.2000000000000002,0.4
-0.0001852,0.4,2.8000000000000003,1.2000000000000002,-1.2000000000000002
-0.0001851,0.4,2.8000000000000003,1.2000000000000002,-0.4
-0.000185,1.2000000000000002,1.2000000000000002,1.2000000000000002,-0.4
-0.00018490000000000002,1.2000000000000002,-0.4,2.8000000000000003,2.0
-0.00018480000000000002,-0.4,0.4,0.4,-0.4
-0.00018470000000000002,0.4,0.4,1.2000000000000002,0.4
-0.00018460000000000001,0.4,1.2000000000000002,0.4,0.4
-0.0001845,0.4,2.0,0.4,-0.4
-0.0001844,-1.2000000000000002,1.2000000000000002,-0.4,4.4
-0.0001843,-0.4,-1.2000000000000002,2.0,2.0
-0.0001842,-1.2000000000000002,3.6,0.4,-0.4
-0.0001841,2.0,-1.2000000000000002,1.2000000000000002,2.0
-0.000184,-2.0,3.6,-0.4,1.2000000000000002
-0.00018390000000000002,-0.4,2.8000000000000003,-1.2000000000000002,1.2000000000000002
-0.00018380000000000002,0.4,0.4,0.4,1.2000000000000002
-0.00018370000000000002,0.4,1.2000000000000002,-2.0,-0.4
-0.00018360000000000002,2.0,1.2000000000000002,1.2000000000000002,2.8000000000000003
-0.00018350000000000002,-2.0,2.8000000000000003,2.8000000000000003,-0.4
-0.0001834,1.2000000000000002,2.8000000000000003,1.2000000000000002,0.4
-0.0001833,1.2000000000000002,1.2000000000000002,2.0,0.4
-0.0001832,-1.2000000000000002,-0.4,2.0,-1.2000000000000002
-0.0001831,0.4,2.0,2.0,2.8000000000000003
-0.000183,-1.2000000000000002,-2.0,0.4,2.0
-0.0001829,0.4,-0.4,-1.2000000000000002,-0.4
-0.0001828,0.4,2.0,1.2000000000000002,-0.4
-0.0001827,0.4,2.0,0.4,2.0
-0.00018260000000000002,0.4,3.6,0.4,0.4
-0.00018250000000000002,-1.2000000000000002,1.2000000000000002,0.4,0.4
-0.00018240000000000002,0.4,2.0,2.8000000000000003,-0.4
-0.0001823,-0.4,2.8000000000000003,0.4,-2.8000000000000003
-0.0001822,-1.2000000000000002,-0.4,0.4,-1.2000000000000002
-0.0001821,-2.0,2.8000000000000003,-1.2000000000000002,1.2000000000000002
-0.000182,2.8000000000000003,2.0,2.0,-2.8000000000000003
-0.0001819,-2.0,2.8000000000000003,1.2000000000000002,0.4
-0.0001818,-0.4,2.0,-0.4,0.4
-0.00018170000000000003,-1.2000000000000002,2.0,0.4,-0.4
-0.00018160000000000002,-0.4,-0.4,-0.4,1.2000000000000002
-0.00018150000000000002,2.8000000000000003,2.8000000000000003,1.2000000000000002,2.8000000000000003
-0.00018140000000000002,1.2000000000000002,1.2000000000000002,1.2000000000000002,0.4
-0.00018130000000000002,-2.8000000000000003,1.2000000000000002,1.2000000000000002,1.2000000000000002
-0.0001812,-2.0,0.4,-0.4,1.2000000000000002
-0.0001811,0.4,2.0,-0.4,-1.2000000000000002
-0.000181,0.4,2.0,-0.4,0.4
-0.0001809,-1.2000000000000002,2.0,-2.0,-0.4
-0.0001808,0.4,0.4,2.0,0.4
-0.0001807,-0.4,3.6,-0.4,1.2000000000000002
-0.0001806,2.0,-0.4,2.0,0.4
-0.0001805,-0.4,1.2000000000000002,2.8000000000000003,0.4
-0.00018040000000000002,-1.2000000000000002,1.2000000000000002,2.0,-1.2000000000000002
-0.00018030000000000002,-0.4,0.4,-1.2000000000000002,-1.2000000000000002
-0.00018020000000000002,0.4,1.2000000000000002,-1.2000000000000002,0.4
-0.00018010000000000001,-1.2000000000000002,2.8000000000000003,0.4,0.4
-0.00018,0.4,1.2000000000000002,3.6,0.4
-0.0001799,0.4,2.8000000000000003,1.2000000000000002,1.2000000000000002
-0.0001798,-1.2000000000000002,2.0,2.8000000000000003,0.4
-0.0001797,-2.0,1.2000000000000002,0.4,3.6
-0.0001796,-1.2000000000000002,1.2000000000000002,1.2000000000000002,0.4
-0.0001795,-1.2000000000000002,0.4,1.2000000000000002,0.4
-0.00017940000000000002,-2.8000000000000003,2.8000000000000003,1.2000000000000002,0.4
-0.00017930000000000002,-0.4,2.8000000000000003,-2.8000000000000003,1.2000000000000002
-0.00017920000000000002,0.4,1.2000000000000002,2.8000000000000003,1.2000000000000002
-0.00017910000000000002,-0.4,0.4,3.6,0.4
-0.00017900000000000001,-0.4,2.8000000000000003,2.0,-0.4
-0.0001789,0.4,1.2000000000000002,-0.4,-1.2000000000000002
-0.0001788,0.4,2.8000000000000003,0.4,2.0
-0.0001787,1.2000000000000002,2.0,2.0,-0.4
-0.0001786,0.4,2.8000000000000003,0.4,2.0
-0.0001785,1.2000000000000002,3.6,-0.4,-0.4
-0.0001784,0.4,1.2000000000000002,3.6,0.4
-0.0001783,0.4,-0.4,-1.2000000000000002,2.0
-0.00017820000000000002,0.4,1.2000000000000002,0.4,1.2000000000000002
-0.00017810000000000002,1.2000000000000002,0.4,2.0,0.4
-0.00017800000000000002,-1.2000000000000002,2.0,0.4,-1.2000000000000002
-0.00017790000000000001,1.2000000000000002,2.8000000000000003,0.4,1.2000000000000002
-0.0001778,-2.0,2.0,2.0,1.2000000000000002
-0.0001777,-2.0,2.0,-0.4,-2.0
-0.0001776,1.2000000000000002,1.2000000000000002,0.4,0.4
-0.0001775,0.4,1.2000000000000002,-0.4,0.4
-0.0001774,0.4,-0.4,-0.4,-1.2000000000000002
-0.0001773,0.4,2.0,0.4,-1.2000000000000002
-0.00017720000000000002,2.0,0.4,2.0,-1.2000000000000002
-0.00017710000000000002,-2.0,2.8000000000000003,1.2000000000000002,0.4
-0.00017700000000000002,-0.4,-0.4,0.4,-1.2000000000000002
-0.00017690000000000002,0.4,3.6,1.2000000000000002,2.0
-0.00017680000000000001,-0.4,2.8000000000000003,0.4,-0.4
-0.0001767,0.4,-0.4,1.2000000000000002,1.2000000000000002
-0.0001766,-0.4,3.6,1.2000000000000002,2.0
-0.0001765,-2.0,-0.4,-0.4,0.4
-0.0001764,-1.2000000000000002,-1.2000000000000002,-1.2000000000000002,1.2000000000000002
-0.0001763,-1.2000000000000002,2.8000000000000003,1.2000000000000002,-0.4
-0.0001762,1.2000000000000002,2.0,1.2000000000000002,1.2000000000000002
-0.0001761,-0.4,1.2000000000000002,-1.2000000000000002,3.6
-0.000176,0.4,0.4,1.2000000000000002,1.2000000000000002
-0.00017590000000000002,-1.2000000000000002,2.0,0.4,0.4
-0.00017580000000000002,0.4,1.2000000000000002,2.0,1.2000000000000002
-0.00017570000000000002,1.2000000000000002,2.0,2.0,-1.2000000000000002
-0.0001756,-1.2000000000000002,-2.0,1.2000000000000002,0.4
-0.0001755,1.2000000000000002,0.4,-0.4,2.0
-0.0001754,-0.4,-0.4,-1.2000000000000002,2.0
-0.0001753,-1.2000000000000002,0.4,2.0,-1.2000000000000002
-0.0001752,1.2000000000000002,-0.4,-1.2000000000000002,-2.0
-0.0001751,1.2000000000000002,4.4,2.0,-0.4
-0.00017500000000000003,-1.2000000000000002,0.4,-1.2000000000000002,-0.4
-0.00017490000000000002,-1.2000000000000002,0.4,1.2000000000000002,-1.2000000000000002
-0.00017480000000000002,1.2000000000000002,-1.2000000000000002,-0.4,2.0
-0.00017470000000000002,-0.4,2.0,1.2000000000000002,1.2000000000000002
-0.00017460000000000002,0.4,2.8000000000000003,-0.4,3.6
-0.0001745,-1.2000000000000002,1.2000000000000002,-0.4,0.4
-0.0001744,-2.0,2.0,2.0,1.2000000000000002
-0.0001743,-0.4,2.8000000000000003,0.4,0.4
-0.0001742,-0.4,2.0,1.2000000000000002,2.0
-0.0001741,0.4,-1.2000000000000002,2.0,-1.2000000000000002
-0.000174,1.2000000000000002,2.8000000000000003,-0.4,1.2000000000000002
-0.0001739,1.2000000000000002,0.4,1.2000000000000002,1.2000000000000002
-0.0001738,0.4,1.2000000000000002,0.4,-0.4
-0.00017370000000000002,1.2000000000000002,-0.4,-0.4,1.2000000000000002
-0.00017360000000000002,-1.2000000000000002,2.0,1.2000000000000002,-2.8000000000000003
-0.00017350000000000002,-2.0,0.4,2.0,2.0
-0.0001734,0.4,-0.4,2.0,-1.2000000000000002
-0.0001733,-1.2000000000000002,1.2000000000000002,1.2000000000000002,0.4
-0.0001732,-1.2000000000000002,0.4,1.2000000000000002,1.2000000000000002
-0.0001731,-0.4,2.8000000000000003,2.0,1.2000000000000002
-0.000173,2.0,0.4,0.4,0.4
-0.0001729,-0.4,0.4,1.2000000000000002,1.2000000000000002
-0.00017280000000000003,0.4,2.8000000000000003,-0.4,0.4
-0.00017270000000000002,-0.4,0.4,2.8000000000000003,-1.2000000000000002
-0.00017260000000000002,1.2000000000000002,3.6,1.2000000000000002,1.2000000000000002
-0.00017250000000000002,0.4,0.4,1.2000000000000002,1.2000000000000002
-0.00017240000000000002,0.4,2.0,1.2000000000000002,-1.2000000000000002
-0.00017230000000000001,-0.4,1.2000000000000002,-0.4,0.4
-0.0001722,1.2000000000000002,2.8000000000000003,1.2000000000000002,3.6
-0.0001721,-1.2000000000000002,-0.4,-3.6,-1.2000000000000002
-0.000172,0.4,1.2000000000000002,2.8000000000000003,0.4
-0.0001719,0.4,1.2000000000000002,0.4,2.0
-0.0001718,1.2000000000000002,-0.4,-0.4,-2.8000000000000003
-0.0001717,2.8000000000000003,-0.4,0.4,-0.4
-0.0001716,0.4,-1.2000000000000002,0.4,2.0
-0.00017150000000000002,1.2000000000000002,2.8000000000000003,2.0,-1.2000000000000002
-0.00017140000000000002,2.8000000000000003,3.6,0.4,2.0
-0.00017130000000000002,0.4,0.4,-2.0,2.8000000000000003
-0.00017120000000000001,-0.4,2.0,-0.4,2.0
-0.0001711,0.4,0.4,-0.4,2.8000000000000003
-0.000171,0.4,1.2000000000000002,0.4,1.2000000000000002
-0.0001709,-1.2000000000000002,0.4,-1.2000000000000002,0.4
-0.0001708,-0.4,2.0,1.2000000000000002,0.4
-0.0001707,0.4,-0.4,2.0,-0.4
-0.0001706,-1.2000000000000002,-0.4,1.2000000000000002,-1.2000000000000002
-0.00017050000000000002,-0.4,2.0,-0.4,0.4
-0.00017040000000000002,0.4,2.0,1.2000000000000002,1.2000000000000002
-0.00017030000000000002,1.2000000000000002,0.4,-0.4,1.2000000000000002
-0.00017020000000000002,-1.2000000000000002,1.2000000000000002,2.8000000000000003,1.2000000000000002
-0.00017010000000000001,-1.2000000000000002,1.2000000000000002,1.2000000000000002,2.8000000000000003
-0.00017,1.2000000000000002,0.4,-0.4,0.4
-0.0001699,-0.4,3.6,2.0,0.4
-0.0001698,2.0,2.0,2.8000000000000003,0.4
-0.0001697,0.4,0.4,2.0,2.0
-0.0001696,2.0,0.4,1.2000000000000002,2.8000000000000003
-0.0001695,-1.2000000000000002,-1.2000000000000002,2.0,0.4
-0.0001694,-1.2000000000000002,1.2000000000000002,2.0,-0.4
-0.0001693,-2.0,-0.4,1.2000000000000002,2.0
-0.00016920000000000002,-1.2000000000000002,0.4,1.2000000000000002,-2.0
-0.00016910000000000002,-0.4,2.0,1.2000000000000002,1.2000000000000002
-0.00016900000000000002,0.4,-1.2000000000000002,1.2000000000000002,-2.0
-0.0001689,-1.2000000000000002,2.0,0.4,0.4
-0.0001688,-0.4,0.4,2.0,1.2000000000000002
-0.0001687,2.0,0.4,-0.4,0.4
-0.0001686,2.8000000000000003,1.2000000000000002,1.2000000000000002,0.4
-0.0001685,-1.2000000000000002,0.4,-1.2000000000000002,0.4
-0.00016840000000000003,-0.4,1.2000000000000002,0.4,1.2000000000000002
-0.00016830000000000003,-0.4,2.8000000000000003,-1.2000000000000002,-1.2000000000000002
-0.00016820000000000002,0.4,0.4,-1.2000000000000002,1.2000000000000002
-0.00016810000000000002,-1.2000000000000002,1.2000000000000002,1.2000000000000002,-1.2000000000000002
-0.00016800000000000002,0.4,0.4,-0.4,-0.4
-0.00016790000000000002,-2.8000000000000003,1.2000000000000002,1.2000000000000002,-0.4
-0.0001678,1.2000000000000002,0.4,-1.2000000000000002,2.0
-0.0001677,0.4,2.0,2.0,-0.4
-0.0001676,0.4,-2.0,1.2000000000000002,0.4
-0.0001675,-1.2000000000000002,2.0,1.2000000000000002,1.2000000000000002
-0.0001674,-0.4,2.0,2.8000000000000003,1.2000000000000002
-0.0001673,-0.4,2.8000000000000003,3.6,-2.0
-0.0001672,0.4,1.2000000000000002,1.2000000000000002,4.4
-0.0001671,-0.4,2.0,2.8000000000000003,0.4
-0.00016700000000000002,-2.8000000000000003,-0.4,2.0,1.2000000000000002
-0.00016690000000000002,2.0,0.4,-0.4,2.0
-0.00016680000000000002,0.4,0.4,-1.2000000000000002,-0.4
-0.0001667,-0.4,-0.4,2.8000000000000003,-2.0
-0.0001666,0.4,2.8000000000000003,1.2000000000000002,1.2000000000000002
-0.0001665,-1.2000000000000002,1.2000000000000002,1.2000000000000002,3.6
-0.0001664,-0.4,2.0,1.2000000000000002,2.8000000000000003
-0.0001663,0.4,-0.4,3.6,2.8000000000000003
-0.0001662,-0.4,0.4,0.4,-1.2000000000000002
-0.00016610000000000003,-0.4,2.0,0.4,1.2000000000000002
-0.00016600000000000002,-0.4,2.0,-0.4,2.8000000000000003
-0.00016590000000000002,-2.8000000000000003,2.8000000000000003,0.4,-1.2000000000000002
-0.00016580000000000002,-1.2000000000000002,2.8000000000000003,-0.4,-1.2000000000000002
-0.00016570000000000002,-0.4,-0.4,1.2000000000000002,-0.4
-0.00016560000000000001,0.4,0.4,-1.2000000000000002,-1.2000000000000002
-0.0001655,0.4,2.0,-1.2000000000000002,2.0
-0.0001654,2.0,3.6,-0.4,3.6
-0.0001653,0.4,1.2000000000000002,1.2000000000000002,2.0
-0.0001652,-2.0,1.2000000000000002,0.4,2.8000000000000003
-0.0001651,-0.4,1.2000000000000002,2.0,0.4
-0.000165,0.4,1.2000000000000002,1.2000000000000002,0.4
-0.0001649,-0.4,1.2000000000000002,0.4,1.2000000000000002
-0.0001648,0.4,1.2000000000000002,1.2000000000000002,-0.4
-0.00016470000000000002,-2.0,1.2000000000000002,1.2000000000000002,-0.4
-0.00016460000000000002,0.4,0.4,0.4,0.4
-0.00016450000000000001,0.4,0.4,2.8000000000000003,0.4
-0.0001644,-2.0,0.4,2.0,0.4
-0.0001643,-3.6,3.6,0.4,-1.2000000000000002
-0.0001642,0.4,-0.4,-1.2000000000000002,1.2000000000000002
-0.0001641,-2.0,-2.0,-0.4,2.0
-0.000164,-1.2000000000000002,-1.2000000000000002,2.0,-2.0
-0.00016390000000000003,-1.2000000000000002,2.0,-0.4,1.2000000000000002
-0.00016380000000000002,1.2000000000000002,1.2000000000000002,1.2000000000000002,2.0
-0.00016370000000000002,2.8000000000000003,1.2000000000000002,2.0,-1.2000000000000002
-0.00016360000000000002,-1.2000000000000002,0.4,1.2000000000000002,0.4
-0.00016350000000000002,-0.4,1.2000000000000002,0.4,0.4
-0.00016340000000000001,-1.2000000000000002,2.0,0.4,0.4
-0.0001633,1.2000000000000002,4.4,-1.2000000000000002,0.4
-0.0001632,1.2000000000000002,-2.0,-0.4,0.4
-0.0001631,-0.4,0.4,2.8000000000000003,1.2000000000000002
-0.000163,-1.2000000000000002,-0.4,-1.2000000000000002,1.2000000000000002
-0.0001629,0.4,0.4,0.4,1.2000000000000002
-0.0001628,0.4,0.4,1.2000000000000002,-2.8000000000000003
-0.0001627,0.4,1.2000000000000002,0.4,-1.2000000000000002
-0.0001626,-1.2000000000000002,3.6,-0.4,0.4
-0.00016250000000000002,-2.0,2.0,-1.2000000000000002,-0.4
-0.00016240000000000002,0.4,2.8000000000000003,1.2000000000000002,-0.4
-0.00016230000000000001,-0.4,0.4,1.2000000000000002,0.4
-0.0001622,2.0,-2.0,2.0,1.2000000000000002
-0.0001621,-2.0,-2.0,-1.2000000000000002,1.2000000000000002
-0.000162,-0.4,1.2000000000000002,0.4,1.2000000000000002
-0.0001619,0.4,1.2000000000000002,-0.4,1.2000000000000002
-0.0001618,-0.4,1.2000000000000002,0.4,0.4
-0.00016170000000000003,0.4,-0.4,1.2000000000000002,-1.2000000000000002
-0.00016160000000000002,2.0,2.0,2.0,2.8000000000000003
-0.00016150000000000002,-0.4,1.2000000000000002,0.4,-0.4
-0.00016140000000000002,-1.2000000000000002,0.4,0.4,1.2000000000000002
-0.00016130000000000002,2.0,2.0,2.0,0.4
-0.00016120000000000002,1.2000000000000002,1.2000000000000002,-0.4,0.4
-0.0001611,-0.4,0.4,1.2000000000000002,0.4
-0.000161,1.2000000000000002,2.0,-1.2000000000000002,1.2000000000000002
-0.0001609,-0.4,1.2000000000000002,-1.2000000000000002,-0.4
-0.0001608,0.4,2.0,-1.2000000000000002,0.4
-0.0001607,-0.4,0.4,-1.2000000000000002,0.4
-0.0001606,0.4,1.2000000000000002,2.8000000000000003,-0.4
-0.0001605,0.4,-1.2000000000000002,2.0,-1.2000000000000002
-0.0001604,1.2000000000000002,2.8000000000000003,-1.2000000000000002,-2.8000000000000003
-0.00016030000000000002,0.4,1.2000000000000002,1.2000000000000002,1.2000000000000002
-0.00016020000000000002,-1.2000000000000002,1.2000000000000002,-0.4,1.2000000000000002
-0.00016010000000000002,1.2000000000000002,1.2000000000000002,2.0,-2.0
-0.00016,0.4,2.0,0.4,-0.4
-0.0001599,2.0,1.2000000000000002,0.4,1.2000000000000002
-0.0001598,1.2000000000000002,-1.2000000000000002,2.0,-0.4
-0.0001597,0.4,0.4,0.4,-4.4
-0.0001596,2.0,2.0,-0.4,-2.0
-0.00015950000000000003,0.4,1.2000000000000002,-1.2000000000000002,-1.2000000000000002
-0.00015940000000000003,0.4,1.2000000000000002,2.0,-1.2000000000000002
-0.00015930000000000002,-0.4,2.0,1.2000000000000002,2.0
-0.00015920000000000002,-2.8000000000000003,-0.4,-0.4,0.4
-0.00015910000000000002,1.2000000000000002,1.2000000000000002,0.4,0.4
-0.00015900000000000002,0.4,5.2,0.4,0.4
-0.0001589,0.4,1.2000000000000002,1.2000000000000002,2.0
-0.0001588,-1.2000000000000002,0.4,2.0,-2.0
-0.0001587,-0.4,2.8000000000000003,3.6,-2.8000000000000003
-0.0001586,-1.2000000000000002,1.2000000000000002,4.4,-0.4
-0.0001585,-2.0,-0.4,2.0,2.0
-0.0001584,1.2000000000000002,2.0,0.4,4.4
-0.0001583,-2.8000000000000003,1.2000000000000002,1.2000000000000002,2.0
-0.0001582,0.4,1.2000000000000002,-0.4,1.2000000000000002
-0.00015810000000000002,0.4,2.0,2.0,2.0
-0.00015800000000000002,0.4,2.0,0.4,1.2000000000000002
-0.00015790000000000002,-0.4,1.2000000000000002,-1.2000000000000002,1.2000000000000002
-0.00015780000000000001,0.4,1.2000000000000002,1.2000000000000002,0.4
-0.0001577,0.4,0.4,0.4,2.0
-0.0001576,0.4,4.4,-1.2000000000000002,2.0
-0.0001575,1.2000000000000002,2.8000000000000003,1.2000000000000002,2.0
-0.0001574,1.2000000000000002,1.2000000000000002,1.2000000000000002,0.4
-0.0001573,-2.8000000000000003,0.4,-0.4,-0.4
-0.00015720000000000003,0.4,2.8000000000000003,2.0,0.4
-0.00015710000000000002,0.4,2.0,-0.4,-0.4
-0.00015700000000000002,0.4,2.8000000000000003,2.8000000000000003,2.0
-0.00015690000000000002,0.4,2.8000000000000003,2.8000000000000003,0.4
-0.00015680000000000002,1.2000000000000002,0.4,2.0,-1.2000000000000002
-0.00015670000000000001,-0.4,1.2000000000000002,0.4,0.4
-0.0001566,-1.2000000000000002,-0.4,1.2000000000000002,0.4
-0.0001565,0.4,1.2000000000000002,1.2000000000000002,2.0
-0.0001564,1.2000000000000002,0.4,1.2000000000000002,1.2000000000000002
-0.0001563,0.4,-2.0,0.4,2.0
-0.0001562,1.2000000000000002,2.8000000000000003,2.0,1.2000000000000002
-0.0001561,0.4,2.0,0.4,-0.4
-0.000156,1.2000000000000002,2.8000000000000003,0.4,-1.2000000000000002
-0.0001559,0.4,-2.0,0.4,1.2000000000000002
-0.00015580000000000002,-2.0,2.8000000000000003,-0.4,0.4
-0.00015570000000000002,2.0,2.8000000000000003,2.0,0.4
-0.00015560000000000001,-0.4,1.2000000000000002,3.6,1.2000000000000002
-0.0001555,0.4,-0.4,3.6,0.4
-0.0001554,2.0,0.4,0.4,0.4
-0.0001553,0.4,-0.4,0.4,0.4
-0.0001552,-0.4,0.4,-0.4,0.4
-0.0001551,-2.8000000000000003,1.2000000000000002,0.4,-0.4
-0.00015500000000000003,0.4,1.2000000000000002,1.2000000000000002,-0.4
-0.00015490000000000002,-1.2000000000000002,-1.2000000000000002,1.2000000000000002,1.2000000000000002
-0.00015480000000000002,0.4,2.8000000000000003,0.4,-1.2000000000000002
-0.00015470000000000002,1.2000000000000002,-0.4,2.0,-0.4
-0.00015460000000000002,1.2000000000000002,-0.4,0.4,-0.4
-0.00015450000000000001,-0.4,0.4,0.4,-1.2000000000000002
-0.0001544,-0.4,2.0,0.4,-0.4
-0.0001543,0.4,1.2000000000000002,2.8000000000000003,2.0
-0.0001542,-1.2000000000000002,2.0,-0.4,0.4
-0.0001541,1.2000000000000002,1.2000000000000002,2.8000000000000003,1.2000000000000002
-0.000154,2.0,0.4,-0.4,-0.4
-0.0001539,-0.4,1.2000000000000002,3.6,-1.2000000000000002
-0.0001538,1.2000000000000002,2.0,2.0,1.2000000000000002
-0.0001537,0.4,-1.2000000000000002,1.2000000000000002,2.0
-0.00015360000000000002,0.4,1.2000000000000002,-2.8000000000000003,-0.4
-0.00015350000000000002,2.0,2.0,1.2000000000000002,-0.4
-0.00015340000000000002,-0.4,1.2000000000000002,2.0,0.4
-0.0001533,-0.4,2.0,1.2000000000000002,-0.4
-0.0001532,0.4,0.4,-0.4,0.4
-0.0001531,0.4,0.4,-0.4,-1.2000000000000002
-0.000153,0.4,0.4,0.4,0.4
-0.0001529,2.0,-1.2000000000000002,1.2000000000000002,-1.2000000000000002
-0.00015280000000000003,0.4,-0.4,1.2000000000000002,1.2000000000000002
-0.00015270000000000003,-1.2000000000000002,2.0,3.6,-2.0
-0.00015260000000000002,0.4,-0.4,1.2000000000000002,-0.4
-0.00015250000000000002,0.4,1.2000000000000002,1.2000000000000002,-1.2000000000000002
-0.00015240000000000002,1.2000000000000002,3.6,-0.4,2.8000000000000003
-0.00015230000000000002,0.4,1.2000000000000002,1.2000000000000002,1.2000000000000002
-0.0001522,-0.4,-0.4,1.2000000000000002,0.4
-0.0001521,1.2000000000000002,-0.4,1.2000000000000002,0.4
-0.000152,0.4,1.2000000000000002,-0.4,-2.8000000000000003
-0.0001519,1.2000000000000002,3.6,1.2000000000000002,2.8000000000000003
-0.0001518,0.4,1.2000000000000002,2.0,0.4
-0.0001517,-0.4,1.2000000000000002,-0.4,1.2000000000000002
-0.0001516,1.2000000000000002,1.2000000000000002,0.4,-1.2000000000000002
-0.0001515,0.4,1.2000000000000002,2.0,2.0
-0.00015140000000000002,0.4,2.0,-0.4,1.2000000000000002
-0.00015130000000000002,1.2000000000000002,1.2000000000000002,1.2000000000000002,2.0
-0.00015120000000000002,0.4,-0.4,0.4,0.4
-0.00015110000000000001,2.0,0.4,0.4,2.0
-0.000151,0.4,-0.4,-0.4,1.2000000000000002
-0.0001509,0.4,2.0,2.0,2.0
-0.0001508,0.4,-0.4,1.2000000000000002,0.4
-0.0001507,0.4,0.4,2.8000000000000003,2.0
-0.00015060000000000003,1.2000000000000002,-0.4,3.6,2.0
-0.00015050000000000003,0.4,2.0,-2.0,0.4
-0.00015040000000000002,-2.8000000000000003,1.2000000000000002,0.4,-0.4
-0.00015030000000000002,-1.2000000000000002,-0.4,1.2000000000000002,1.2000000000000002
-0.00015020000000000002,1.2000000000000002,1.2000000000000002,3.6,1.2000000000000002
-0.00015010000000000002,-0.4,0.4,1.2000000000000002,-1.2000000000000002
-0.00015000000000000001,2.8000000000000003,-0.4,4.4,0.4
-0.0001499,-2.0,1.2000000000000002,0.4,0.4
-0.0001498,0.4,0.4,0.4,2.0
-0.0001497,-2.8000000000000003,2.0,-0.4,-0.4
-0.0001496,-1.2000000000000002,2.0,0.4,2.8000000000000003
-0.0001495,-0.4,-0.4,0.4,0.4
-0.0001494,0.4,1.2000000000000002,2.0,-2.0
-0.0001493,-0.4,2.0,-0.4,1.2000000000000002
-0.00014920000000000002,0.4,0.4,-0.4,0.4
-0.00014910000000000002,1.2000000000000002,2.0,-1.2000000000000002,-0.4
-0.00014900000000000002,0.4,2.8000000000000003,1.2000000000000002,1.2000000000000002
-0.00014890000000000001,-1.2000000000000002,0.4,-0.4,2.0
-0.0001488,-1.2000000000000002,1.2000000000000002,-0.4,2.0
-0.0001487,0.4,1.2000000000000002,1.2000000000000002,1.2000000000000002
-0.0001486,1.2000000000000002,0.4,0.4,0.4
-0.0001485,-0.4,2.0,-0.4,-2.0
-0.0001484,1.2000000000000002,0.4,0.4,2.8000000000000003
-0.00014830000000000003,1.2000000000000002,1.2000000000000002,1.2000000000000002,1.2000000000000002
-0.00014820000000000002,-2.0,2.0,2.0,-0.4
-0.00014810000000000002,0.4,2.0,1.2000000000000002,0.4
-0.00014800000000000002,-0.4,-0.4,-0.4,-0.4
-0.00014790000000000002,0.4,1.2000000000000002,1.2000000000000002,0.4
-0.00014780000000000001,2.0,2.0,-0.4,0.4
-0.0001477,0.4,0.4,0.4,2.8000000000000003
-0.0001476,1.2000000000000002,0.4,0.4,2.8000000000000003
-0.0001475,0.4,1.2000000000000002,1.2000000000000002,1.2000000000000002
-0.0001474,-2.0,0.4,1.2000000000000002,0.4
-0.0001473,-2.0,2.8000000000000003,2.0,-1.2000000000000002
-0.0001472,0.4,2.0,2.0,-0.4
-0.0001471,1.2000000000000002,2.0,1.2000000000000002,-1.2000000000000002
-0.000147,0.4,-0.4,1.2000000000000002,2.0
-0.00014690000000000002,-0.4,2.0,-1.2000000000000002,0.4
-0.00014680000000000002,-1.2000000000000002,1.2000000000000002,-0.4,2.0
-0.00014670000000000002,-0.4,1.2000000000000002,0.4,0.4
-0.0001466,1.2000000000000002,2.8000000000000003,-0.4,-1.2000000000000002
-0.0001465,-0.4,0.4,-0.4,0.4
-0.0001464,-2.0,1.2000000000000002,2.0,2.0
-0.0001463,1.2000000000000002,2.0,2.0,1.2000000000000002
-0.0001462,-1.2000000000000002,1.2000000000000002,0.4,0.4
-0.00014610000000000003,-0.4,0.4,0.4,0.4
-0.00014600000000000003,-1.2000000000000002,4.4,1.2000000000000002,0.4
-0.00014590000000000002,-0.4,1.2000000000000002,2.8000000000000003,0.4
-0.00014580000000000002,0.4,2.0,-2.8000000000000003,2.0
-0.00014570000000000002,-0.4,1.2000000000000002,1.2000000000000002,0.4
-0.00014560000000000002,1.2000000000000002,0.4,1.2000000000000002,-0.4
-0.0001455,0.4,3.6,1.2000000000000002,0.4
-0.0001454,2.0,2.0,1.2000000000000002,-2.8000000000000003
-0.0001453,-0.4,1.2000000000000002,1.2000000000000002,1.2000000000000002
-0.0001452,1.2000000000000002,1.2000000000000002,1.2000000000000002,-2.0
-0.0001451,2.0,1.2000000000000002,1.2000000000000002,2.0
-0.000145,0.4,2.8000000000000003,2.8000000000000003,-1.2000000000000002
-0.0001449,-1.2000000000000002,1.2000000000000002,1.2000000000000002,1.2000000000000002
-0.0001448,-1.2000000000000002,-0.4,1.2000000000000002,1.2000000000000002
-0.00014470000000000002,-0.4,1.2000000000000002,0.4,-0.4
-0.00014460000000000002,1.2000000000000002,-0.4,2.0,-0.4
-0.00014450000000000002,-0.4,0.4,-0.4,2.0
-0.0001444,0.4,2.0,-0.4,2.8000000000000003
-0.0001443,-1.2000000000000002,0.4,-1.2000000000000002,1.2000000000000002
-0.0001442,-2.0,1.2000000000000002,2.0,1.2000000000000002
-0.0001441,-0.4,0.4,0.4,-1.2000000000000002
-0.000144,0.4,0.4,1.2000000000000002,3.6
-0.00014390000000000003,1.2000000000000002,1.2000000000000002,0.4,1.2000000000000002
-0.00014380000000000003,1.2000000000000002,0.4,0.4,0.4
-0.00014370000000000002,-2.0,2.0,0.4,0.4
-0.00014360000000000002,2.8000000000000003,1.2000000000000002,2.8000000000000003,2.0
-0.00014350000000000002,-1.2000000000000002,-0.4,1.2000000000000002,-1.2000000000000002
-0.00014340000000000002,-1.2000000000000002,2.0,-1.2000000000000002,-0.4
-0.00014330000000000001,-0.4,1.2000000000000002,0.4,2.0
-0.0001432,0.4,-0.4,0.4,-0.4
-0.0001431,-0.4,1.2000000000000002,-2.0,1.2000000000000002
-0.000143,-0.4,3.6,-0.4,1.2000000000000002
-0.0001429,0.4,-1.2000000000000002,1.2000000000000002,0.4
-0.0001428,0.4,1.2000000000000002,-2.0,-2.0
-0.0001427,1.2000000000000002,2.0,2.0,2.0
-0.0001426,0.4,1.2000000000000002,2.8000000000000003,2.8000000000000003
-0.00014250000000000002,-0.4,1.2000000000000002,-1.2000000000000002,-0.4
-0.00014240000000000002,-0.4,-0.4,2.0,0.4
-0.00014230000000000002,1.2000000000000002,1.2000000000000002,-0.4,2.0
-0.00014220000000000001,1.2000000000000002,2.8000000000000003,-0.4,1.2000000000000002
-0.0001421,0.4,2.8000000000000003,0.4,1.2000000000000002
-0.000142,-2.0,1.2000000000000002,0.4,-1.2000000000000002
-0.0001419,-1.2000000000000002,3.6,3.6,1.2000000000000002
-0.0001418,0.4,2.0,1.2000000000000002,2.0
-0.00014170000000000003,1.2000000000000002,-1.2000000000000002,1.2000000000000002,-1.2000000000000002
-0.00014160000000000003,-2.0,0.4,1.2000000000000002,0.4
-0.00014150000000000002,1.2000000000000002,1.2000000000000002,2.0,-0.4
-0.00014140000000000002,1.2000000000000002,2.0,0.4,1.2000000000000002
-0.00014130000000000002,-0.4,0.4,1.2000000000000002,1.2000000000000002
-0.00014120000000000002,0.4,1.2000000000000002,-1.2000000000000002,-0.4
-0.00014110000000000001,-1.2000000000000002,-1.2000000000000002,2.0,1.2000000000000002
-0.000141,1.2000000000000002,-0.4,2.8000000000000003,-0.4
-0.0001409,-1.2000000000000002,1.2000000000000002,2.0,0.4
-0.0001408,0.4,0.4,0.4,-0.4
-0.0001407,-0.4,2.0,1.2000000000000002,-0.4
-0.0001406,-1.2000000000000002,-2.0,1.2000000000000002,-0.4
-0.0001405,-1.2000000000000002,0.4,1.2000000000000002,-1.2000000000000002
-0.0001404,0.4,0.4,-1.2000000000000002,0.4
-0.00014030000000000002,1.2000000000000002,1.2000000000000002,0.4,-0.4
-0.00014020000000000002,0.4,1.2000000000000002,0.4,2.8000000000000003
-0.00014010000000000002,-2.0,1.2000000000000002,1.2000000000000002,1.2000000000000002
-0.00014000000000000001,1.2000000000000002,-0.4,3.6,-1.2000000000000002
-0.0001399,1.2000000000000002,0.4,-1.2000000000000002,2.0
-0.0001398,1.2000000000000002,-0.4,1.2000000000000002,-2.0
-0.0001397,-0.4,1.2000000000000002,2.0,0.4
-0.0001396,0.4,2.0,1.2000000000000002,0.4
-0.0001395,0.4,2.0,-1.2000000000000002,-0.4
-0.00013940000000000003,-1.2000000000000002,-1.2000000000000002,2.0,2.8000000000000003
-0.00013930000000000002,0.4,3.6,0.4,-1.2000000000000002
-0.00013920000000000002,-0.4,1.2000000000000002,2.0,0.4
-0.00013910000000000002,-2.0,0.4,0.4,0.4
-0.00013900000000000002,0.4,-0.4,2.0,-2.8000000000000003
-0.00013890000000000002,0.4,2.0,0.4,1.2000000000000002
-0.0001388,-0.4,2.0,1.2000000000000002,1.2000000000000002
-0.0001387,-0.4,0.4,1.2000000000000002,2.0
-0.0001386,0.4,-0.4,1.2000000000000002,0.4
-0.0001385,0.4,1.2000000000000002,1.2000000000000002,-0.4
-0.0001384,-2.8000000000000003,-2.0,2.0,0.4
-0.0001383,-0.4,1.2000000000000002,2.0,0.4
-0.0001382,1.2000000000000002,2.8000000000000003,0.4,0.4
-0.0001381,-3.6,0.4,2.0,1.2000000000000002
-0.000138,-2.0,0.4,0.4,2.0
-0.00013790000000000002,-0.4,1.2000000000000002,-2.8000000000000003,1.2000000000000002
-0.00013780000000000002,-1.2000000000000002,2.0,1.2000000000000002,-0.4
-0.0001377,0.4,2.8000000000000003,2.8000000000000003,-1.2000000000000002
-0.0001376,0.4,-1.2000000000000002,0.4,-1.2000000000000002
-0.0001375,0.4,2.8000000000000003,3.6,-1.2000000000000002
-0.0001374,0.4,-1.2000000000000002,-1.2000000000000002,0.4
-0.00013730000000000003,-0.4,2.8000000000000003,2.0,-0.4
-0.00013720000000000003,0.4,1.2000000000000002,-0.4,2.8000000000000003
-0.00013710000000000003,0.4,1.2000000000000002,1.2000000000000002,-0.4
-0.00013700000000000002,0.4,0.4,0.4,1.2000000000000002
-0.00013690000000000002,-2.0,2.0,0.4,-0.4
-0.00013680000000000002,-1.2000000000000002,2.0,1.2000000000000002,0.4
-0.00013670000000000002,0.4,1.2000000000000002,0.4,-0.4
-0.0001366,-0.4,2.0,-0.4,0.4
-0.0001365,-1.2000000000000002,2.8000000000000003,0.4,1.2000000000000002
-0.0001364,0.4,1.2000000000000002,2.0,-1.2000000000000002
-0.0001363,1.2000000000000002,1.2000000000000002,1.2000000000000002,1.2000000000000002
-0.0001362,-0.4,0.4,2.0,-1.2000000000000002
-0.0001361,0.4,2.8000000000000003,1.2000000000000002,-0.4
-0.000136,0.4,4.4,1.2000000000000002,0.4
-0.0001359,-1.2000000000000002,1.2000000000000002,1.2000000000000002,-0.4
-0.0001358,-0.4,1.2000000000000002,1.2000000000000002,1.2000000000000002
-0.00013570000000000002,-0.4,0.4,2.0,0.4
-0.00013560000000000002,-0.4,3.6,2.0,-0.4
-0.00013550000000000001,-0.4,-0.4,0.4,0.4
-0.0001354,2.0,4.4,2.0,0.4
-0.0001353,-0.4,2.8000000000000003,-0.4,0.4
-0.0001352,0.4,0.4,1.2000000000000002,1.2000000000000002
-0.00013510000000000003,0.4,1.2000000000000002,-0.4,-0.4
-0.00013500000000000003,-1.2000000000000002,2.0,2.0,2.0
-0.00013490000000000003,-0.4,1.2000000000000002,-0.4,1.2000000000000002
-0.00013480000000000002,1.2000000000000002,2.0,0.4,2.0
-0.00013470000000000002,1.2000000000000002,2.0,1.2000000000000002,1.2000000000000002
-0.00013460000000000002,-2.0,4.4,2.0,0.4
-0.00013450000000000002,1.2000000000000002,0.4,0.4,-0.4
-0.00013440000000000001,-1.2000000000000002,2.0,2.8000000000000003,-0.4
-0.0001343,0.4,2.0,-0.4,-2.0
-0.0001342,0.4,-0.4,1.2000000000000002,-1.2000000000000002
-0.0001341,3.6,1.2000000000000002,-2.0,0.4
-0.000134,-0.4,-1.2000000000000002,1.2000000000000002,0.4
-0.0001339,-1.2000000000000002,2.0,2.8000000000000003,-0.4
-0.0001338,0.4,1.2000000000000002,2.8000000000000003,-0.4
-0.0001337,2.0,2.0,1.2000000000000002,-0.4
-0.0001336,0.4,0.4,2.8000000000000003,-0.4
-0.0001335,2.0,1.2000000000000002,2.0,-0.4
-0.00013340000000000002,-1.2000000000000002,1.2000000000000002,-1.2000000000000002,0.4
-0.00013330000000000001,-0.4,1.2000000000000002,0.4,1.2000000000000002
-0.0001332,0.4,-0.4,-1.2000000000000002,1.2000000000000002
-0.0001331,-1.2000000000000002,2.0,-0.4,1.2000000000000002
-0.000133,2.0,2.0,0.4,1.2000000000000002
-0.00013290000000000003,-2.8000000000000003,2.0,1.2000000000000002,-1.2000000000000002
-0.00013280000000000003,1.2000000000000002,0.4,-0.4,2.0
-0.00013270000000000003,0.4,-0.4,0.4,0.4
-0.00013260000000000002,-0.4,1.2000000000000002,0.4,1.2000000000000002
-0.00013250000000000002,-0.4,-2.0,0.4,1.2000000000000002
-0.00013240000000000002,0.4,2.8000000000000003,2.0,-0.4
-0.00013230000000000002,-0.4,0.4,-1.2000000000000002,1.2000000000000002
-0.00013220000000000001,-0.4,1.2000000000000002,-0.4,2.0
-0.0001321,1.2000000000000002,2.0,2.0,0.4
-0.000132,0.4,2.0,1.2000000000000002,2.0
-0.0001319,2.0,0.4,-0.4,0.4
-0.0001318,0.4,1.2000000000000002,1.2000000000000002,0.4
-0.0001317,0.4,-2.0,2.0,2.0
-0.0001316,1.2000000000000002,1.2000000000000002,2.8000000000000003,-0.4
-0.0001315,-2.0,-0.4,0.4,0.4
-0.0001314,0.4,1.2000000000000002,2.8000000000000003,-0.4
-0.0001313,0.4,1.2000000000000002,0.4,0.4
-0.00013120000000000002,1.2000000000000002,1.2000000000000002,1.2000000000000002,2.0
-0.00013110000000000002,1.2000000000000002,2.8000000000000003,3.6,1.2000000000000002
-0.000131,-0.4,-0.4,0.4,2.8000000000000003
-0.0001309,1.2000000000000002,3.6,2.0,-0.4
-0.0001308,0.4,-1.2000000000000002,-0.4,-2.0
-0.00013070000000000003,1.2000000000000002,1.2000000000000002,0.4,2.8000000000000003
-0.00013060000000000003,1.2000000000000002,0.4,0.4,0.4
-0.00013050000000000003,-2.8000000000000003,0.4,2.0,2.0
-0.00013040000000000003,-0.4,-0.4,0.4,2.0
-0.00013030000000000002,-1.2000000000000002,-0.4,1.2000000000000002,3.6
-0.00013020000000000002,-0.4,1.2000000000000002,2.8000000000000003,1.2000000000000002
-0.00013010000000000002,0.4,1.2000000000000002,2.0,0.4
-0.00013000000000000002,0.4,2.8000000000000003,0.4,-0.4
-0.0001299,-1.2000000000000002,0.4,-1.2000000000000002,0.4
-0.0001298,-1.2000000000000002,-0.4,-3.6,1.2000000000000002
-0.0001297,0.4,1.2000000000000002,2.0,-2.0
-0.0001296,0.4,2.0,0.4,-2.0
-0.0001295,0.4,2.0,0.4,-2.0
-0.0001294,0.4,-1.2000000000000002,0.4,1.2000000000000002
-0.0001293,-0.4,0.4,2.0,0.4
-0.0001292,-0.4,0.4,1.2000000000000002,1.2000000000000002
-0.0001291,-0.4,-0.4,-0.4,-2.8000000000000003
-0.00012900000000000002,0.4,2.0,0.4,-1.2000000000000002
-0.00012890000000000002,0.4,1.2000000000000002,3.6,-0.4
-0.00012880000000000001,0.4,2.0,0.4,2.8000000000000003
-0.0001287,-0.4,2.0,1.2000000000000002,0.4
-0.0001286,0.4,-1.2000000000000002,1.2000000000000002,1.2000000000000002
-0.0001285,0.4,1.2000000000000002,1.2000000000000002,1.2000000000000002
-0.00012840000000000003,-0.4,0.4,1.2000000000000002,2.0
-0.00012830000000000003,0.4,2.0,-1.2000000000000002,2.0
-0.00012820000000000003,-0.4,2.8000000000000003,1.2000000000000002,0.4
-0.00012810000000000002,1.2000000000000002,-0.4,2.0,0.4
-0.00012800000000000002,-2.8000000000000003,0.4,-0.4,0.4
-0.00012790000000000002,0.4,0.4,1.2000000000000002,1.2000000000000002
-0.00012780000000000002,0.4,1.2000000000000002,2.0,0.4
-0.00012770000000000001,0.4,3.6,-0.4,1.2000000000000002
-0.0001276,0.4,-0.4,-0.4,2.0
-0.0001275,-1.2000000000000002,2.0,1.2000000000000002,2.0
-0.0001274,0.4,2.0,-1.2000000000000002,0.4
-0.0001273,-1.2000000000000002,0.4,0.4,-0.4
-0.0001272,0.4,0.4,1.2000000000000002,-0.4
-0.0001271,1.2000000000000002,1.2000000000000002,2.0,0.4
-0.000127,-2.0,1.2000000000000002,0.4,1.2000000000000002
-0.0001269,0.4,2.0,2.0,0.4
-0.00012680000000000002,-0.4,2.8000000000000003,-0.4,2.8000000000000003
-0.00012670000000000002,1.2000000000000002,-1.2000000000000002,0.4,2.0
-0.00012660000000000001,0.4,0.4,0.4,1.2000000000000002
-0.0001265,-0.4,1.2000000000000002,2.8000000000000003,-1.2000000000000002
-0.0001264,1.2000000000000002,1.2000000000000002,2.8000000000000003,0.4
-0.0001263,-0.4,0.4,-0.4,-1.2000000000000002
-0.00012620000000000003,1.2000000000000002,0.4,0.4,-0.4
-0.00012610000000000003,-0.4,0.4,3.6,-0.4
-0.00012600000000000003,-0.4,2.8000000000000003,2.0,1.2000000000000002
-0.00012590000000000002,-1.2000000000000002,2.8000000000000003,-0.4,1.2000000000000002
-0.00012580000000000002,0.4,0.4,0.4,0.4
-0.00012570000000000002,0.4,2.8000000000000003,2.8000000000000003,1.2000000000000002
-0.00012560000000000002,-3.6,0.4,0.4,2.0
-0.00012550000000000001,-1.2000000000000002,2.0,1.2000000000000002,2.0
-0.0001254,0.4,-0.4,1.2000000000000002,-1.2000000000000002
-0.0001253,-0.4,4.4,1.2000000000000002,-1.2000000000000002
-0.0001252,-0.4,1.2000000000000002,-1.2000000000000002,2.8000000000000003
-0.0001251,0.4,0.4,1.2000000000000002,-1.2000000000000002
-0.000125,0.4,2.8000000000000003,0.4,2.0
-0.0001249,0.4,0.4,-1.2000000000000002,0.4
-0.0001248,-2.0,2.8000000000000003,-1.2000000000000002,-0.4
-0.0001247,0.4,0.4,1.2000000000000002,0.4
-0.0001246,-0.4,1.2000000000000002,-1.2000000000000002,-0.4
-0.00012450000000000002,-1.2000000000000002,0.4,0.4,2.8000000000000003
-0.00012440000000000002,-0.4,2.8000000000000003,0.4,0.4
-0.0001243,0.4,-0.4,2.8000000000000003,0.4
-0.0001242,0.4,0.4,1.2000000000000002,2.0
-0.0001241,0.4,1.2000000000000002,2.0,-0.4
-0.00012400000000000003,-0.4,1.2000000000000002,1.2000000000000002,0.4
-0.00012390000000000003,0.4,-1.2000000000000002,-0.4,0.4
-0.00012380000000000003,1.2000000000000002,1.2000000000000002,-0.4,2.0
-0.00012370000000000003,0.4,2.0,0.4,0.4
-0.00012360000000000002,0.4,0.4,2.0,2.0
-0.00012350000000000002,0.4,-0.4,2.0,-2.8000000000000003
-0.00012340000000000002,2.0,0.4,2.0,0.4
-0.00012330000000000002,-2.8000000000000003,2.8000000000000003,0.4,-1.2000000000000002
-0.0001232,1.2000000000000002,0.4,1.2000000000000002,-0.4
-0.0001231,0.4,2.0,1.2000000000000002,-1.2000000000000002
-0.000123,0.4,3.6,-1.2000000000000002,-2.0
-0.0001229,0.4,-0.4,1.2000000000000002,-0.4
-0.0001228,2.0,1.2000000000000002,0.4,-0.4
-0.0001227,0.4,1.2000000000000002,0.4,0.4
-0.0001226,-2.8000000000000003,2.8000000000000003,2.8000000000000003,-0.4
-0.0001225,-0.4,1.2000000000000002,1.2000000000000002,-2.0
-0.0001224,0.4,-0.4,-0.4,-0.4
-0.00012230000000000002,-0.4,-0.4,1.2000000000000002,-0.4
-0.00012220000000000002,2.0,2.0,0.4,0.4
-0.0001221,0.4,2.0,-0.4,0.4
-0.00012200000000000001,0.4,0.4,2.0,-0.4
-0.00012190000000000001,-2.0,3.6,3.6,2.0
-0.00012180000000000002,-0.4,2.8000000000000003,2.0,1.2000000000000002
-0.00012170000000000002,1.2000000000000002,2.0,0.4,-2.0
-0.00012160000000000001,-1.2000000000000002,3.6,1.2000000000000002,-2.8000000000000003
-0.00012150000000000001,0.4,1.2000000000000002,0.4,2.0
-0.00012140000000000001,0.4,2.0,2.8000000000000003,-0.4
-0.00012130000000000001,-1.2000000000000002,0.4,4.4,-2.8000000000000003
-0.00012120000000000002,2.0,0.4,1.2000000000000002,1.2000000000000002
-0.00012110000000000002,-0.4,0.4,-2.8000000000000003,-1.2000000000000002
-0.00012100000000000001,-1.2000000000000002,0.4,2.0,4.4
-0.00012090000000000001,0.4,-0.4,0.4,0.4
-0.00012080000000000001,-0.4,3.6,0.4,-0.4
-0.0001207,1.2000000000000002,3.6,1.2000000000000002,1.2000000000000002
-0.00012060000000000002,-1.2000000000000002,2.8000000000000003,-2.0,0.4
-0.00012050000000000002,-0.4,2.0,1.2000000000000002,2.0
-0.00012040000000000001,1.2000000000000002,2.0,-0.4,-1.2000000000000002
-0.00012030000000000001,-1.2000000000000002,1.2000000000000002,1.2000000000000002,-0.4
-0.00012020000000000001,0.4,2.8000000000000003,0.4,1.2000000000000002
-0.00012010000000000002,-0.4,0.4,1.2000000000000002,2.0
-0.00012000000000000002,-2.0,1.2000000000000002,1.2000000000000002,-0.4
-0.00011990000000000001,-0.4,-0.4,-1.2000000000000002,2.0
-0.00011980000000000001,2.0,0.4,2.8000000000000003,2.0
-0.00011970000000000001,2.8000000000000003,0.4,2.0,2.0
-0.00011960000000000001,-4.4,1.2000000000000002,1.2000000000000002,0.4
-0.00011950000000000002,0.4,0.4,1.2000000000000002,1.2000000000000002
-0.00011940000000000002,1.2000000000000002,2.8000000000000003,-2.8000000000000003,-2.0
-0.00011930000000000001,1.2000000000000002,2.0,-1.2000000000000002,0.4
-0.00011920000000000001,-2.8000000000000003,0.4,1.2000000000000002,1.2000000000000002
-0.00011910000000000001,1.2000000000000002,2.8000000000000003,2.0,-2.0
-0.00011900000000000002,-2.8000000000000003,-0.4,3.6,0.4
-0.00011890000000000002,1.2000000000000002,-1.2000000000000002,1.2000000000000002,0.4
-0.00011880000000000001,1.2000000000000002,1.2000000000000002,0.4,1.2000000000000002
-0.00011870000000000001,0.4,2.8000000000000003,2.0,1.2000000000000002
-0.00011860000000000001,-0.4,0.4,2.8000000000000003,0.4
-0.00011850000000000001,0.4,3.6,-0.4,0.4
-0.00011840000000000002,-0.4,0.4,1.2000000000000002,1.2000000000000002
-0.00011830000000000002,0.4,0.4,2.0,0.4
-0.00011820000000000001,0.4,-1.2000000000000002,2.0,1.2000000000000002
-0.00011810000000000001,-0.4,0.4,2.0,0.4
-0.00011800000000000001,1.2000000000000002,0.4,2.0,-1.2000000000000002
-0.00011790000000000002,0.4,-0.4,2.0,-0.4
-0.00011780000000000002,-0.4,0.4,1.2000000000000002,2.0
-0.00011770000000000001,-1.2000000000000002,0.4,0.4,1.2000000000000002
-0.00011760000000000001,0.4,1.2000000000000002,-2.0,1.2000000000000002
-0.00011750000000000001,-1.2000000000000002,3.6,2.0,0.4
-0.00011740000000000001,-0.4,2.0,0.4,0.4
-0.00011730000000000002,0.4,2.0,-0.4,1.2000000000000002
-0.00011720000000000002,-1.2000000000000002,3.6,1.2000000000000002,-0.4
-0.00011710000000000001,0.4,1.2000000000000002,-0.4,-0.4
-0.00011700000000000001,-0.4,1.2000000000000002,0.4,0.4
-0.00011690000000000001,0.4,0.4,0.4,2.8000000000000003
-0.00011680000000000002,0.4,-0.4,-2.0,1.2000000000000002
-0.00011670000000000002,1.2000000000000002,2.8000000000000003,0.4,0.4
-0.00011660000000000002,0.4,2.8000000000000003,2.0,-0.4
-0.00011650000000000001,-0.4,1.2000000000000002,-0.4,1.2000000000000002
-0.00011640000000000001,-0.4,2.0,-0.4,-1.2000000000000002
-0.00011630000000000001,-0.4,0.4,2.0,-0.4
-0.00011620000000000002,1.2000000000000002,-1.2000000000000002,0.4,2.8000000000000003
-0.00011610000000000002,-1.2000000000000002,-0.4,0.4,-0.4
-0.00011600000000000001,-1.2000000000000002,1.2000000000000002,1.2000000000000002,0.4
-0.00011590000000000001,-1.2000000000000002,0.4,-0.4,1.2000000000000002
-0.00011580000000000001,-0.4,0.4,3.6,2.0
-0.00011570000000000001,-2.0,2.8000000000000003,2.8000000000000003,0.4
-0.00011560000000000002,0.4,1.2000000000000002,0.4,3.6
-0.00011550000000000002,1.2000000000000002,-0.4,2.8000000000000003,-0.4
-0.00011540000000000001,0.4,2.0,1.2000000000000002,2.8000000000000003
-0.00011530000000000001,0.4,0.4,2.8000000000000003,2.0
-0.00011520000000000001,-0.4,0.4,0.4,1.2000000000000002
-0.00011510000000000002,0.4,1.2000000000000002,2.0,0.4
-0.00011500000000000002,0.4,2.8000000000000003,1.2000000000000002,-0.4
-0.00011490000000000001,-2.8000000000000003,2.0,0.4,2.0
-0.00011480000000000001,0.4,2.8000000000000003,-0.4,-0.4
-0.00011470000000000001,0.4,1.2000000000000002,1.2000000000000002,2.0
-0.00011460000000000001,1.2000000000000002,0.4,-0.4,0.4
-0.00011450000000000002,0.4,0.4,1.2000000000000002,0.4
-0.00011440000000000002,0.4,2.0,1.2000000000000002,3.6
-0.00011430000000000001,0.4,2.0,-2.0,1.2000000000000002
-0.00011420000000000001,-0.4,-1.2000000000000002,1.2000000000000002,0.4
-0.00011410000000000001,0.4,0.4,-2.0,0.4
-0.00011400000000000002,-0.4,3.6,1.2000000000000002,0.4
-0.00011390000000000002,0.4,-0.4,1.2000000000000002,2.8000000000000003
-0.00011380000000000001,0.4,2.0,1.2000000000000002,1.2000000000000002
-0.00011370000000000001,2.8000000000000003,2.8000000000000003,-0.4,1.2000000000000002
-0.00011360000000000001,-0.4,2.0,0.4,-0.4
-0.00011350000000000001,-0.4,0.4,2.0,2.0
-0.00011340000000000002,-0.4,2.0,0.4,2.8000000000000003
-0.00011330000000000002,1.2000000000000002,-0.4,2.8000000000000003,2.0
-0.00011320000000000001,1.2000000000000002,0.4,0.4,0.4
-0.00011310000000000001,0.4,1.2000000000000002,-0.4,2.0
-0.00011300000000000001,1.2000000000000002,2.0,2.0,-0.4
-0.00011290000000000002,-0.4,1.2000000000000002,-1.2000000000000002,1.2000000000000002
-0.00011280000000000002,0.4,1.2000000000000002,0.4,-0.4
-0.00011270000000000002,1.2000000000000002,2.0,1.2000000000000002,-1.2000000000000002
-0.00011260000000000001,-2.0,0.4,0.4,-1.2000000000000002
-0.00011250000000000001,0.4,0.4,1.2000000000000002,-1.2000000000000002
-0.00011240000000000001,2.8000000000000003,2.8000000000000003,0.4,1.2000000000000002
-0.00011230000000000002,-0.4,0.4,1.2000000000000002,0.4
-0.00011220000000000002,2.0,1.2000000000000002,-0.4,2.0
-0.00011210000000000001,-0.4,-2.0,2.0,2.0
-0.00011200000000000001,-1.2000000000000002,2.8000000000000003,1.2000000000000002,2.0
-0.00011190000000000001,-0.4,2.0,0.4,1.2000000000000002
-0.00011180000000000001,-0.4,-1.2000000000000002,0.4,-1.2000000000000002
-0.00011170000000000002,0.4,0.4,-0.4,1.2000000000000002
-0.00011160000000000002,-0.4,2.0,2.0,0.4
-0.00011150000000000001,1.2000000000000002,0.4,2.0,1.2000000000000002
-0.00011140000000000001,-1.2000000000000002,1.2000000000000002,-0.4,2.8000000000000003
-0.00011130000000000001,-1.2000000000000002,2.0,1.2000000000000002,-0.4
-0.00011120000000000002,-0.4,3.6,2.0,2.0
-0.00011110000000000002,0.4,2.8000000000000003,-1.2000000000000002,1.2000000000000002
-0.00011100000000000001,1.2000000000000002,4.4,1.2000000000000002,-0.4
-0.00011090000000000001,-0.4,0.4,0.4,-1.2000000000000002
-0.00011080000000000001,2.0,1.2000000000000002,-1.2000000000000002,0.4
-0.00011070000000000001,-2.0,1.2000000000000002,0.4,0.4
-0.00011060000000000002,0.4,-0.4,2.8000000000000003,-1.2000000000000002
-0.00011050000000000002,0.4,1.2000000000000002,0.4,4.4
-0.00011040000000000001,-1.2000000000000002,2.8000000000000003,1.2000000000000002,0.4
-0.00011030000000000001,0.4,2.0,2.0,1.2000000000000002
-0.00011020000000000001,0.4,0.4,2.8000000000000003,2.0
-0.00011010000000000002,0.4,1.2000000000000002,0.4,0.4
-0.00011000000000000002,1.2000000000000002,2.0,1.2000000000000002,0.4
-0.00010990000000000002,2.8000000000000003,-0.4,0.4,-2.0
-0.00010980000000000001,-0.4,2.8000000000000003,2.8000000000000003,1.2000000000000002
-0.00010970000000000001,0.4,0.4,1.2000000000000002,-0.4
-0.00010960000000000001,0.4,0.4,1.2000000000000002,0.4
-0.00010950000000000002,0.4,2.0,1.2000000000000002,0.4
-0.00010940000000000002,1.2000000000000002,0.4,0.4,0.4
-0.00010930000000000001,1.2000000000000002,2.8000000000000003,-0.4,-2.8000000000000003
-0.00010920000000000001,-0.4,2.8000000000000003,0.4,0.4
-0.00010910000000000001,-2.8000000000000003,0.4,-0.4,-1.2000000000000002
-0.00010900000000000002,-1.2000000000000002,0.4,2.0,1.2000000000000002
-0.00010890000000000002,-0.4,0.4,2.0,-2.0
-0.00010880000000000002,-0.4,1.2000000000000002,2.8000000000000003,2.8000000000000003
-0.00010870000000000001,0.4,-0.4,-1.2000000000000002,1.2000000000000002
-0.00010860000000000001,-0.4,1.2000000000000002,-1.2000000000000002,1.2000000000000002
-0.00010850000000000001,-1.2000000000000002,-1.2000000000000002,-1.2000000000000002,0.4
-0.00010840000000000002,1.2000000000000002,0.4,-1.2000000000000002,-0.4
-0.00010830000000000002,2.0,1.2000000000000002,-0.4,-2.0
-0.00010820000000000001,0.4,0.4,-1.2000000000000002,1.2000000000000002
-0.00010810000000000001,-0.4,4.4,2.0,-0.4
-0.00010800000000000001,1.2000000000000002,-2.8000000000000003,-0.4,2.0
-0.00010790000000000001,-0.4,2.0,0.4,2.0
-0.00010780000000000002,0.4,1.2000000000000002,0.4,2.8000000000000003
-0.00010770000000000002,-0.4,1.2000000000000002,3.6,2.8000000000000003
-0.00010760000000000001,0.4,1.2000000000000002,2.8000000000000003,1.2000000000000002
-0.00010750000000000001,1.2000000000000002,-0.4,0.4,-0.4
-0.00010740000000000001,0.4,-0.4,0.4,-0.4
-0.00010730000000000002,-1.2000000000000002,1.2000000000000002,0.4,2.0
-0.00010720000000000002,0.4,2.0,0.4,1.2000000000000002
-0.00010710000000000001,-2.0,1.2000000000000002,2.0,1.2000000000000002
-0.00010700000000000001,0.4,2.0,0.4,1.2000000000000002
-0.00010690000000000001,0.4,-0.4,0.4,-0.4
-0.00010680000000000001,-0.4,1.2000000000000002,-0.4,2.8000000000000003
-0.00010670000000000002,-2.0,2.8000000000000003,-1.2000000000000002,-1.2000000000000002
-0.00010660000000000002,-2.0,-1.2000000000000002,-2.0,-1.2000000000000002
-0.00010650000000000001,-0.4,-0.4,0.4,1.2000000000000002
-0.00010640000000000001,0.4,2.0,0.4,1.2000000000000002
-0.00010630000000000001,-1.2000000000000002,-2.0,-0.4,-0.4
-0.00010620000000000002,0.4,2.8000000000000003,2.0,0.4
-0.00010610000000000002,0.4,2.8000000000000003,0.4,-0.4
-0.00010600000000000002,0.4,-0.4,2.0,-0.4
-0.00010590000000000001,0.4,1.2000000000000002,3.6,1.2000000000000002
-0.00010580000000000001,1.2000000000000002,4.4,2.0,0.4
-0.00010570000000000001,2.0,1.2000000000000002,0.4,0.4
-0.00010560000000000002,-0.4,0.4,0.4,-0.4
-0.00010550000000000002,0.4,2.0,1.2000000000000002,1.2000000000000002
-0.00010540000000000001,-0.4,2.0,2.0,2.8000000000000003
-0.00010530000000000001,-2.0,2.8000000000000003,0.4,2.8000000000000003
-0.00010520000000000001,1.2000000000000002,2.8000000000000003,2.0,-0.4
-0.00010510000000000002,-1.2000000000000002,2.8000000000000003,1.2000000000000002,1.2000000000000002
-0.00010500000000000002,2.0,0.4,2.8000000000000003,-1.2000000000000002
-0.00010490000000000002,0.4,1.2000000000000002,1.2000000000000002,-0.4
-0.00010480000000000001,1.2000000000000002,0.4,-0.4,2.0
-0.00010470000000000001,1.2000000000000002,1.2000000000000002,2.8000000000000003,1.2000000000000002
-0.00010460000000000001,-0.4,0.4,1.2000000000000002,0.4
-0.00010450000000000002,0.4,1.2000000000000002,1.2000000000000002,2.0
-0.00010440000000000002,2.0,0.4,2.0,2.0
-0.00010430000000000001,1.2000000000000002,-1.2000000000000002,1.2000000000000002,-0.4
-0.00010420000000000001,0.4,0.4,2.0,2.0
-0.00010410000000000001,0.4,2.0,1.2000000000000002,-0.4
-0.00010400000000000001,0.4,1.2000000000000002,-1.2000000000000002,-0.4
-0.00010390000000000002,1.2000000000000002,2.8000000000000003,1.2000000000000002,-1.2000000000000002
-0.00010380000000000002,1.2000000000000002,1.2000000000000002,2.0,0.4
-0.00010370000000000001,-2.0,0.4,2.8000000000000003,2.0
-0.00010360000000000001,0.4,2.0,1.2000000000000002,-2.0
-0.00010350000000000001,0.4,1.2000000000000002,2.0,-2.8000000000000003
-0.00010340000000000002,-1.2000000000000002,2.0,-0.4,1.2000000000000002
-0.00010330000000000002,0.4,2.0,0.4,-0.4
-0.00010320000000000001,0.4,2.0,2.0,-0.4
-0.00010310000000000001,-2.0,2.0,2.8000000000000003,0.4
-0.00010300000000000001,0.4,2.0,1.2000000000000002,2.0
-0.00010290000000000001,-2.0,2.0,1.2000000000000002,-0.4
-0.00010280000000000002,0.4,2.8000000000000003,-0.4,-0.4
-0.00010270000000000002,1.2000000000000002,1.2000000000000002,0.4,-0.4
-0.00010260000000000001,-0.4,-0.4,0.4,2.0
-0.00010250000000000001,1.2000000000000002,0.4,2.8000000000000003,-2.0
-0.00010240000000000001,0.4,2.8000000000000003,0.4,1.2000000000000002
-0.00010230000000000002,1.2000000000000002,0.4,-0.4,0.4
-0.00010220000000000002,-2.8000000000000003,2.0,1.2000000000000002,2.0
-0.00010210000000000002,-1.2000000000000002,1.2000000000000002,2.0,0.4
-0.00010200000000000001,0.4,1.2000000000000002,-1.2000000000000002,0.4
-0.00010190000000000001,1.2000000000000002,0.4,1.2000000000000002,1.2000000000000002
-0.00010180000000000001,-0.4,-0.4,1.2000000000000002,2.0
-0.00010170000000000002,1.2000000000000002,0.4,-2.0,-0.4
-0.00010160000000000002,-1.2000000000000002,2.0,1.2000000000000002,1.2000000000000002
-0.00010150000000000001,-0.4,2.0,1.2000000000000002,0.4
-0.00010140000000000001,0.4,1.2000000000000002,2.0,0.4
-0.00010130000000000001,0.4,0.4,0.4,1.2000000000000002
-0.00010120000000000002,-1.2000000000000002,1.2000000000000002,0.4,-0.4
-0.00010110000000000002,-0.4,1.2000000000000002,-1.2000000000000002,-0.4
-0.00010100000000000002,0.4,1.2000000000000002,0.4,2.0
-0.00010090000000000001,-0.4,2.8000000000000003,2.0,1.2000000000000002
-0.00010080000000000001,-0.4,1.2000000000000002,2.0,-0.4
-0.00010070000000000001,0.4,1.2000000000000002,2.8000000000000003,-0.4
-0.00010060000000000002,-0.4,2.8000000000000003,0.4,1.2000000000000002
-0.00010050000000000002,0.4,0.4,1.2000000000000002,-1.2000000000000002
-0.00010040000000000001,1.2000000000000002,2.0,2.0,-0.4
-0.00010030000000000001,-2.0,-2.0,2.0,2.8000000000000003
-0.00010020000000000001,2.0,0.4,0.4,1.2000000000000002
-0.00010010000000000002,2.0,2.8000000000000003,2.0,2.0
-0.00010000000000000002,-0.4,0.4,-1.2000000000000002,0.4
-9.990000000000002e-05,0.4,1.2000000000000002,1.2000000000000002,2.0
-9.980000000000001e-05,0.4,-0.4,1.2000000000000002,2.0
-9.970000000000001e-05,0.4,3.6,2.0,-1.2000000000000002
-9.960000000000001e-05,-1.2000000000000002,2.0,-1.2000000000000002,0.4
-9.950000000000002e-05,0.4,3.6,1.2000000000000002,-0.4
-9.940000000000002e-05,-0.4,-0.4,1.2000000000000002,-1.2000000000000002
-9.930000000000001e-05,0.4,2.0,1.2000000000000002,-2.0
-9.920000000000001e-05,1.2000000000000002,3.6,2.0,-0.4
-9.910000000000001e-05,1.2000000000000002,1.2000000000000002,1.2000000000000002,-1.2000000000000002
-9.900000000000001e-05,0.4,1.2000000000000002,2.0,2.0
-9.890000000000002e-05,0.4,2.0,2.0,4.4
-9.880000000000002e-05,2.0,1.2000000000000002,1.2000000000000002,0.4
-9.870000000000001e-05,-0.4,2.0,-1.2000000000000002,2.0
-9.860000000000001e-05,1.2000000000000002,-0.4,-0.4,1.2000000000000002
-9.850000000000001e-05,-0.4,3.6,1.2000000000000002,0.4
-9.840000000000002e-05,-1.2000000000000002,3.6,2.8000000000000003,0.4
-9.830000000000002e-05,-1.2000000000000002,-0.4,-0.4,1.2000000000000002
-9.820000000000002e-05,0.4,0.4,0.4,-2.0
-9.810000000000001e-05,-0.4,1.2000000000000002,1.2000000000000002,1.2000000000000002
-9.800000000000001e-05,0.4,0.4,-0.4,2.0
-9.790000000000001e-05,0.4,1.2000000000000002,2.0,2.0
-9.780000000000002e-05,-2.0,1.2000000000000002,-1.2000000000000002,-0.4
-9.770000000000002e-05,-0.4,1.2000000000000002,1.2000000000000002,-0.4
-9.760000000000001e-05,-0.4,0.4,2.0,2.0
-9.750000000000001e-05,-2.0,0.4,1.2000000000000002,2.0
-9.740000000000001e-05,-0.4,1.2000000000000002,0.4,0.4
-9.730000000000002e-05,0.4,0.4,1.2000000000000002,1.2000000000000002
-9.720000000000002e-05,-2.0,2.8000000000000003,0.4,-0.4
-9.710000000000002e-05,-1.2000000000000002,4.4,2.8000000000000003,-0.4
-9.700000000000001e-05,1.2000000000000002,0.4,2.8000000000000003,-1.2000000000000002
-9.690000000000001e-05,1.2000000000000002,2.0,0.4,0.4
-9.680000000000001e-05,1.2000000000000002,2.0,1.2000000000000002,-1.2000000000000002
-9.670000000000002e-05,0.4,2.0,3.6,-2.0
-9.660000000000002e-05,-0.4,1.2000000000000002,-2.0,-0.4
-9.650000000000001e-05,-0.4,1.2000000000000002,2.8000000000000003,2.8000000000000003
-9.640000000000001e-05,-1.2000000000000002,0.4,0.4,2.8000000000000003
-9.630000000000001e-05,-2.0,1.2000000000000002,2.0,0.4
-9.620000000000002e-05,-1.2000000000000002,2.0,2.0,0.4
-9.610000000000002e-05,0.4,0.4,-0.4,-0.4
-9.600000000000002e-05,0.4,1.2000000000000002,-0.4,0.4
-9.590000000000001e-05,0.4,0.4,2.8000000000000003,-0.4
-9.580000000000001e-05,0.4,1.2000000000000002,1.2000000000000002,0.4
-9.570000000000001e-05,-1.2000000000000002,0.4,-0.4,1.2000000000000002
-9.560000000000002e-05,-2.0,2.8000000000000003,-2.0,0.4
-9.550000000000002e-05,-0.4,0.4,0.4,2.0
-9.540000000000001e-05,0.4,2.8000000000000003,1.2000000000000002,1.2000000000000002
-9.530000000000001e-05,-0.4,2.8000000000000003,2.8000000000000003,-0.4
-9.520000000000001e-05,0.4,0.4,-2.0,-2.0
-9.510000000000001e-05,-0.4,2.0,0.4,-0.4
-9.500000000000002e-05,0.4,-0.4,1.2000000000000002,-1.2000000000000002
-9.490000000000002e-05,-0.4,2.8000000000000003,1.2000000000000002,0.4
-9.480000000000001e-05,-1.2000000000000002,-0.4,1.2000000000000002,0.4
-9.470000000000001e-05,-0.4,0.4,1.2000000000000002,0.4
-9.460000000000001e-05,0.4,2.0,0.4,2.0
-9.450000000000002e-05,0.4,4.4,-0.4,0.4
-9.440000000000002e-05,1.2000000000000002,1.2000000000000002,1.2000000000000002,0.4
-9.430000000000002e-05,-0.4,2.0,2.0,2.0
-9.420000000000001e-05,-1.2000000000000002,4.4,1.2000000000000002,0.4
-9.410000000000001e-05,-1.2000000000000002,-1.2000000000000002,0.4,1.2000000000000002
-9.400000000000001e-05,-2.0,0.4,0.4,0.4
-9.390000000000002e-05,0.4,2.0,-2.0,0.4
-9.380000000000002e-05,0.4,3.6,1.2000000000000002,2.0
-9.370000000000001e-05,-1.2000000000000002,2.8000000000000003,0.4,-2.0
-9.360000000000001e-05,-3.6,2.8000000000000003,-1.2000000000000002,0.4
-9.350000000000001e-05,2.8000000000000003,2.8000000000000003,1.2000000000000002,1.2000000000000002
-9.340000000000002e-05,0.4,1.2000000000000002,1.2000000000000002,2.8000000000000003
-9.330000000000002e-05,-0.4,2.0,0.4,1.2000000000000002
-9.320000000000002e-05,-0.4,0.4,2.0,1.2000000000000002
-9.310000000000001e-05,0.4,2.0,2.0,1.2000000000000002
-9.300000000000001e-05,-0.4,1.2000000000000002,-1.2000000000000002,2.0
-9.290000000000001e-05,-0.4,-2.0,2.0,0.4
-9.280000000000002e-05,0.4,0.4,3.6,-0.4
-9.270000000000002e-05,-1.2000000000000002,2.8000000000000003,-0.4,0.4
-9.260000000000001e-05,1.2000000000000002,1.2000000000000002,0.4,2.0
-9.250000000000001e-05,0.4,0.4,1.2000000000000002,2.0
-9.240000000000001e-05,-1.2000000000000002,-1.2000000000000002,1.2000000000000002,-0.4
-9.230000000000002e-05,-2.8000000000000003,2.8000000000000003,-0.4,-1.2000000000000002
-9.220000000000002e-05,0.4,3.6,-2.0,2.0
-9.210000000000002e-05,1.2000000000000002,2.0,0.4,0.4
-9.200000000000001e-05,1.2000000000000002,2.0,1.2000000000000002,1.2000000000000002
-9.190000000000001e-05,-0.4,1.2000000000000002,1.2000000000000002,1.2000000000000002
-9.180000000000001e-05,1.2000000000000002,1.2000000000000002,0.4,0.4
-9.170000000000002e-05,-0.4,1.2000000000000002,2.8000000000000003,-1.2000000000000002
-9.160000000000002e-05,-1.2000000000000002,1.2000000000000002,2.8000000000000003,1.2000000000000002
-9.150000000000002e-05,-2.8000000000000003,1.2000000000000002,2.8000000000000003,-0.4
-9.140000000000001e-05,1.2000000000000002,1.2000000000000002,0.4,-1.2000000000000002
-9.130000000000001e-05,-1.2000000000000002,1.2000000000000002,2.0,-0.4
-9.120000000000002e-05,-2.0,2.0,1.2000000000000002,0.4
-9.110000000000002e-05,-1.2000000000000002,-0.4,2.0,0.4
-9.100000000000002e-05,0.4,0.4,0.4,0.4
-9.090000000000001e-05,0.4,2.0,1.2000000000000002,0.4
-9.080000000000001e-05,2.0,0.4,2.8000000000000003,0.4
-9.070000000000001e-05,-1.2000000000000002,0.4,0.4,2.8000000000000003
-9.060000000000002e-05,0.4,2.0,2.0,0.4
-9.050000000000002e-05,-0.4,0.4,0.4,2.0
-9.040000000000002e-05,0.4,1.2000000000000002,2.8000000000000003,-0.4
-9.030000000000001e-05,-2.0,0.4,0.4,-1.2000000000000002
-9.020000000000001e-05,-2.8000000000000003,-0.4,2.0,0.4
-9.010000000000001e-05,-0.4,0.4,2.0,-1.2000000000000002
-9.000000000000002e-05,-2.0,0.4,0.4,-0.4
-8.990000000000002e-05,0.4,0.4,1.2000000000000002,0.4
-8.980000000000001e-05,0.4,1.2000000000000002,0.4,2.8000000000000003
-8.970000000000001e-05,-0.4,-1.2000000000000002,-0.4,0.4
-8.960000000000001e-05,0.4,0.4,0.4,2.8000000000000003
-8.950000000000002e-05,-0.4,0.4,2.0,0.4
-8.940000000000002e-05,0.4,2.0,1.2000000000000002,-0.4
-8.930000000000002e-05,-2.0,0.4,2.0,0.4
-8.920000000000001e-05,-1.2000000000000002,2.8000000000000003,1.2000000000000002,2.0
-8.910000000000001e-05,-1.2000000000000002,1.2000000000000002,0.4,2.0
-8.900000000000001e-05,-1.2000000000000002,0.4,-0.4,0.4
-8.890000000000002e-05,0.4,2.0,-0.4,1.2000000000000002
-8.880000000000002e-05,0.4,1.2000000000000002,1.2000000000000002,2.0
-8.870000000000001e-05,-1.2000000000000002,2.8000000000000003,-0.4,-1.2000000000000002
-8.860000000000001e-05,-2.0,1.2000000000000002,1.2000000000000002,-0.4
-8.850000000000001e-05,-1.2000000000000002,0.4,2.0,0.4
-8.840000000000002e-05,1.2000000000000002,2.0,0.4,0.4
-8.830000000000002e-05,-0.4,2.0,2.8000000000000003,0.4
-8.820000000000002e-05,-2.0,2.0,1.2000000000000002,-0.4
-8.810000000000001e-05,1.2000000000000002,-0.4,0.4,-3.6
-8.800000000000001e-05,-0.4,0.4,3.6,0.4
-8.790000000000001e-05,-2.8000000000000003,2.0,-0.4,1.2000000000000002
-8.780000000000002e-05,-0.4,-0.4,1.2000000000000002,1.2000000000000002
-8.770000000000002e-05,-0.4,1.2000000000000002,1.2000000000000002,-0.4
-8.760000000000002e-05,-0.4,1.2000000000000002,0.4,-1.2000000000000002
-8.750000000000001e-05,0.4,-2.0,0.4,1.2000000000000002
-8.740000000000001e-05,0.4,0.4,0.4,0.4
-8.730000000000002e-05,0.4,2.8000000000000003,2.0,-1.2000000000000002
-8.720000000000002e-05,-0.4,2.0,1.2000000000000002,1.2000000000000002
-8.710000000000002e-05,2.0,2.8000000000000003,-0.4,-0.4
-8.700000000000001e-05,-0.4,-0.4,2.0,0.4
-8.690000000000001e-05,-2.0,1.2000000000000002,0.4,-1.2000000000000002
-8.680000000000001e-05,-0.4,0.4,0.4,2.0
-8.670000000000002e-05,-0.4,0.4,1.2000000000000002,-1.2000000000000002
-8.660000000000002e-05,0.4,4.4,2.0,2.8000000000000003
-8.650000000000002e-05,-2.8000000000000003,1.2000000000000002,-0.4,1.2000000000000002
-8.640000000000001e-05,-0.4,1.2000000000000002,2.0,2.8000000000000003
-8.630000000000001e-05,-1.2000000000000002,0.4,-2.0,2.0
-8.620000000000001e-05,0.4,-0.4,0.4,-0.4
-8.610000000000002e-05,0.4,1.2000000000000002,2.0,-2.8000000000000003
-8.600000000000002e-05,-0.4,-1.2000000000000002,-0.4,0.4
-8.590000000000001e-05,-0.4,1.2000000000000002,2.0,1.2000000000000002
-8.580000000000001e-05,-0.4,0.4,-0.4,-1.2000000000000002
-8.570000000000001e-05,-2.0,-1.2000000000000002,0.4,2.0
-8.560000000000002e-05,-2.0,0.4,0.4,-1.2000000000000002
-8.550000000000002e-05,-0.4,2.0,-1.2000000000000002,1.2000000000000002
-8.540000000000002e-05,1.2000000000000002,-0.4,-0.4,2.0
-8.530000000000001e-05,0.4,2.0,2.8000000000000003,2.0
-8.520000000000001e-05,0.4,1.2000000000000002,2.0,-1.2000000000000002
-8.510000000000001e-05,2.0,2.8000000000000003,-0.4,1.2000000000000002
-8.500000000000002e-05,0.4,1.2000000000000002,2.0,-0.4
-8.490000000000002e-05,0.4,0.4,1.2000000000000002,-0.4
-8.480000000000001e-05,0.4,0.4,0.4,-2.8000000000000003
-8.470000000000001e-05,0.4,-0.4,-0.4,-2.0
-8.460000000000001e-05,-0.4,2.8000000000000003,2.0,0.4
-8.450000000000002e-05,-0.4,-0.4,0.4,2.8000000000000003
-8.440000000000002e-05,-2.0,0.4,3.6,0.4
-8.430000000000002e-05,0.4,4.4,2.8000000000000003,0.4
-8.420000000000001e-05,-2.0,0.4,0.4,-1.2000000000000002
-8.410000000000001e-05,0.4,2.0,1.2000000000000002,3.6
-8.400000000000001e-05,0.4,1.2000000000000002,2.0,0.4
-8.390000000000002e-05,-1.2000000000000002,-0.4,1.2000000000000002,0.4
-8.380000000000002e-05,2.0,1.2000000000000002,-0.4,3.6
-8.370000000000002e-05,-0.4,3.6,0.4,2.0
-8.360000000000001e-05,0.4,2.0,-0.4,-0.4
-8.350000000000001e-05,0.4,2.8000000000000003,0.4,-2.0
-8.340000000000002e-05,-0.4,2.8000000000000003,2.0,1.2000000000000002
-8.330000000000002e-05,-0.4,0.4,2.0,2.0
-8.320000000000002e-05,1.2000000000000002,0.4,0.4,2.0
-8.310000000000001e-05,-2.0,2.0,-1.2000000000000002,0.4
-8.300000000000001e-05,1.2000000000000002,1.2000000000000002,1.2000000000000002,2.0
-8.290000000000001e-05,0.4,2.8000000000000003,2.0,1.2000000000000002
-8.280000000000002e-05,0.4,2.0,-0.4,0.4
-8.270000000000002e-05,-0.4,-0.4,1.2000000000000002,0.4
-8.260000000000002e-05,-0.4,2.8000000000000003,0.4,2.0
-8.250000000000001e-05,0.4,0.4,1.2000000000000002,2.0
-8.240000000000001e-05,0.4,1.2000000000000002,-1.2000000000000002,0.4
-8.230000000000001e-05,-0.4,0.4,1.2000000000000002,-0.4
-8.220000000000002e-05,-0.4,-1.2000000000000002,-0.4,-0.4
-8.210000000000002e-05,1.2000000000000002,1.2000000000000002,2.0,1.2000000000000002
-8.200000000000001e-05,-1.2000000000000002,-1.2000000000000002,1.2000000000000002,2.8000000000000003
-8.190000000000001e-05,0.4,-2.0,0.4,-0.4
-8.180000000000001e-05,-2.0,1.2000000000000002,1.2000000000000002,0.4
-8.170000000000002e-05,-1.2000000000000002,-0.4,-2.8000000000000003,-1.2000000000000002
-8.160000000000002e-05,-0.4,2.0,-0.4,2.8000000000000003
-8.150000000000002e-05,2.0,1.2000000000000002,2.0,0.4
-8.140000000000001e-05,0.4,2.0,1.2000000000000002,-1.2000000000000002
-8.130000000000001e-05,0.4,2.8000000000000003,0.4,-2.0
-8.120000000000001e-05,2.0,2.0,0.4,-2.0
-8.110000000000002e-05,-0.4,-0.4,-0.4,1.2000000000000002
-8.100000000000002e-05,-0.4,1.2000000000000002,2.0,0.4
-8.090000000000001e-05,-1.2000000000000002,1.2000000000000002,-1.2000000000000002,1.2000000000000002
-8.080000000000001e-05,0.4,3.6,-0.4,1.2000000000000002
-8.070000000000001e-05,0.4,1.2000000000000002,3.6,1.2000000000000002
-8.060000000000002e-05,-0.4,2.0,-0.4,-0.4
-8.050000000000002e-05,0.4,-1.2000000000000002,0.4,1.2000000000000002
-8.040000000000002e-05,-1.2000000000000002,-0.4,1.2000000000000002,2.0
-8.030000000000001e-05,1.2000000000000002,0.4,0.4,0.4
-8.020000000000001e-05,-2.0,2.8000000000000003,-0.4,1.2000000000000002
-8.010000000000001e-05,1.2000000000000002,2.0,2.0,-0.4
-8.000000000000002e-05,0.4,-1.2000000000000002,1.2000000000000002,0.4
-7.990000000000002e-05,0.4,1.2000000000000002,2.0,0.4
-7.980000000000002e-05,-0.4,2.0,-0.4,0.4
-7.970000000000001e-05,0.4,0.4,1.2000000000000002,-1.2000000000000002
-7.960000000000001e-05,1.2000000000000002,4.4,1.2000000000000002,0.4
-7.950000000000002e-05,0.4,2.0,2.0,1.2000000000000002
-7.940000000000002e-05,-1.2000000000000002,1.2000000000000002,1.2000000000000002,-1.2000000000000002
-7.930000000000002e-05,-0.4,1.2000000000000002,-1.2000000000000002,0.4
-7.920000000000001e-05,-0.4,1.2000000000000002,1.2000000000000002,-2.8000000000000003
-7.910000000000001e-05,1.2000000000000002,-1.2000000000000002,2.0,1.2000000000000002
-7.900000000000001e-05,-1.2000000000000002,0.4,0.4,0.4
-7.890000000000002e-05,-0.4,0.4,2.0,1.2000000000000002
-7.880000000000002e-05,0.4,1.2000000000000002,-3.6,-1.2000000000000002
-7.870000000000002e-05,-0.4,2.0,2.0,2.8000000000000003
-7.860000000000001e-05,-2.0,0.4,2.0,2.8000000000000003
-7.850000000000001e-05,-2.0,-0.4,0.4,-0.4
-7.840000000000001e-05,0.4,2.8000000000000003,1.2000000000000002,0.4
-7.830000000000002e-05,-0.4,0.4,1.2000000000000002,2.8000000000000003
-7.820000000000002e-05,0.4,1.2000000000000002,2.8000000000000003,-2.0
-7.810000000000001e-05,0.4,1.2000000000000002,-2.0,-1.2000000000000002
-7.800000000000001e-05,0.4,2.8000000000000003,0.4,0.4
-7.790000000000002e-05,0.4,1.2000000000000002,-1.2000000000000002,1.2000000000000002
-7.780000000000002e-05,1.2000000000000002,1.2000000000000002,-0.4,2.8000000000000003
-7.770000000000002e-05,-2.0,0.4,-1.2000000000000002,1.2000000000000002
-7.760000000000002e-05,0.4,0.4,0.4,0.4
-7.750000000000001e-05,0.4,0.4,0.4,-2.0
-7.740000000000001e-05,-0.4,0.4,0.4,-2.8000000000000003
-7.730000000000001e-05,0.4,0.4,0.4,-1.2000000000000002
-7.72e-05,-1.2000000000000002,2.8000000000000003,-0.4,0.4
-7.71e-05,1.2000000000000002,2.8000000000000003,1.2000000000000002,2.8000000000000003
-7.700000000000003e-05,1.2000000000000002,2.0,-0.4,3.6
-7.690000000000003e-05,-0.4,3.6,1.2000000000000002,0.4
-7.680000000000002e-05,-0.4,2.0,-0.4,2.0
-7.670000000000002e-05,0.4,-0.4,1.2000000000000002,1.2000000000000002
-7.660000000000002e-05,0.4,1.2000000000000002,-0.4,0.4
-7.650000000000002e-05,2.0,0.4,2.8000000000000003,0.4
-7.640000000000001e-05,1.2000000000000002,2.8000000000000003,0.4,-0.4
-7.630000000000001e-05,-2.8000000000000003,1.2000000000000002,2.8000000000000003,2.8000000000000003
-7.620000000000001e-05,-0.4,0.4,0.4,-0.4
-7.61e-05,-2.0,-0.4,-0.4,0.4
-7.6e-05,0.4,2.8000000000000003,-0.4,0.4
-7.59e-05,0.4,-0.4,2.0,1.2000000000000002
-7.580000000000003e-05,0.4,0.4,-0.4,1.2000000000000002
-7.570000000000002e-05,0.4,2.0,1.2000000000000002,0.4
-7.560000000000002e-05,1.2000000000000002,1.2000000000000002,0.4,2.8000000000000003
-7.550000000000002e-05,2.0,0.4,1.2000000000000002,0.4
-7.540000000000002e-05,-0.4,2.0,1.2000000000000002,-1.2000000000000002
-7.530000000000001e-05,-0.4,0.4,0.4,-3.6
-7.520000000000001e-05,0.4,1.2000000000000002,2.8000000000000003,-0.4
-7.510000000000001e-05,-0.4,-0.4,2.0,0.4
-7.500000000000001e-05,0.4,2.8000000000000003,0.4,1.2000000000000002
-7.49e-05,0.4,0.4,-1.2000000000000002,2.0
-7.48e-05,0.4,2.0,-0.4,2.0
-7.470000000000003e-05,-1.2000000000000002,0.4,2.0,0.4
-7.460000000000002e-05,-0.4,0.4,1.2000000000000002,-1.2000000000000002
-7.450000000000002e-05,-0.4,0.4,-0.4,0.4
-7.440000000000002e-05,0.4,1.2000000000000002,1.2000000000000002,-1.2000000000000002
-7.430000000000002e-05,-2.0,1.2000000000000002,0.4,-0.4
-7.420000000000001e-05,-1.2000000000000002,1.2000000000000002,-0.4,0.4
-7.410000000000001e-05,1.2000000000000002,2.8000000000000003,2.0,-1.2000000000000002
-7.400000000000001e-05,-2.0,0.4,-0.4,0.4
-7.390000000000001e-05,-1.2000000000000002,2.0,-1.2000000000000002,-0.4
-7.38e-05,-0.4,2.0,-2.0,0.4
-7.37e-05,1.2000000000000002,2.8000000000000003,2.0,-0.4
-7.360000000000003e-05,-1.2000000000000002,1.2000000000000002,1.2000000000000002,-0.4
-7.350000000000002e-05,-1.2000000000000002,3.6,-0.4,-0.4
-7.340000000000002e-05,0.4,1.2000000000000002,2.0,0.4
-7.330000000000002e-05,1.2000000000000002,-0.4,0.4,-0.4
-7.320000000000002e-05,-1.2000000000000002,2.0,1.2000000000000002,0.4
-7.310000000000002e-05,-2.0,1.2000000000000002,1.2000000000000002,0.4
-7.300000000000001e-05,-1.2000000000000002,1.2000000000000002,1.2000000000000002,-2.0
-7.290000000000001e-05,-1.2000000000000002,3.6,-0.4,-0.4
-7.280000000000001e-05,-0.4,-1.2000000000000002,-0.4,-2.0
-7.27e-05,-2.0,0.4,-0.4,1.2000000000000002
-7.26e-05,0.4,1.2000000000000002,-0.4,2.8000000000000003
-7.250000000000003e-05,1.2000000000000002,1.2000000000000002,1.2000000000000002,0.4
-7.240000000000003e-05,-1.2000000000000002,0.4,2.8000000000000003,2.8000000000000003
-7.230000000000002e-05,0.4,0.4,0.4,0.4
-7.220000000000002e-05,-0.4,-0.4,0.4,-0.4
-7.210000000000002e-05,2.0,0.4,-0.4,0.4
-7.200000000000002e-05,0.4,2.8000000000000003,0.4,-0.4
-7.190000000000001e-05,-0.4,1.2000000000000002,0.4,-1.2000000000000002
-7.180000000000001e-05,-1.2000000000000002,2.0,1.2000000000000002,-0.4
-7.170000000000001e-05,-0.4,-0.4,2.0,-0.4
-7.16e-05,2.0,3.6,2.0,1.2000000000000002
-7.15e-05,-0.4,1.2000000000000002,1.2000000000000002,0.4
-7.140000000000003e-05,-1.2000000000000002,0.4,1.2000000000000002,0.4
-7.130000000000003e-05,3.6,1.2000000000000002,2.0,-1.2000000000000002
-7.120000000000002e-05,-0.4,1.2000000000000002,0.4,1.2000000000000002
-7.110000000000002e-05,-2.8000000000000003,3.6,-1.2000000000000002,0.4
-7.100000000000002e-05,0.4,2.0,2.0,-1.2000000000000002
-7.090000000000002e-05,0.4,1.2000000000000002,-1.2000000000000002,-0.4
-7.080000000000001e-05,-0.4,-1.2000000000000002,-0.4,-0.4
-7.070000000000001e-05,0.4,0.4,0.4,-2.0
-7.060000000000001e-05,-1.2000000000000002,1.2000000000000002,0.4,-2.8000000000000003
-7.05e-05,2.0,2.0,-0.4,2.8000000000000003
-7.04e-05,-2.0,1.2000000000000002,1.2000000000000002,1.2000000000000002
-7.030000000000003e-05,0.4,0.4,1.2000000000000002,-1.2000000000000002
-7.020000000000003e-05,-2.0,1.2000000000000002,1.2000000000000002,1.2000000000000002
-7.010000000000002e-05,0.4,0.4,1.2000000000000002,2.0
-7.000000000000002e-05,2.0,2.0,1.2000000000000002,0.4
-6.990000000000002e-05,0.4,0.4,2.0,4.4
-6.980000000000002e-05,2.8000000000000003,2.8000000000000003,3.6,1.2000000000000002
-6.970000000000001e-05,-1.2000000000000002,2.0,0.4,0.4
-6.960000000000001e-05,0.4,1.2000000000000002,0.4,-0.4
-6.950000000000001e-05,0.4,-0.4,0.4,0.4
-6.94e-05,-2.0,-0.4,1.2000000000000002,2.8000000000000003
-6.93e-05,1.2000000000000002,1.2000000000000002,-0.4,0.4
-6.920000000000003e-05,2.8000000000000003,0.4,0.4,-2.8000000000000003
-6.910000000000003e-05,-2.8000000000000003,0.4,0.4,0.4
-6.900000000000002e-05,-0.4,1.2000000000000002,-0.4,2.8000000000000003
-6.890000000000002e-05,1.2000000000000002,2.0,-0.4,1.2000000000000002
-6.880000000000002e-05,-1.2000000000000002,0.4,2.0,2.8000000000000003
-6.870000000000002e-05,1.2000000000000002,2.0,1.2000000000000002,0.4
-6.860000000000001e-05,-0.4,0.4,1.2000000000000002,0.4
-6.850000000000001e-05,0.4,0.4,1.2000000000000002,0.4
-6.840000000000001e-05,-1.2000000000000002,-0.4,-0.4,-0.4
-6.83e-05,1.2000000000000002,0.4,2.0,1.2000000000000002
-6.82e-05,-2.8000000000000003,0.4,-1.2000000000000002,0.4
-6.810000000000003e-05,0.4,2.8000000000000003,1.2000000000000002,2.0
-6.800000000000003e-05,-0.4,-0.4,1.2000000000000002,1.2000000000000002
-6.790000000000002e-05,0.4,0.4,2.0,0.4
-6.780000000000002e-05,-2.8000000000000003,2.0,-0.4,0.4
-6.770000000000002e-05,-0.4,-0.4,1.2000000000000002,2.8000000000000003
-6.760000000000002e-05,-2.0,-0.4,0.4,0.4
-6.750000000000001e-05,-2.0,2.8000000000000003,0.4,2.0
-6.740000000000001e-05,2.0,-0.4,1.2000000000000002,-0.4
-6.730000000000001e-05,-0.4,1.2000000000000002,2.8000000000000003,2.0
-6.720000000000001e-05,0.4,2.0,1.2000000000000002,-0.4
-6.71e-05,1.2000000000000002,2.0,-1.2000000000000002,-0.4
-6.7e-05,-0.4,4.4,2.0,-0.4
-6.690000000000003e-05,1.2000000000000002,2.0,1.2000000000000002,0.4
-6.680000000000002e-05,-2.0,2.8000000000000003,1.2000000000000002,-1.2000000000000002
-6.670000000000002e-05,2.8000000000000003,1.2000000000000002,2.0,-1.2000000000000002
-6.660000000000002e-05,1.2000000000000002,2.0,0.4,-0.4
-6.650000000000002e-05,-2.8000000000000003,0.4,1.2000000000000002,0.4
-6.640000000000001e-05,0.4,0.4,-0.4,-2.8000000000000003
-6.630000000000001e-05,-0.4,2.0,-2.0,1.2000000000000002
-6.620000000000001e-05,-0.4,2.0,2.0,2.0
-6.610000000000001e-05,0.4,2.8000000000000003,-1.2000000000000002,2.0
-6.6e-05,-1.2000000000000002,0.4,2.0,0.4
-6.59e-05,1.2000000000000002,-1.2000000000000002,1.2000000000000002,2.8000000000000003
-6.580000000000003e-05,-3.6,0.4,-0.4,-0.4
-6.570000000000002e-05,-2.0,1.2000000000000002,1.2000000000000002,-0.4
-6.560000000000002e-05,-1.2000000000000002,0.4,1.2000000000000002,0.4
-6.550000000000002e-05,0.4,3.6,1.2000000000000002,1.2000000000000002
-6.540000000000002e-05,-1.2000000000000002,0.4,2.0,0.4
-6.530000000000002e-05,0.4,0.4,0.4,1.2000000000000002
-6.520000000000001e-05,0.4,2.8000000000000003,2.0,-0.4
-6.510000000000001e-05,-1.2000000000000002,2.0,1.2000000000000002,-0.4
-6.500000000000001e-05,2.8000000000000003,1.2000000000000002,2.8000000000000003,1.2000000000000002
-6.49e-05,-0.4,2.0,2.0,1.2000000000000002
-6.48e-05,-0.4,1.2000000000000002,0.4,1.2000000000000002
-6.470000000000003e-05,1.2000000000000002,1.2000000000000002,2.0,-0.4
-6.460000000000003e-05,-0.4,1.2000000000000002,1.2000000000000002,0.4
-6.450000000000002e-05,-0.4,1.2000000000000002,0.4,-0.4
-6.440000000000002e-05,0.4,2.0,0.4,-0.4
-6.430000000000002e-05,1.2000000000000002,3.6,2.8000000000000003,0.4
-6.420000000000002e-05,-0.4,1.2000000000000002,-0.4,-1.2000000000000002
-6.410000000000001e-05,-1.2000000000000002,0.4,-1.2000000000000002,-0.4
-6.400000000000001e-05,-0.4,-0.4,0.4,-1.2000000000000002
-6.390000000000001e-05,0.4,-0.4,-2.8000000000000003,0.4
-6.38e-05,0.4,2.0,-0.4,1.2000000000000002
-6.37e-05,0.4,1.2000000000000002,0.4,2.0
-6.360000000000003e-05,0.4,0.4,3.6,0.4
-6.350000000000003e-05,0.4,2.0,1.2000000000000002,1.2000000000000002
-6.340000000000002e-05,-2.0,0.4,1.2000000000000002,0.4
-6.330000000000002e-05,1.2000000000000002,1.2000000000000002,-1.2000000000000002,-2.0
-6.320000000000002e-05,1.2000000000000002,0.4,-0.4,1.2000000000000002
-6.310000000000002e-05,-1.2000000000000002,0.4,1.2000000000000002,-0.4
-6.300000000000001e-05,1.2000000000000002,1.2000000000000002,2.0,2.0
-6.290000000000001e-05,2.8000000000000003,1.2000000000000002,-2.0,-0.4
-6.280000000000001e-05,0.4,0.4,0.4,0.4
-6.27e-05,-0.4,3.6,1.2000000000000002,2.0
-6.26e-05,-0.4,2.0,0.4,2.8000000000000003
-6.250000000000003e-05,0.4,1.2000000000000002,1.2000000000000002,1.2000000000000002
-6.240000000000003e-05,-2.0,1.2000000000000002,-0.4,-1.2000000000000002
-6.230000000000002e-05,1.2000000000000002,2.0,1.2000000000000002,-3.6
-6.220000000000002e-05,-2.0,2.0,1.2000000000000002,0.4
-6.210000000000002e-05,0.4,2.0,0.4,0.4
-6.200000000000002e-05,-0.4,1.2000000000000002,0.4,-0.4
-6.190000000000001e-05,-1.2000000000000002,1.2000000000000002,2.0,-0.4
-6.180000000000001e-05,-1.2000000000000002,1.2000000000000002,0.4,0.4
-6.170000000000001e-05,1.2000000000000002,0.4,2.0,-1.2000000000000002
-6.16e-05,0.4,2.0,2.8000000000000003,0.4
-6.15e-05,0.4,-0.4,-1.2000000000000002,-1.2000000000000002
-6.140000000000003e-05,0.4,0.4,2.8000000000000003,1.2000000000000002
-6.130000000000003e-05,-0.4,1.2000000000000002,2.0,-0.4
-6.120000000000002e-05,0.4,0.4,1.2000000000000002,0.4
-6.110000000000002e-05,1.2000000000000002,-1.2000000000000002,2.0,0.4
-6.100000000000002e-05,0.4,-0.4,-1.2000000000000002,0.4
-6.090000000000002e-05,-1.2000000000000002,2.8000000000000003,2.8000000000000003,0.4
-6.0800000000000014e-05,-0.4,0.4,0.4,0.4
-6.070000000000001e-05,1.2000000000000002,2.8000000000000003,-2.0,2.0
-6.060000000000001e-05,-0.4,0.4,1.2000000000000002,-1.2000000000000002
-6.050000000000001e-05,0.4,0.4,3.6,0.4
-6.0400000000000004e-05,0.4,2.0,3.6,-0.4
-6.030000000000003e-05,-0.4,1.2000000000000002,0.4,-0.4
-6.020000000000003e-05,0.4,2.0,-2.0,0.4
-6.0100000000000024e-05,1.2000000000000002,2.0,1.2000000000000002,-1.2000000000000002
-6.000000000000002e-05,0.4,0.4,0.4,-0.4
-5.990000000000002e-05,-0.4,1.2000000000000002,1.2000000000000002,1.2000000000000002
-5.980000000000002e-05,0.4,0.4,0.4,-1.2000000000000002
-5.9700000000000015e-05,1.2000000000000002,1.2000000000000002,-0.4,1.2000000000000002
-5.960000000000001e-05,1.2000000000000002,2.0,2.0,1.2000000000000002
-5.950000000000001e-05,-0.4,2.8000000000000003,0.4,2.8000000000000003
-5.940000000000001e-05,0.4,0.4,-0.4,-1.2000000000000002
-5.9300000000000005e-05,-0.4,-0.4,0.4,-0.4
-5.92e-05,-0.4,2.0,-0.4,-0.4
-5.910000000000003e-05,-0.4,0.4,1.2000000000000002,-0.4
-5.9000000000000025e-05,0.4,-1.2000000000000002,1.2000000000000002,-1.2000000000000002
-5.890000000000002e-05,0.4,-0.4,0.4,0.4
-5.880000000000002e-05,-0.4,-1.2000000000000002,-0.4,-1.2000000000000002
-5.870000000000002e-05,0.4,0.4,2.0,0.4
-5.8600000000000015e-05,-1.2000000000000002,4.4,0.4,1.2000000000000002
-5.850000000000001e-05,-0.4,-0.4,-0.4,2.0
-5.840000000000001e-05,0.4,0.4,-0.4,2.0
-5.830000000000001e-05,-0.4,4.4,1.2000000000000002,2.0
-5.8200000000000005e-05,-2.0,2.0,1.2000000000000002,1.2000000000000002
-5.81e-05,2.0,0.4,2.0,2.8000000000000003
-5.800000000000003e-05,1.2000000000000002,2.0,1.2000000000000002,2.8000000000000003
-5.7900000000000025e-05,-1.2000000000000002,2.8000000000000003,-1.2000000000000002,-2.0
-5.780000000000002e-05,2.0,0.4,2.8000000000000003,-0.4
-5.770000000000002e-05,-2.0,0.4,1.2000000000000002,2.0
-5.760000000000002e-05,1.2000000000000002,1.2000000000000002,-0.4,1.2000000000000002
-5.7500000000000015e-05,2.8000000000000003,2.0,-0.4,2.0
-5.740000000000001e-05,0.4,1.2000000000000002,-2.0,2.0
-5.730000000000001e-05,0.4,1.2000000000000002,0.4,0.4
-5.720000000000001e-05,-0.4,0.4,2.0,-0.4
-5.7100000000000006e-05,1.2000000000000002,0.4,0.4,2.0
-5.7e-05,2.8000000000000003,0.4,2.0,-2.0
-5.690000000000003e-05,0.4,0.4,-0.4,0.4
-5.6800000000000025e-05,-1.2000000000000002,1.2000000000000002,0.4,2.0
-5.670000000000002e-05,-0.4,0.4,-0.4,0.4
-5.660000000000002e-05,-0.4,0.4,2.0,2.0
-5.650000000000002e-05,-0.4,0.4,0.4,-1.2000000000000002
-5.6400000000000016e-05,0.4,2.0,-0.4,-0.4
-5.630000000000001e-05,0.4,0.4,2.0,-1.2000000000000002
-5.620000000000001e-05,-0.4,3.6,-1.2000000000000002,1.2000000000000002
-5.610000000000001e-05,0.4,2.8000000000000003,0.4,1.2000000000000002
-5.6000000000000006e-05,0.4,0.4,1.2000000000000002,-1.2000000000000002
-5.5900000000000004e-05,-1.2000000000000002,1.2000000000000002,3.6,2.8000000000000003
-5.580000000000003e-05,-0.4,0.4,1.2000000000000002,1.2000000000000002
-5.5700000000000026e-05,-0.4,0.4,2.0,0.4
-5.560000000000002e-05,0.4,0.4,1.2000000000000002,0.4
-5.550000000000002e-05,-1.2000000000000002,1.2000000000000002,0.4,0.4
-5.540000000000002e-05,-0.4,2.8000000000000003,1.2000000000000002,-0.4
-5.5300000000000016e-05,-1.2000000000000002,3.6,1.2000000000000002,2.0
-5.5200000000000014e-05,2.0,0.4,-0.4,2.0
-5.510000000000001e-05,1.2000000000000002,0.4,-1.2000000000000002,0.4
-5.500000000000001e-05,0.4,1.2000000000000002,0.4,1.2000000000000002
-5.4900000000000006e-05,1.2000000000000002,2.8000000000000003,-0.4,2.0
-5.4800000000000004e-05,-1.2000000000000002,2.0,2.8000000000000003,-0.4
-5.470000000000003e-05,0.4,0.4,-1.2000000000000002,1.2000000000000002
-5.4600000000000026e-05,2.0,0.4,-0.4,-0.4
-5.4500000000000024e-05,-2.0,0.4,2.0,-1.2000000000000002
-5.440000000000002e-05,0.4,0.4,0.4,-1.2000000000000002
-5.430000000000002e-05,-1.2000000000000002,2.0,0.4,1.2000000000000002
-5.4200000000000016e-05,1.2000000000000002,4.4,2.0,1.2000000000000002
-5.4100000000000014e-05,-1.2000000000000002,-0.4,-1.2000000000000002,0.4
-5.400000000000001e-05,-0.4,2.0,-1.2000000000000002,-1.2000000000000002
-5.390000000000001e-05,0.4,2.0,0.4,-0.4
-5.380000000000001e-05,0.4,0.4,2.0,2.0
-5.3700000000000004e-05,1.2000000000000002,2.8000000000000003,1.2000000000000002,1.2000000000000002
-5.360000000000003e-05,-0.4,2.0,0.4,0.4
-5.3500000000000026e-05,1.2000000000000002,-0.4,-0.4,-0.4
-5.3400000000000024e-05,-0.4,1.2000000000000002,0.4,1.2000000000000002
-5.330000000000002e-05,-1.2000000000000002,2.8000000000000003,2.0,1.2000000000000002
-5.320000000000002e-05,-1.2000000000000002,-0.4,-2.0,2.0
-5.310000000000002e-05,-1.2000000000000002,1.2000000000000002,2.0,2.0
-5.3000000000000014e-05,-2.8000000000000003,0.4,1.2000000000000002,-1.2000000000000002
-5.290000000000001e-05,-2.8000000000000003,2.8000000000000003,1.2000000000000002,-1.2000000000000002
-5.280000000000001e-05,-0.4,1.2000000000000002,0.4,-0.4
-5.270000000000001e-05,-1.2000000000000002,2.0,2.8000000000000003,-1.2000000000000002
-5.2600000000000005e-05,-0.4,-1.2000000000000002,2.0,2.8000000000000003
-5.250000000000003e-05,1.2000000000000002,3.6,2.0,2.0
-5.240000000000003e-05,1.2000000000000002,-0.4,1.2000000000000002,-1.2000000000000002
-5.2300000000000024e-05,-0.4,1.2000000000000002,-1.2000000000000002,1.2000000000000002
-5.220000000000002e-05,0.4,2.0,1.2000000000000002,1.2000000000000002
-5.210000000000002e-05,0.4,2.0,0.4,0.4
-5.200000000000002e-05,0.4,-2.0,2.0,2.0
-5.1900000000000015e-05,-0.4,1.2000000000000002,2.0,2.0
-5.180000000000001e-05,-0.4,-0.4,-2.0,0.4
-5.170000000000001e-05,-0.4,2.8000000000000003,1.2000000000000002,1.2000000000000002
-5.160000000000001e-05,1.2000000000000002,1.2000000000000002,0.4,2.8000000000000003
-5.1500000000000005e-05,-0.4,1.2000000000000002,1.2000000000000002,2.8000000000000003
-5.140000000000003e-05,-2.8000000000000003,2.8000000000000003,0.4,0.4
-5.130000000000003e-05,-2.0,2.8000000000000003,2.0,-1.2000000000000002
-5.1200000000000025e-05,0.4,-0.4,2.0,-2.8000000000000003
-5.110000000000002e-05,0.4,-0.4,1.2000000000000002,-0.4
-5.100000000000002e-05,-2.8000000000000003,0.4,2.0,1.2000000000000002
-5.090000000000002e-05,-0.4,1.2000000000000002,0.4,0.4
-5.0800000000000015e-05,-1.2000000000000002,1.2000000000000002,0.4,0.4
-5.070000000000001e-05,-0.4,2.0,2.0,-1.2000000000000002
-5.060000000000001e-05,-2.8000000000000003,1.2000000000000002,0.4,2.0
-5.050000000000001e-05,-1.2000000000000002,2.0,-1.2000000000000002,2.0
-5.0400000000000005e-05,0.4,1.2000000000000002,2.8000000000000003,0.4
-5.03e-05,-2.8000000000000003,2.8000000000000003,0.4,1.2000000000000002
-5.020000000000003e-05,2.0,2.0,0.4,-0.4
-5.0100000000000025e-05,1.2000000000000002,3.6,2.8000000000000003,0.4
-5.000000000000002e-05,-2.0,-0.4,-1.2000000000000002,2.0
-4.990000000000002e-05,-0.4,2.0,2.0,0.4
-4.980000000000002e-05,0.4,-0.4,0.4,-1.2000000000000002
-4.9700000000000015e-05,-2.8000000000000003,2.8000000000000003,0.4,0.4
-4.960000000000001e-05,0.4,2.8000000000000003,-0.4,-0.4
-4.950000000000001e-05,2.0,3.6,2.0,0.4
-4.940000000000001e-05,-2.8000000000000003,1.2000000000000002,2.0,1.2000000000000002
-4.9300000000000006e-05,-0.4,0.4,2.0,-1.2000000000000002
-4.92e-05,-0.4,1.2000000000000002,-0.4,0.4
-4.910000000000003e-05,-0.4,1.2000000000000002,1.2000000000000002,-2.0
-4.9000000000000026e-05,-0.4,0.4,1.2000000000000002,2.0
-4.890000000000002e-05,-2.0,0.4,-0.4,2.8000000000000003
-4.880000000000002e-05,0.4,2.8000000000000003,0.4,1.2000000000000002
-4.870000000000002e-05,0.4,0.4,-0.4,-0.4
-4.8600000000000016e-05,-0.4,0.4,-0.4,-0.4
-4.850000000000001e-05,-1.2000000000000002,-0.4,1.2000000000000002,1.2000000000000002
-4.840000000000001e-05,0.4,-0.4,2.8000000000000003,-1.2000000000000002
-4.830000000000001e-05,-0.4,2.0,-0.4,5.2
-4.8200000000000006e-05,0.4,2.8000000000000003,-1.2000000000000002,-1.2000000000000002
-4.8100000000000004e-05,-1.2000000000000002,1.2000000000000002,0.4,-0.4
-4.800000000000003e-05,-0.4,2.0,0.4,0.4
-4.7900000000000026e-05,0.4,2.0,1.2000000000000002,2.0
-4.7800000000000023e-05,-0.4,2.0,0.4,1.2000000000000002
-4.770000000000002e-05,-1.2000000000000002,3.6,1.2000000000000002,1.2000000000000002
-4.760000000000002e-05,-0.4,-0.4,-0.4,0.4
-4.7500000000000016e-05,-0.4,0.4,-0.4,2.0
-4.7400000000000014e-05,0.4,-0.4,1.2000000000000002,-0.4
-4.730000000000001e-05,0.4,-2.0,0.4,0.4
-4.720000000000001e-05,0.4,0.4,-0.4,-1.2000000000000002
-4.7100000000000006e-05,0.4,1.2000000000000002,0.4,0.4
-4.7000000000000004e-05,0.4,0.4,1.2000000000000002,1.2000000000000002
-4.690000000000003e-05,0.4,2.0,0.4,1.2000000000000002
-4.6800000000000026e-05,-1.2000000000000002,0.4,-0.4,0.4
-4.6700000000000024e-05,-0.4,2.0,-2.0,-0.4
-4.660000000000002e-05,-0.4,0.4,1.2000000000000002,-2.0
-4.650000000000002e-05,-1.2000000000000002,2.0,0.4,1.2000000000000002
-4.6400000000000017e-05,1.2000000000000002,0.4,0.4,0.4
-4.6300000000000014e-05,-1.2000000000000002,1.2000000000000002,2.0,2.8000000000000003
-4.620000000000001e-05,-1.2000000000000002,2.8000000000000003,-1.2000000000000002,-2.8000000000000003
-4.610000000000001e-05,0.4,3.6,0.4,0.4
-4.600000000000001e-05,-0.4,1.2000000000000002,1.2000000000000002,-0.4
-4.5900000000000004e-05,0.4,2.8000000000000003,1.2000000000000002,0.4
-4.580000000000003e-05,1.2000000000000002,0.4,-0.4,1.2000000000000002
-4.570000000000003e-05,-1.2000000000000002,0.4,2.0,1.2000000000000002
-4.5600000000000024e-05,-2.0,0.4,1.2000000000000002,0.4
-4.550000000000002e-05,1.2000000000000002,0.4,1.2000000000000002,2.8000000000000003
-4.540000000000002e-05,0.4,2.0,1.2000000000000002,-1.2000000000000002
-4.530000000000002e-05,0.4,2.0,2.0,1.2000000000000002
-4.5200000000000014e-05,-1.2000000000000002,0.4,-0.4,1.2000000000000002
-4.510000000000001e-05,-1.2000000000000002,3.6,-1.2000000000000002,-1.2000000000000002
-4.500000000000001e-05,-1.2000000000000002,0.4,-0.4,-0.4
-4.490000000000001e-05,-2.0,-1.2000000000000002,2.0,1.2000000000000002
-4.4800000000000005e-05,0.4,0.4,2.8000000000000003,1.2000000000000002
-4.470000000000003e-05,-1.2000000000000002,2.8000000000000003,1.2000000000000002,0.4
-4.460000000000003e-05,0.4,1.2000000000000002,2.8000000000000003,1.2000000000000002
-4.4500000000000025e-05,-0.4,-0.4,4.4,0.4
-4.440000000000002e-05,0.4,-2.0,1.2000000000000002,2.8000000000000003
-4.430000000000002e-05,-1.2000000000000002,2.8000000000000003,-0.4,-2.0
-4.420000000000002e-05,-2.8000000000000003,0.4,-2.0,-1.2000000000000002
-4.4100000000000015e-05,4.4,2.0,2.0,3.6
-4.400000000000001e-05,-1.2000000000000002,1.2000000000000002,2.8000000000000003,-2.0
-4.390000000000001e-05,1.2000000000000002,2.8000000000000003,-0.4,1.2000000000000002
-4.380000000000001e-05,0.4,-0.4,3.6,0.4
-4.3700000000000005e-05,2.0,2.8000000000000003,2.0,1.2000000000000002
-4.360000000000003e-05,1.2000000000000002,2.8000000000000003,2.0,-2.0
-4.350000000000003e-05,-1.2000000000000002,1.2000000000000002,2.0,-1.2000000000000002
-4.3400000000000025e-05,-0.4,1.2000000000000002,1.2000000000000002,-0.4
-4.330000000000002e-05,-0.4,0.4,2.8000000000000003,0.4
-4.320000000000002e-05,-0.4,1.2000000000000002,3.6,-1.2000000000000002
-4.310000000000002e-05,0.4,2.0,0.4,-2.0
-4.3000000000000015e-05,-1.2000000000000002,1.2000000000000002,-0.4,1.2000000000000002
-4.290000000000001e-05,-1.2000000000000002,3.6,1.2000000000000002,0.4
-4.280000000000001e-05,-0.4,1.2000000000000002,2.0,-1.2000000000000002
-4.270000000000001e-05,0.4,1.2000000000000002,-0.4,-0.4
-4.2600000000000005e-05,1.2000000000000002,2.0,-0.4,-2.0
-4.250000000000003e-05,1.2000000000000002,0.4,2.0,-0.4
-4.240000000000003e-05,0.4,2.8000000000000003,2.0,-0.4
-4.2300000000000025e-05,-0.4,2.0,2.8000000000000003,1.2000000000000002
-4.220000000000002e-05,0.4,0.4,0.4,-0.4
-4.210000000000002e-05,-3.6,2.8000000000000003,-0.4,2.0
-4.200000000000002e-05,-2.0,1.2000000000000002,0.4,-0.4
-4.1900000000000016e-05,-0.4,0.4,-0.4,-0.4
-4.180000000000001e-05,-0.4,1.2000000000000002,0.4,2.0
-4.170000000000001e-05,-0.4,-0.4,0.4,0.4
-4.160000000000001e-05,-0.4,1.2000000000000002,-2.0,2.0
-4.1500000000000006e-05,-1.2000000000000002,2.0,-1.2000000000000002,1.2000000000000002
-4.1400000000000003e-05,0.4,1.2000000000000002,2.0,0.4
-4.130000000000003e-05,2.8000000000000003,1.2000000000000002,2.0,-1.2000000000000002
-4.1200000000000026e-05,-0.4,2.0,1.2000000000000002,0.4
-4.110000000000002e-05,-0.4,2.8000000000000003,2.8000000000000003,0.4
-4.100000000000002e-05,-0.4,2.0,2.0,2.0
-4.090000000000002e-05,-2.0,2.0,2.0,0.4
-4.0800000000000016e-05,-2.0,-0.4,2.0,1.2000000000000002
-4.0700000000000014e-05,0.4,0.4,-1.2000000000000002,0.4
-4.060000000000001e-05,0.4,1.2000000000000002,3.6,1.2000000000000002
-4.050000000000001e-05,-0.4,1.2000000000000002,2.0,2.0
-4.0400000000000006e-05,2.0,2.8000000000000003,2.8000000000000003,2.0
-4.0300000000000004e-05,0.4,2.0,2.8000000000000003,2.8000000000000003
-4.020000000000003e-05,0.4,0.4,-0.4,1.2000000000000002
-4.0100000000000026e-05,-0.4,0.4,2.0,2.8000000000000003
-4.0000000000000024e-05,2.8000000000000003,0.4,-2.0,1.2000000000000002
-3.990000000000002e-05,1.2000000000000002,2.0,-2.0,0.4
-3.980000000000002e-05,0.4,0.4,1.2000000000000002,-0.4
-3.9700000000000016e-05,0.4,1.2000000000000002,-1.2000000000000002,2.0
-3.9600000000000014e-05,0.4,2.0,-1.2000000000000002,0.4
-3.950000000000001e-05,-2.8000000000000003,2.8000000000000003,2.8000000000000003,-2.0
-3.940000000000001e-05,-0.4,0.4,1.2000000000000002,1.2000000000000002
-3.9300000000000007e-05,0.4,0.4,0.4,0.4
-3.9200000000000004e-05,0.4,2.8000000000000003,1.2000000000000002,3.6
-3.910000000000003e-05,0.4,1.2000000000000002,2.0,-1.2000000000000002
-3.9000000000000026e-05,1.2000000000000002,2.0,0.4,2.8000000000000003
-3.8900000000000024e-05,0.4,2.8000000000000003,1.2000000000000002,0.4
-3.880000000000002e-05,-1.2000000000000002,2.0,0.4,0.4
-3.870000000000002e-05,-0.4,-0.4,0.4,0.4
-3.860000000000002e-05,0.4,2.0,1.2000000000000002,-2.0
-3.8500000000000014e-05,-2.0,-0.4,2.8000000000000003,3.6
-3.840000000000001e-05,0.4,1.2000000000000002,0.4,1.2000000000000002
-3.830000000000001e-05,1.2000000000000002,2.0,2.0,2.8000000000000003
-3.820000000000001e-05,0.4,1.2000000000000002,0.4,-1.2000000000000002
-3.8100000000000005e-05,-2.0,0.4,2.0,1.2000000000000002
-3.800000000000003e-05,0.4,2.8000000000000003,1.2000000000000002,1.2000000000000002
-3.790000000000003e-05,-0.4,1.2000000000000002,1.2000000000000002,1.2000000000000002
-3.7800000000000024e-05,1.2000000000000002,1.2000000000000002,-2.8000000000000003,0.4
-3.770000000000002e-05,-0.4,0.4,2.8000000000000003,-0.4
-3.760000000000002e-05,0.4,-0.4,1.2000000000000002,0.4
-3.750000000000002e-05,0.4,0.4,1.2000000000000002,3.6
-3.7400000000000015e-05,-0.4,2.8000000000000003,0.4,0.4
-3.730000000000001e-05,-2.8000000000000003,2.0,1.2000000000000002,2.8000000000000003
-3.720000000000001e-05,-2.0,2.8000000000000003,0.4,-0.4
-3.710000000000001e-05,0.4,-0.4,2.0,0.4
-3.7000000000000005e-05,1.2000000000000002,-1.2000000000000002,0.4,2.0
-3.690000000000003e-05,0.4,1.2000000000000002,1.2000000000000002,0.4
-3.680000000000003e-05,-2.8000000000000003,-1.2000000000000002,0.4,0.4
-3.6700000000000025e-05,0.4,-1.2000000000000002,-1.2000000000000002,-0.4
-3.660000000000002e-05,0.4,2.0,0.4,1.2000000000000002
-3.650000000000002e-05,-0.4,1.2000000000000002,2.8000000000000003,-1.2000000000000002
-3.640000000000002e-05,0.4,0.4,0.4,0.4
-3.6300000000000015e-05,1.2000000000000002,2.0,0.4,2.8000000000000003
-3.620000000000001e-05,-0.4,2.0,0.4,2.0
-3.610000000000001e-05,-1.2000000000000002,4.4,1.2000000000000002,0.4
-3.600000000000001e-05,-1.2000000000000002,0.4,0.4,0.4
-3.5900000000000005e-05,-0.4,0.4,1.2000000000000002,-1.2000000000000002
-3.580000000000003e-05,0.4,2.0,0.4,1.2000000000000002
-3.570000000000003e-05,2.8000000000000003,1.2000000000000002,1.2000000000000002,1.2000000000000002
-3.5600000000000025e-05,-1.2000000000000002,1.2000000000000002,1.2000000000000002,0.4
-3.550000000000002e-05,0.4,2.0,-0.4,0.4
-3.540000000000002e-05,-0.4,-0.4,-1.2000000000000002,-2.8000000000000003
-3.530000000000002e-05,0.4,3.6,2.0,-1.2000000000000002
-3.5200000000000015e-05,-3.6,-2.0,1.2000000000000002,-0.4
-3.510000000000001e-05,-0.4,2.8000000000000003,1.2000000000000002,2.8000000000000003
-3.500000000000001e-05,0.4,1.2000000000000002,-0.4,1.2000000000000002
-3.490000000000001e-05,-1.2000000000000002,0.4,0.4,0.4
-3.4800000000000006e-05,0.4,-0.4,2.0,0.4
-3.470000000000003e-05,0.4,0.4,-0.4,1.2000000000000002
-3.460000000000003e-05,1.2000000000000002,1.2000000000000002,2.0,2.8000000000000003
-3.4500000000000025e-05,-0.4,-0.4,-1.2000000000000002,0.4
-3.440000000000002e-05,1.2000000000000002,2.8000000000000003,2.0,-0.4
-3.430000000000002e-05,-1.2000000000000002,1.2000000000000002,-1.2000000000000002,1.2000000000000002
-3.420000000000002e-05,2.0,1.2000000000000002,3.6,-0.4
-3.4100000000000016e-05,0.4,1.2000000000000002,-0.4,2.8000000000000003
-3.400000000000001e-05,0.4,0.4,2.0,0.4
-3.390000000000001e-05,1.2000000000000002,0.4,0.4,2.0
-3.380000000000001e-05,0.4,1.2000000000000002,2.8000000000000003,-2.0
-3.3700000000000006e-05,1.2000000000000002,-0.4,2.0,2.8000000000000003
-3.360000000000003e-05,0.4,1.2000000000000002,0.4,1.2000000000000002
-3.350000000000003e-05,0.4,1.2000000000000002,-0.4,0.4
-3.3400000000000026e-05,0.4,1.2000000000000002,2.0,-1.2000000000000002
-3.330000000000002e-05,0.4,1.2000000000000002,0.4,1.2000000000000002
-3.320000000000002e-05,-0.4,2.8000000000000003,2.0,0.4
-3.310000000000002e-05,-2.0,2.0,0.4,-0.4
-3.3000000000000016e-05,1.2000000000000002,1.2000000000000002,3.6,0.4
-3.2900000000000014e-05,1.2000000000000002,0.4,3.6,-0.4
-3.280000000000001e-05,0.4,1.2000000000000002,1.2000000000000002,1.2000000000000002
-3.270000000000001e-05,1.2000000000000002,1.2000000000000002,1.2000000000000002,2.0
-3.2600000000000006e-05,-0.4,-1.2000000000000002,2.0,1.2000000000000002
-3.2500000000000004e-05,-0.4,2.8000000000000003,-0.4,0.4
-3.240000000000003e-05,0.4,0.4,0.4,2.0
-3.2300000000000026e-05,1.2000000000000002,3.6,-0.4,0.4
-3.2200000000000024e-05,0.4,2.8000000000000003,2.8000000000000003,-1.2000000000000002
-3.210000000000002e-05,0.4,1.2000000000000002,-0.4,2.8000000000000003
-3.200000000000002e-05,1.2000000000000002,2.0,1.2000000000000002,-1.2000000000000002
-3.1900000000000016e-05,-1.2000000000000002,1.2000000000000002,2.0,0.4
-3.1800000000000014e-05,-0.4,-1.2000000000000002,2.0,2.0
-3.170000000000001e-05,-1.2000000000000002,-0.4,0.4,0.4
-3.160000000000001e-05,-0.4,1.2000000000000002,0.4,-0.4
-3.150000000000001e-05,1.2000000000000002,0.4,1.2000000000000002,2.0
-3.1400000000000004e-05,1.2000000000000002,0.4,1.2000000000000002,1.2000000000000002
-3.130000000000003e-05,0.4,-0.4,-0.4,2.8000000000000003
-3.1200000000000027e-05,-0.4,-1.2000000000000002,-0.4,0.4
-3.1100000000000024e-05,-2.0,0.4,0.4,2.0
-3.100000000000002e-05,-0.4,0.4,1.2000000000000002,-1.2000000000000002
-3.090000000000002e-05,0.4,2.8000000000000003,0.4,2.0
-3.080000000000002e-05,-1.2000000000000002,1.2000000000000002,2.0,-0.4
-3.0700000000000014e-05,1.2000000000000002,0.4,-0.4,-0.4
-3.060000000000001e-05,1.2000000000000002,1.2000000000000002,3.6,1.2000000000000002
-3.050000000000001e-05,0.4,2.0,0.4,-1.2000000000000002
-3.0400000000000007e-05,-0.4,0.4,0.4,1.2000000000000002
-3.0300000000000005e-05,-2.0,1.2000000000000002,-1.2000000000000002,2.0
-3.020000000000003e-05,0.4,-0.4,-2.8000000000000003,1.2000000000000002
-3.0100000000000027e-05,-0.4,1.2000000000000002,-1.2000000000000002,-0.4
-3.0000000000000024e-05,0.4,-0.4,0.4,1.2000000000000002
-2.9900000000000022e-05,-0.4,0.4,1.2000000000000002,-0.4
-2.980000000000002e-05,-0.4,2.8000000000000003,-0.4,0.4
-2.9700000000000017e-05,0.4,1.2000000000000002,0.4,1.2000000000000002
-2.9600000000000015e-05,0.4,2.0,2.0,0.4
-2.9500000000000012e-05,0.4,2.8000000000000003,0.4,2.8000000000000003
-2.940000000000001e-05,-0.4,3.6,-0.4,0.4
-2.9300000000000007e-05,0.4,-0.4,1.2000000000000002,0.4
-2.9200000000000005e-05,0.4,4.4,2.0,2.0
-2.910000000000003e-05,-0.4,1.2000000000000002,2.0,0.4
-2.9000000000000027e-05,1.2000000000000002,-0.4,1.2000000000000002,0.4
-2.8900000000000025e-05,1.2000000000000002,2.0,-1.2000000000000002,0.4
-2.8800000000000022e-05,1.2000000000000002,1.2000000000000002,1.2000000000000002,0.4
-2.870000000000002e-05,0.4,3.6,-1.2000000000000002,0.4
-2.8600000000000018e-05,-2.8000000000000003,2.0,2.0,0.4
-2.8500000000000015e-05,-0.4,3.6,-2.0,-0.4
-2.8400000000000013e-05,-1.2000000000000002,-1.2000000000000002,0.4,1.2000000000000002
-2.830000000000001e-05,0.4,1.2000000000000002,0.4,1.2000000000000002
-2.8200000000000008e-05,0.4,2.8000000000000003,2.8000000000000003,-0.4
-2.8100000000000005e-05,0.4,0.4,-0.4,0.4
-2.800000000000003e-05,0.4,-0.4,1.2000000000000002,0.4
-2.7900000000000028e-05,2.8000000000000003,0.4,0.4,2.0
-2.7800000000000025e-05,1.2000000000000002,2.8000000000000003,-1.2000000000000002,-1.2000000000000002
-2.7700000000000023e-05,0.4,3.6,2.0,0.4
-2.760000000000002e-05,-2.8000000000000003,2.8000000000000003,1.2000000000000002,-0.4
-2.7500000000000018e-05,1.2000000000000002,0.4,2.0,0.4
-2.7400000000000015e-05,1.2000000000000002,0.4,-0.4,1.2000000000000002
-2.7300000000000013e-05,1.2000000000000002,0.4,2.8000000000000003,-2.0
-2.720000000000001e-05,-1.2000000000000002,0.4,0.4,0.4
-2.7100000000000008e-05,-0.4,0.4,-2.8000000000000003,-1.2000000000000002
-2.7000000000000006e-05,0.4,4.4,1.2000000000000002,2.8000000000000003
-2.690000000000003e-05,-0.4,3.6,1.2000000000000002,0.4
-2.6800000000000028e-05,0.4,-0.4,0.4,-2.0
-2.6700000000000026e-05,1.2000000000000002,1.2000000000000002,0.4,-0.4
-2.6600000000000023e-05,2.0,2.0,2.8000000000000003,2.0
-2.650000000000002e-05,-0.4,-0.4,2.8000000000000003,2.8000000000000003
-2.6400000000000018e-05,-0.4,2.0,1.2000000000000002,-2.0
-2.6300000000000016e-05,1.2000000000000002,-2.0,-0.4,2.0
-2.6200000000000013e-05,-0.4,2.8000000000000003,-1.2000000000000002,-1.2000000000000002
-2.610000000000001e-05,0.4,-0.4,-0.4,0.4
-2.600000000000001e-05,-1.2000000000000002,1.2000000000000002,1.2000000000000002,0.4
-2.5900000000000006e-05,-0.4,-0.4,-0.4,1.2000000000000002
-2.580000000000003e-05,2.0,0.4,2.8000000000000003,-0.4
-2.570000000000003e-05,0.4,1.2000000000000002,3.6,0.4
-2.5600000000000026e-05,2.0,2.0,-1.2000000000000002,-1.2000000000000002
-2.5500000000000024e-05,-2.0,0.4,-0.4,0.4
-2.540000000000002e-05,1.2000000000000002,-0.4,2.8000000000000003,-0.4
-2.530000000000002e-05,-1.2000000000000002,2.8000000000000003,2.0,-1.2000000000000002
-2.5200000000000016e-05,-0.4,0.4,3.6,1.2000000000000002
-2.5100000000000014e-05,-0.4,2.8000000000000003,2.0,0.4
-2.500000000000001e-05,0.4,1.2000000000000002,-1.2000000000000002,2.0
-2.490000000000001e-05,-0.4,2.8000000000000003,2.8000000000000003,1.2000000000000002
-2.4800000000000007e-05,2.0,1.2000000000000002,1.2000000000000002,-1.2000000000000002
-2.4700000000000004e-05,-2.0,1.2000000000000002,0.4,-0.4
-2.460000000000003e-05,-1.2000000000000002,1.2000000000000002,1.2000000000000002,0.4
-2.4500000000000026e-05,-0.4,-1.2000000000000002,0.4,2.8000000000000003
-2.4400000000000024e-05,-0.4,1.2000000000000002,2.8000000000000003,1.2000000000000002
-2.430000000000002e-05,0.4,0.4,1.2000000000000002,-0.4
-2.420000000000002e-05,-1.2000000000000002,2.0,-2.0,0.4
-2.4100000000000017e-05,-1.2000000000000002,-0.4,-0.4,-1.2000000000000002
-2.4000000000000014e-05,0.4,-0.4,-1.2000000000000002,-0.4
-2.3900000000000012e-05,-0.4,0.4,0.4,0.4
-2.380000000000001e-05,-1.2000000000000002,0.4,1.2000000000000002,2.0
-2.3700000000000007e-05,1.2000000000000002,2.8000000000000003,2.0,-1.2000000000000002
-2.3600000000000004e-05,0.4,2.8000000000000003,2.0,-1.2000000000000002
-2.350000000000003e-05,-1.2000000000000002,2.0,-0.4,-0.4
-2.3400000000000027e-05,-1.2000000000000002,2.8000000000000003,2.8000000000000003,-0.4
-2.3300000000000024e-05,0.4,0.4,0.4,1.2000000000000002
-2.3200000000000022e-05,-2.8000000000000003,2.8000000000000003,1.2000000000000002,-1.2000000000000002
-2.310000000000002e-05,-0.4,1.2000000000000002,1.2000000000000002,2.8000000000000003
-2.3000000000000017e-05,-1.2000000000000002,1.2000000000000002,0.4,0.4
-2.2900000000000015e-05,0.4,-2.0,-0.4,-0.4
-2.2800000000000012e-05,1.2000000000000002,-0.4,0.4,1.2000000000000002
-2.270000000000001e-05,2.0,-0.4,-1.2000000000000002,-0.4
-2.2600000000000007e-05,-2.0,2.8000000000000003,-0.4,-1.2000000000000002
-2.2500000000000005e-05,-1.2000000000000002,-0.4,0.4,-2.0
-2.240000000000003e-05,-1.2000000000000002,-0.4,-0.4,-1.2000000000000002
-2.2300000000000027e-05,0.4,0.4,1.2000000000000002,-0.4
-2.2200000000000025e-05,0.4,-0.4,1.2000000000000002,1.2000000000000002
-2.2100000000000022e-05,-0.4,-0.4,1.2000000000000002,1.2000000000000002
-2.200000000000002e-05,-1.2000000000000002,-0.4,2.0,0.4
-2.1900000000000017e-05,0.4,1.2000000000000002,0.4,-1.2000000000000002
-2.1800000000000015e-05,-0.4,3.6,-0.4,1.2000000000000002
-2.1700000000000012e-05,0.4,2.0,1.2000000000000002,2.0
-2.160000000000001e-05,-0.4,1.2000000000000002,2.0,-3.6
-2.1500000000000008e-05,-0.4,1.2000000000000002,-0.4,0.4
-2.1400000000000005e-05,2.0,-1.2000000000000002,2.8000000000000003,2.8000000000000003
-2.130000000000003e-05,1.2000000000000002,-1.2000000000000002,2.8000000000000003,-0.4
-2.1200000000000027e-05,-0.4,3.6,-0.4,0.4
-2.1100000000000025e-05,1.2000000000000002,0.4,2.0,-1.2000000000000002
-2.1000000000000023e-05,-0.4,1.2000000000000002,1.2000000000000002,-0.4
-2.090000000000002e-05,-0.4,3.6,-0.4,0.4
-2.0800000000000018e-05,-0.4,0.4,-0.4,2.0
-2.0700000000000015e-05,0.4,0.4,1.2000000000000002,-0.4
-2.0600000000000013e-05,0.4,2.0,2.0,-1.2000000000000002
-2.050000000000001e-05,1.2000000000000002,1.2000000000000002,-0.4,-1.2000000000000002
-2.0400000000000008e-05,0.4,2.0,0.4,-1.2000000000000002
-2.0300000000000006e-05,1.2000000000000002,2.0,-0.4,-0.4
-2.020000000000003e-05,2.0,1.2000000000000002,-1.2000000000000002,-1.2000000000000002
-2.0100000000000028e-05,1.2000000000000002,2.0,1.2000000000000002,0.4
-2.0000000000000025e-05,1.2000000000000002,1.2000000000000002,1.2000000000000002,2.8000000000000003
-1.9900000000000023e-05,-0.4,2.8000000000000003,2.0,0.4
-1.980000000000002e-05,0.4,1.2000000000000002,2.8000000000000003,1.2000000000000002
-1.9700000000000018e-05,0.4,1.2000000000000002,2.8000000000000003,-2.8000000000000003
-1.9600000000000016e-05,1.2000000000000002,0.4,0.4,0.4
-1.9500000000000013e-05,0.4,0.4,2.8000000000000003,0.4
-1.940000000000001e-05,1.2000000000000002,1.2000000000000002,-1.2000000000000002,-1.2000000000000002
-1.930000000000001e-05,1.2000000000000002,2.8000000000000003,2.0,2.8000000000000003
-1.9200000000000006e-05,0.4,5.2,2.0,1.2000000000000002
-1.910000000000003e-05,-2.0,1.2000000000000002,1.2000000000000002,0.4
-1.9000000000000028e-05,0.4,2.0,-2.0,2.0
-1.8900000000000026e-05,-0.4,2.0,1.2000000000000002,0.4
-1.8800000000000023e-05,-1.2000000000000002,2.0,1.2000000000000002,-1.2000000000000002
-1.870000000000002e-05,1.2000000000000002,-1.2000000000000002,1.2000000000000002,-1.2000000000000002
-1.860000000000002e-05,2.0,1.2000000000000002,2.8000000000000003,0.4
-1.8500000000000016e-05,0.4,1.2000000000000002,2.0,-2.0
-1.8400000000000014e-05,-0.4,0.4,-2.8000000000000003,0.4
-1.830000000000001e-05,0.4,2.0,1.2000000000000002,0.4
-1.820000000000001e-05,1.2000000000000002,-1.2000000000000002,1.2000000000000002,0.4
-1.8100000000000006e-05,-0.4,2.0,2.0,-2.0
-1.800000000000003e-05,-2.8000000000000003,-0.4,-0.4,-1.2000000000000002
-1.790000000000003e-05,0.4,1.2000000000000002,2.8000000000000003,-0.4
-1.7800000000000026e-05,-1.2000000000000002,1.2000000000000002,1.2000000000000002,2.0
-1.7700000000000024e-05,1.2000000000000002,2.8000000000000003,-0.4,-0.4
-1.760000000000002e-05,-0.4,1.2000000000000002,1.2000000000000002,2.8000000000000003
-1.750000000000002e-05,0.4,1.2000000000000002,2.8000000000000003,-0.4
-1.7400000000000016e-05,-0.4,1.2000000000000002,0.4,-0.4
-1.7300000000000014e-05,1.2000000000000002,2.0,-0.4,-1.2000000000000002
-1.720000000000001e-05,-0.4,-0.4,1.2000000000000002,0.4
-1.710000000000001e-05,1.2000000000000002,1.2000000000000002,0.4,-0.4
-1.7000000000000007e-05,0.4,1.2000000000000002,0.4,0.4
-1.690000000000003e-05,1.2000000000000002,0.4,-1.2000000000000002,-0.4
-1.680000000000003e-05,-0.4,-0.4,2.0,-0.4
-1.6700000000000026e-05,-1.2000000000000002,0.4,2.8000000000000003,1.2000000000000002
-1.6600000000000024e-05,0.4,1.2000000000000002,0.4,-2.0
-1.650000000000002e-05,-0.4,1.2000000000000002,0.4,1.2000000000000002
-1.640000000000002e-05,-2.0,0.4,-0.4,2.8000000000000003
-1.6300000000000017e-05,0.4,1.2000000000000002,0.4,0.4
-1.6200000000000014e-05,1.2000000000000002,2.8000000000000003,1.2000000000000002,-0.4
-1.6100000000000012e-05,0.4,1.2000000000000002,-1.2000000000000002,0.4
-1.600000000000001e-05,1.2000000000000002,2.0,1.2000000000000002,0.4
-1.5900000000000007e-05,0.4,0.4,-0.4,1.2000000000000002
-1.5800000000000005e-05,0.4,1.2000000000000002,0.4,-0.4
-1.570000000000003e-05,0.4,-1.2000000000000002,2.8000000000000003,0.4
-1.5600000000000027e-05,-0.4,1.2000000000000002,0.4,1.2000000000000002
-1.5500000000000024e-05,0.4,0.4,0.4,2.0
-1.5400000000000022e-05,-2.8000000000000003,2.8000000000000003,-0.4,-0.4
-1.530000000000002e-05,0.4,2.0,2.0,1.2000000000000002
-1.5200000000000017e-05,0.4,1.2000000000000002,0.4,1.2000000000000002
-1.5100000000000015e-05,-0.4,0.4,0.4,0.4
-1.5000000000000012e-05,-1.2000000000000002,2.0,1.2000000000000002,2.0
-1.490000000000001e-05,-0.4,0.4,0.4,0.4
-1.4800000000000007e-05,1.2000000000000002,2.8000000000000003,2.0,0.4
-1.4700000000000005e-05,-2.8000000000000003,3.6,2.0,2.8000000000000003
-1.460000000000003e-05,-2.0,2.0,2.0,1.2000000000000002
-1.4500000000000027e-05,0.4,2.0,-0.4,2.0
-1.4400000000000025e-05,1.2000000000000002,1.2000000000000002,0.4,0.4
-1.4300000000000022e-05,1.2000000000000002,2.0,1.2000000000000002,1.2000000000000002
-1.420000000000002e-05,0.4,1.2000000000000002,1.2000000000000002,1.2000000000000002
-1.4100000000000017e-05,0.4,2.8000000000000003,-0.4,-0.4
-1.4000000000000015e-05,-1.2000000000000002,-1.2000000000000002,0.4,1.2000000000000002
-1.3900000000000013e-05,2.0,1.2000000000000002,0.4,2.0
-1.380000000000001e-05,-1.2000000000000002,1.2000000000000002,-0.4,0.4
-1.3700000000000008e-05,-0.4,2.8000000000000003,-0.4,2.0
-1.3600000000000005e-05,0.4,3.6,-0.4,0.4
-1.350000000000003e-05,-2.0,0.4,1.2000000000000002,-0.4
-1.3400000000000028e-05,0.4,-2.0,0.4,2.0
-1.3300000000000025e-05,-1.2000000000000002,-1.2000000000000002,1.2000000000000002,-0.4
-1.3200000000000023e-05,-1.2000000000000002,2.8000000000000003,2.0,-0.4
-1.310000000000002e-05,2.8000000000000003,-1.2000000000000002,0.4,-1.2000000000000002
-1.3000000000000018e-05,0.4,-0.4,1.2000000000000002,-1.2000000000000002
-1.2900000000000015e-05,-1.2000000000000002,0.4,2.0,-0.4
-1.2800000000000013e-05,-2.0,2.0,-2.8000000000000003,-2.8000000000000003
-1.270000000000001e-05,-1.2000000000000002,2.8000000000000003,-0.4,0.4
-1.2600000000000008e-05,0.4,0.4,-0.4,0.4
-1.2500000000000006e-05,0.4,0.4,2.0,-2.0
-1.240000000000003e-05,-0.4,1.2000000000000002,1.2000000000000002,2.8000000000000003
-1.2300000000000028e-05,-2.0,1.2000000000000002,0.4,2.0
-1.2200000000000025e-05,0.4,2.8000000000000003,1.2000000000000002,1.2000000000000002
-1.2100000000000023e-05,1.2000000000000002,0.4,3.6,0.4
-1.200000000000002e-05,0.4,2.0,0.4,2.0
-1.1900000000000018e-05,1.2000000000000002,0.4,1.2000000000000002,1.2000000000000002
-1.1800000000000016e-05,0.4,1.2000000000000002,0.4,-1.2000000000000002
-1.1700000000000013e-05,1.2000000000000002,-1.2000000000000002,2.0,4.4
-1.1600000000000011e-05,-1.2000000000000002,-0.4,0.4,-1.2000000000000002
-1.1500000000000008e-05,-1.2000000000000002,4.4,0.4,1.2000000000000002
-1.1400000000000006e-05,-1.2000000000000002,2.8000000000000003,2.8000000000000003,0.4
-1.130000000000003e-05,-0.4,1.2000000000000002,2.0,-0.4
-1.1200000000000028e-05,-1.2000000000000002,-1.2000000000000002,2.0,2.8000000000000003
-1.1100000000000026e-05,-0.4,0.4,2.0,1.2000000000000002
-1.1000000000000023e-05,-0.4,1.2000000000000002,0.4,0.4
-1.0900000000000021e-05,1.2000000000000002,0.4,2.0,0.4
-1.0800000000000019e-05,2.0,1.2000000000000002,0.4,1.2000000000000002
-1.0700000000000016e-05,-0.4,1.2000000000000002,1.2000000000000002,1.2000000000000002
-1.0600000000000014e-05,-2.0,-1.2000000000000002,0.4,-1.2000000000000002
-1.0500000000000011e-05,-2.0,0.4,2.0,0.4
-1.0400000000000009e-05,-0.4,1.2000000000000002,2.0,-1.2000000000000002
-1.0300000000000006e-05,-2.0,-0.4,-0.4,2.0
-1.0200000000000031e-05,-0.4,2.8000000000000003,-1.2000000000000002,-1.2000000000000002
-1.0100000000000029e-05,1.2000000000000002,0.4,2.0,2.0
-1.0000000000000026e-05,0.4,1.2000000000000002,2.0,2.0
-9.900000000000024e-06,0.4,2.0,2.0,-0.4
-9.800000000000021e-06,0.4,0.4,0.4,-0.4
-9.700000000000019e-06,-1.2000000000000002,1.2000000000000002,-0.4,1.2000000000000002
-9.600000000000017e-06,0.4,1.2000000000000002,0.4,2.0
-9.500000000000014e-06,1.2000000000000002,1.2000000000000002,0.4,5.2
-9.400000000000012e-06,2.0,2.0,0.4,0.4
-9.30000000000001e-06,-1.2000000000000002,0.4,1.2000000000000002,-1.2000000000000002
-9.200000000000007e-06,-2.0,2.8000000000000003,1.2000000000000002,1.2000000000000002
-9.100000000000031e-06,0.4,3.6,2.0,-0.4
-9.000000000000029e-06,-1.2000000000000002,1.2000000000000002,0.4,1.2000000000000002
-8.900000000000027e-06,1.2000000000000002,0.4,-1.2000000000000002,2.0
-8.800000000000024e-06,2.0,-0.4,-1.2000000000000002,0.4
-8.700000000000022e-06,-0.4,2.0,2.0,2.8000000000000003
-8.60000000000002e-06,-0.4,0.4,0.4,0.4
-8.500000000000017e-06,-2.0,1.2000000000000002,0.4,-1.2000000000000002
-8.400000000000014e-06,-1.2000000000000002,0.4,-0.4,1.2000000000000002
-8.300000000000012e-06,-0.4,1.2000000000000002,-2.0,0.4
-8.20000000000001e-06,-2.0,0.4,1.2000000000000002,1.2000000000000002
-8.100000000000007e-06,1.2000000000000002,-1.2000000000000002,0.4,0.4
-8.000000000000005e-06,-1.2000000000000002,2.0,2.8000000000000003,0.4
-7.90000000000003e-06,-0.4,1.2000000000000002,-0.4,-0.4
-7.800000000000027e-06,-0.4,4.4,1.2000000000000002,-0.4
-7.700000000000025e-06,1.2000000000000002,1.2000000000000002,1.2000000000000002,2.0
-7.600000000000022e-06,-1.2000000000000002,1.2000000000000002,1.2000000000000002,-1.2000000000000002
-7.50000000000002e-06,0.4,-1.2000000000000002,1.2000000000000002,-0.4
-7.400000000000017e-06,1.2000000000000002,1.2000000000000002,0.4,-1.2000000000000002
-7.300000000000015e-06,-2.0,1.2000000000000002,0.4,2.0
-7.200000000000012e-06,-1.2000000000000002,-0.4,1.2000000000000002,0.4
-7.10000000000001e-06,0.4,-0.4,1.2000000000000002,0.4
-7.0000000000000075e-06,-1.2000000000000002,2.0,2.0,0.4
-6.900000000000005e-06,0.4,2.8000000000000003,-0.4,2.0
-6.80000000000003e-06,-2.0,2.8000000000000003,2.0,0.4
-6.700000000000027e-06,-2.8000000000000003,1.2000000000000002,1.2000000000000002,2.0
-6.600000000000025e-06,1.2000000000000002,0.4,0.4,1.2000000000000002
-6.5000000000000225e-06,1.2000000000000002,1.2000000000000002,4.4,1.2000000000000002
-6.40000000000002e-06,0.4,2.0,-1.2000000000000002,0.4
-6.300000000000018e-06,-0.4,-1.2000000000000002,2.0,-0.4
-6.200000000000015e-06,-1.2000000000000002,-0.4,2.0,-1.2000000000000002
-6.100000000000013e-06,-0.4,0.4,0.4,1.2000000000000002
-6.00000000000001e-06,-1.2000000000000002,1.2000000000000002,0.4,2.0
-5.900000000000008e-06,1.2000000000000002,-1.2000000000000002,4.4,0.4
-5.8000000000000055e-06,-0.4,-1.2000000000000002,1.2000000000000002,0.4
-5.70000000000003e-06,-2.0,4.4,0.4,0.4
-5.600000000000028e-06,-0.4,1.2000000000000002,1.2000000000000002,1.2000000000000002
-5.500000000000025e-06,-1.2000000000000002,2.8000000000000003,-1.2000000000000002,-1.2000000000000002
-5.400000000000023e-06,2.0,2.8000000000000003,0.4,0.4
-5.30000000000002e-06,-0.4,2.8000000000000003,0.4,0.4
-5.200000000000018e-06,0.4,-1.2000000000000002,1.2000000000000002,1.2000000000000002
-5.1000000000000155e-06,-2.0,-1.2000000000000002,4.4,-0.4
-5.000000000000013e-06,1.2000000000000002,0.4,-0.4,-1.2000000000000002
-4.900000000000011e-06,-0.4,1.2000000000000002,0.4,2.0
-4.800000000000008e-06,-1.2000000000000002,0.4,0.4,2.0
-4.700000000000006e-06,-0.4,0.4,-1.2000000000000002,2.0
-4.6000000000000305e-06,0.4,4.4,-1.2000000000000002,-0.4
-4.500000000000028e-06,-0.4,0.4,-0.4,1.2000000000000002
-4.400000000000026e-06,-0.4,3.6,2.0,-1.2000000000000002
-4.300000000000023e-06,0.4,2.0,1.2000000000000002,0.4
-4.200000000000021e-06,0.4,1.2000000000000002,0.4,1.2000000000000002
-4.100000000000018e-06,0.4,1.2000000000000002,2.8000000000000003,1.2000000000000002
-4.000000000000016e-06,0.4,1.2000000000000002,2.8000000000000003,2.0
-3.9000000000000135e-06,1.2000000000000002,1.2000000000000002,-0.4,2.0
-3.800000000000011e-06,-1.2000000000000002,-0.4,1.2000000000000002,3.6
-3.7000000000000086e-06,-1.2000000000000002,2.8000000000000003,1.2000000000000002,-0.4
-3.600000000000006e-06,2.8000000000000003,2.0,-0.4,-1.2000000000000002
-3.500000000000031e-06,-1.2000000000000002,1.2000000000000002,0.4,1.2000000000000002
-3.4000000000000284e-06,0.4,1.2000000000000002,1.2000000000000002,-2.8000000000000003
-3.300000000000026e-06,1.2000000000000002,0.4,1.2000000000000002,-1.2000000000000002
-3.2000000000000236e-06,0.4,-1.2000000000000002,-0.4,1.2000000000000002
-3.100000000000021e-06,-0.4,1.2000000000000002,0.4,2.0
-3.0000000000000187e-06,0.4,1.2000000000000002,0.4,-0.4
-2.9000000000000163e-06,2.0,-2.0,-0.4,1.2000000000000002
-2.800000000000014e-06,-1.2000000000000002,0.4,0.4,1.2000000000000002
-2.7000000000000114e-06,0.4,1.2000000000000002,-1.2000000000000002,2.0
-2.600000000000009e-06,-0.4,1.2000000000000002,2.8000000000000003,-1.2000000000000002
-2.5000000000000066e-06,1.2000000000000002,-1.2000000000000002,-1.2000000000000002,0.4
-2.4000000000000312e-06,2.0,1.2000000000000002,-0.4,-1.2000000000000002
-2.300000000000029e-06,-2.0,1.2000000000000002,2.0,-0.4
-2.2000000000000264e-06,-2.0,1.2000000000000002,0.4,0.4
-2.100000000000024e-06,0.4,-0.4,0.4,-3.6
-2.0000000000000215e-06,0.4,-0.4,0.4,1.2000000000000002
-1.900000000000019e-06,-1.2000000000000002,2.0,-0.4,0.4
-1.8000000000000166e-06,-0.4,2.8000000000000003,2.0,0.4
-1.7000000000000142e-06,1.2000000000000002,2.0,2.0,1.2000000000000002
-1.6000000000000118e-06,-0.4,2.8000000000000003,3.6,2.8000000000000003
-1.5000000000000094e-06,6.0,4.4,0.4,1.2000000000000002
-1.400000000000007e-06,0.4,2.8000000000000003,4.4,1.2000000000000002
-1.3000000000000316e-06,4.4,6.0,2.0,2.8000000000000003
-1.2000000000000292e-06,2.8000000000000003,8.4,6.800000000000001,3.6
-1.1000000000000267e-06,4.4,6.800000000000001,6.800000000000001,5.2
-1.0000000000000243e-06,5.2,7.6000000000000005,5.2,7.6000000000000005
-9.000000000000219e-07,6.800000000000001,6.800000000000001,8.4,6.800000000000001
-8.000000000000194e-07,8.4,10.0,8.4,7.6000000000000005
-7.00000000000017e-07,8.4,10.8,10.8,6.800000000000001
-6.000000000000146e-07,9.200000000000001,10.8,10.8,10.8
-5.000000000000122e-07,13.200000000000001,12.4,13.200000000000001,11.600000000000001
-4.000000000000097e-07,11.600000000000001,15.600000000000001,14.8,14.8
-3.000000000000073e-07,11.600000000000001,14.0,16.400000000000002,14.0
-2.0000000000003197e-07,12.4,14.0,14.8,17.2
-1.0000000000002954e-07,15.600000000000001,16.400000000000002,19.6,18.0
-2.710505431213761e-20,17.2,16.400000000000002,20.400000000000002,18.0
9.999999999997533e-08,17.2,19.6,21.200000000000003,18.0
1.9999999999997776e-07,18.8,22.0,18.8,19.6
2.999999999999802e-07,20.400000000000002,20.400000000000002,21.200000000000003,20.400000000000002
3.999999999999826e-07,22.8,22.8,22.8,22.8
4.99999999999985e-07,22.8,23.6,23.6,21.200000000000003
5.999999999999875e-07,26.0,25.200000000000003,26.0,26.8
6.999999999999899e-07,24.400000000000002,24.400000000000002,28.400000000000002,27.6
7.999999999999923e-07,26.8,24.400000000000002,23.6,26.8
8.999999999999948e-07,26.0,25.200000000000003,28.400000000000002,28.400000000000002
9.9999999999997e-07,22.8,28.400000000000002,29.200000000000003,27.6
1.0999999999999725e-06,25.200000000000003,26.8,29.200000000000003,29.200000000000003
1.199999999999975e-06,29.200000000000003,27.6,30.0,28.400000000000002
1.2999999999999774e-06,28.400000000000002,30.8,28.400000000000002,27.6
1.3999999999999798e-06,26.8,28.400000000000002,30.8,29.200000000000003
1.4999999999999823e-06,28.400000000000002,27.6,30.8,31.6
1.5999999999999847e-06,30.0,30.0,30.8,30.0
1.6999999999999871e-06,26.8,28.400000000000002,31.6,30.8
1.7999999999999895e-06,28.400000000000002,30.0,33.2,29.200000000000003
1.899999999999992e-06,29.200000000000003,30.8,31.6,31.6
1.9999999999999944e-06,28.400000000000002,32.4,34.800000000000004,32.4
2.0999999999999697e-06,30.0,30.8,32.4,30.8
2.199999999999972e-06,30.8,29.200000000000003,33.2,33.2
2.2999999999999746e-06,28.400000000000002,29.200000000000003,34.0,33.2
2.399999999999977e-06,30.0,30.8,32.4,34.0
2.4999999999999795e-06,30.0,31.6,34.0,34.0
2.599999999999982e-06,30.0,32.4,33.2,32.4
2.6999999999999843e-06,31.6,30.8,34.800000000000004,33.2
2.7999999999999867e-06,30.0,31.6,34.0,34.0
2.899999999999989e-06,29.200000000000003,32.4,36.4,35.6
2.9999999999999916e-06,30.8,31.6,36.4,34.0
3.099999999999994e-06,30.8,30.8,34.0,33.2
3.1999999999999694e-06,29.200000000000003,32.4,36.4,35.6
3.299999999999972e-06,31.6,31.6,32.4,34.0
3.3999999999999742e-06,30.0,32.4,34.0,34.0
3.4999999999999767e-06,31.6,31.6,36.4,34.0
3.599999999999979e-06,31.6,30.8,34.800000000000004,34.0
3.6999999999999815e-06,30.8,34.0,35.6,35.6
3.799999999999984e-06,30.8,32.4,37.2,35.6
3.899999999999986e-06,31.6,34.0,35.6,34.800000000000004
3.999999999999989e-06,29.200000000000003,32.4,35.6,35.6
4.099999999999991e-06,30.8,36.4,34.0,34.0
4.199999999999994e-06,30.0,30.8,38.0,34.800000000000004
4.299999999999969e-06,30.8,32.4,37.2,37.2
4.3999999999999714e-06,32.4,35.6,37.2,36.4
4.499999999999974e-06,33.2,34.800000000000004,37.2,38.800000000000004
4.599999999999976e-06,30.8,33.2,35.6,35.6
4.699999999999979e-06,31.6,34.0,36.4,36.4
4.799999999999981e-06,30.8,34.800000000000004,38.0,35.6
4.899999999999984e-06,31.6,33.2,38.0,38.0
4.999999999999986e-06,32.4,34.800000000000004,37.2,36.4
5.0999999999999884e-06,33.2,34.0,39.6,37.2
5.199999999999991e-06,32.4,35.6,38.800000000000004,37.2
5.299999999999993e-06,32.4,34.0,37.2,35.6
5.399999999999969e-06,33.2,34.0,35.6,37.2
5.499999999999971e-06,32.4,34.0,39.6,38.800000000000004
5.5999999999999735e-06,32.4,34.800000000000004,37.2,37.2
5.699999999999976e-06,32.4,34.800000000000004,38.800000000000004,38.800000000000004
5.799999999999978e-06,33.2,34.800000000000004,36.4,37.2
5.899999999999981e-06,33.2,35.6,36.4,38.0
5.999999999999983e-06,33.2,34.800000000000004,37.2,38.0
6.099999999999986e-06,31.6,36.4,36.4,38.800000000000004
6.199999999999988e-06,31.6,36.4,38.0,38.0
6.2999999999999905e-06,34.0,34.0,35.6,37.2
6.399999999999993e-06,32.4,34.800000000000004,38.0,34.0
6.499999999999968e-06,31.6,36.4,40.400000000000006,36.4
6.599999999999971e-06,34.0,35.6,38.800000000000004,38.0
6.699999999999973e-06,32.4,34.800000000000004,38.800000000000004,36.4
6.7999999999999756e-06,32.4,36.4,38.0,38.800000000000004
6.899999999999978e-06,34.800000000000004,35.6,38.0,38.0
6.99999999999998e-06,30.8,35.6,37.2,39.6
7.099999999999983e-06,32.4,37.2,37.2,38.0
7.199999999999985e-06,30.8,36.4,38.0,39.6
7.299999999999988e-06,33.2,35.6,38.800000000000004,39.6
7.39999999999999e-06,32.4,34.0,38.0,35.6
7.4999999999999926e-06,33.2,36.4,38.800000000000004,38.0
7.599999999999968e-06,34.800000000000004,34.0,37.2,38.800000000000004
7.69999999999997e-06,33.2,36.4,36.4,39.6
7.799999999999973e-06,33.2,37.2,38.800000000000004,39.6
7.899999999999975e-06,33.2,35.6,36.4,37.2
7.999999999999978e-06,35.6,35.6,36.4,38.0
8.09999999999998e-06,33.2,34.800000000000004,40.400000000000006,39.6
8.199999999999982e-06,37.2,36.4,38.800000000000004,38.800000000000004
8.299999999999985e-06,31.6,34.800000000000004,40.400000000000006,40.400000000000006
8.399999999999987e-06,31.6,34.800000000000004,38.800000000000004,38.800000000000004
8.49999999999999e-06,32.4,36.4,38.800000000000004,41.2
8.599999999999992e-06,34.0,35.6,38.800000000000004,40.400000000000006
8.699999999999968e-06,35.6,35.6,37.2,38.0
8.79999999999997e-06,34.800000000000004,37.2,38.800000000000004,38.0
8.899999999999972e-06,32.4,35.6,38.0,37.2
8.999999999999975e-06,33.2,37.2,38.0,38.800000000000004
9.099999999999977e-06,32.4,37.2,38.800000000000004,38.800000000000004
9.19999999999998e-06,34.0,37.2,40.400000000000006,38.0
9.299999999999982e-06,30.8,34.0,39.6,38.0
9.399999999999985e-06,34.0,34.0,40.400000000000006,38.800000000000004
9.499999999999987e-06,32.4,35.6,39.6,38.0
9.59999999999999e-06,34.800000000000004,36.4,39.6,38.800000000000004
9.699999999999992e-06,33.2,35.6,38.800000000000004,38.0
9.799999999999994e-06,34.0,36.4,39.6,39.6
9.89999999999997e-06,35.6,35.6,37.2,39.6
9.999999999999972e-06,32.4,36.4,39.6,38.0
1.0099999999999974e-05,32.4,36.4,39.6,40.400000000000006
1.0199999999999977e-05,30.8,35.6,40.400000000000006,40.400000000000006
1.029999999999998e-05,34.800000000000004,37.2,38.800000000000004,40.400000000000006
1.0399999999999982e-05,33.2,35.6,37.2,38.800000000000004
1.0499999999999984e-05,36.4,36.4,39.6,40.400000000000006
1.0599999999999987e-05,34.0,35.6,40.400000000000006,40.400000000000006
1.0699999999999989e-05,34.0,35.6,38.800000000000004,39.6
1.0799999999999991e-05,33.2,37.2,38.0,38.800000000000004
1.0899999999999994e-05,33.2,34.800000000000004,39.6,40.400000000000006
1.099999999999997e-05,35.6,36.4,36.4,39.6
1.1099999999999972e-05,33.2,35.6,38.800000000000004,38.800000000000004
1.1199999999999974e-05,34.0,35.6,38.800000000000004,38.800000000000004
1.1299999999999977e-05,31.6,36.4,37.2,36.4
1.1399999999999979e-05,34.0,34.800000000000004,38.800000000000004,37.2
1.1499999999999981e-05,34.0,34.800000000000004,38.0,37.2
1.1599999999999984e-05,33.2,38.0,39.6,38.800000000000004
1.1699999999999986e-05,34.0,39.6,35.6,40.400000000000006
1.1799999999999989e-05,34.0,35.6,38.0,38.0
1.1899999999999991e-05,30.8,35.6,38.0,39.6
1.1999999999999994e-05,32.4,35.6,38.800000000000004,39.6
1.2099999999999969e-05,35.6,36.4,39.6,39.6
1.2199999999999971e-05,35.6,37.2,38.0,41.2
1.2299999999999974e-05,30.8,37.2,38.0,39.6
1.2399999999999976e-05,34.800000000000004,36.4,40.400000000000006,38.800000000000004
1.2499999999999979e-05,32.4,36.4,39.6,38.800000000000004
1.2599999999999981e-05,32.4,37.2,38.0,39.6
1.2699999999999983e-05,33.2,37.2,40.400000000000006,38.800000000000004
1.2799999999999986e-05,33.2,38.0,39.6,41.2
1.2899999999999988e-05,35.6,35.6,40.400000000000006,38.0
1.299999999999999e-05,30.8,35.6,39.6,39.6
1.3099999999999993e-05,33.2,35.6,37.2,38.800000000000004
1.3199999999999968e-05,34.800000000000004,37.2,39.6,38.800000000000004
1.3299999999999971e-05,33.2,35.6,38.800000000000004,39.6
1.3399999999999973e-05,32.4,36.4,40.400000000000006,41.2
1.3499999999999976e-05,32.4,35.6,36.4,38.0
1.3599999999999978e-05,32.4,38.800000000000004,38.0,36.4
1.369999999999998e-05,34.800000000000004,37.2,39.6,38.800000000000004
1.3799999999999983e-05,32.4,37.2,39.6,38.800000000000004
1.3899999999999986e-05,34.0,35.6,39.6,38.800000000000004
1.3999999999999988e-05,34.0,34.800000000000004,39.6,36.4
1.409999999999999e-05,34.0,37.2,39.6,38.800000000000004
1.4199999999999993e-05,35.6,34.0,38.800000000000004,40.400000000000006
1.4299999999999968e-05,34.800000000000004,37.2,41.2,38.800000000000004
1.439999999999997e-05,34.800000000000004,36.4,38.800000000000004,37.2
1.4499999999999973e-05,31.6,35.6,39.6,40.400000000000006
1.4599999999999975e-05,34.800000000000004,37.2,38.800000000000004,38.800000000000004
1.4699999999999978e-05,34.800000000000004,37.2,38.800000000000004,38.0
1.479999999999998e-05,34.800000000000004,35.6,39.6,39.6
1.4899999999999983e-05,34.0,35.6,38.800000000000004,40.400000000000006
1.4999999999999985e-05,35.6,34.800000000000004,38.0,38.0
1.5099999999999988e-05,33.2,36.4,38.0,41.2
1.519999999999999e-05,34.0,37.2,39.6,39.6
1.5299999999999992e-05,34.0,35.6,38.800000000000004,39.6
1.5399999999999968e-05,34.0,35.6,38.0,39.6
1.549999999999997e-05,30.0,38.0,38.800000000000004,37.2
1.5599999999999973e-05,32.4,34.800000000000004,39.6,37.2
1.5699999999999975e-05,32.4,34.800000000000004,38.0,37.2
1.5799999999999977e-05,33.2,38.0,37.2,38.800000000000004
1.589999999999998e-05,34.0,34.800000000000004,40.400000000000006,40.400000000000006
1.5999999999999982e-05,33.2,37.2,40.400000000000006,39.6
1.6099999999999985e-05,32.4,37.2,38.0,39.6
1.6199999999999987e-05,31.6,36.4,39.6,40.400000000000006
1.629999999999999e-05,33.2,36.4,40.400000000000006,36.4
1.6399999999999992e-05,33.2,34.0,38.0,38.0
1.6499999999999967e-05,34.0,34.800000000000004,37.2,39.6
1.659999999999997e-05,33.2,36.4,38.0,39.6
1.6699999999999972e-05,33.2,34.0,41.2,38.0
1.6799999999999975e-05,34.0,35.6,38.800000000000004,38.800000000000004
1.6899999999999977e-05,35.6,35.6,39.6,39.6
1.699999999999998e-05,34.0,35.6,39.6,38.800000000000004
1.7099999999999982e-05,32.4,35.6,37.2,39.6
1.7199999999999984e-05,33.2,33.2,37.2,36.4
1.7299999999999987e-05,34.800000000000004,35.6,38.0,38.800000000000004
1.739999999999999e-05,34.0,34.0,40.400000000000006,38.0
1.749999999999999e-05,32.4,38.800000000000004,41.2,38.800000000000004
1.7599999999999967e-05,34.0,35.6,39.6,38.800000000000004
1.769999999999997e-05,34.800000000000004,36.4,39.6,38.800000000000004
1.7799999999999972e-05,32.4,37.2,37.2,37.2
1.7899999999999974e-05,34.0,36.4,37.2,40.400000000000006
1.7999999999999977e-05,34.800000000000004,34.800000000000004,38.800000000000004,38.800000000000004
1.809999999999998e-05,32.4,34.800000000000004,38.0,41.2
1.819999999999998e-05,34.0,36.4,38.800000000000004,39.6
1.8299999999999984e-05,34.800000000000004,35.6,38.800000000000004,39.6
1.8399999999999986e-05,34.0,35.6,35.6,36.4
1.849999999999999e-05,30.8,36.4,38.0,39.6
1.859999999999999e-05,31.6,38.0,39.6,41.2
1.8699999999999994e-05,34.0,35.6,40.400000000000006,38.800000000000004
1.879999999999997e-05,30.8,35.6,38.0,38.0
1.889999999999997e-05,32.4,34.800000000000004,38.0,40.400000000000006
1.8999999999999974e-05,34.0,36.4,37.2,38.800000000000004
1.9099999999999976e-05,33.2,34.0,39.6,38.800000000000004
1.919999999999998e-05,33.2,34.0,40.400000000000006,40.400000000000006
1.929999999999998e-05,33.2,35.6,38.0,39.6
1.9399999999999984e-05,32.4,37.2,40.400000000000006,38.0
1.9499999999999986e-05,34.0,36.4,38.800000000000004,42.0
1.959999999999999e-05,34.0,33.2,38.0,38.800000000000004
1.969999999999999e-05,30.8,34.800000000000004,36.4,41.2
1.9799999999999993e-05,32.4,35.6,36.4,40.400000000000006
1.989999999999997e-05,34.0,36.4,38.0,38.800000000000004
1.999999999999997e-05,33.2,35.6,37.2,39.6
2.0099999999999974e-05,32.4,36.4,38.0,37.2
2.0199999999999976e-05,33.2,35.6,37.2,38.800000000000004
2.029999999999998e-05,33.2,36.4,35.6,38.0
2.039999999999998e-05,30.8,35.6,40.400000000000006,41.2
2.0499999999999983e-05,33.2,34.0,36.4,39.6
2.0599999999999986e-05,34.800000000000004,37.2,38.0,36.4
2.0699999999999988e-05,35.6,37.2,38.0,36.4
2.079999999999999e-05,34.0,37.2,38.0,41.2
2.0899999999999993e-05,34.0,35.6,38.800000000000004,38.0
2.099999999999997e-05,34.800000000000004,35.6,38.0,38.800000000000004
2.109999999999997e-05,35.6,34.800000000000004,39.6,40.400000000000006
2.1199999999999973e-05,33.2,36.4,39.6,38.800000000000004
2.1299999999999976e-05,33.2,37.2,39.6,38.800000000000004
2.1399999999999978e-05,34.0,36.4,38.0,37.2
2.149999999999998e-05,33.2,36.4,40.400000000000006,40.400000000000006
2.1599999999999983e-05,32.4,34.800000000000004,38.800000000000004,38.0
2.1699999999999985e-05,34.0,37.2,38.800000000000004,39.6
2.1799999999999988e-05,34.0,34.800000000000004,37.2,39.6
2.189999999999999e-05,35.6,36.4,36.4,40.400000000000006
2.1999999999999993e-05,34.800000000000004,35.6,38.800000000000004,38.0
2.2099999999999968e-05,34.0,34.800000000000004,39.6,38.800000000000004
2.219999999999997e-05,31.6,34.800000000000004,38.800000000000004,35.6
2.2299999999999973e-05,34.800000000000004,35.6,40.400000000000006,38.0
2.2399999999999975e-05,34.0,36.4,37.2,38.800000000000004
2.2499999999999978e-05,33.2,34.800000000000004,38.0,38.0
2.259999999999998e-05,34.0,36.4,38.0,38.0
2.2699999999999983e-05,33.2,35.6,38.0,40.400000000000006
2.2799999999999985e-05,30.0,37.2,37.2,39.6
2.2899999999999987e-05,34.0,37.2,38.800000000000004,35.6
2.299999999999999e-05,34.800000000000004,35.6,38.0,38.0
2.3099999999999992e-05,32.4,35.6,41.2,40.400000000000006
2.3199999999999968e-05,34.800000000000004,34.0,39.6,41.2
2.329999999999997e-05,33.2,36.4,38.0,36.4
2.3399999999999972e-05,33.2,38.0,36.4,40.400000000000006
2.3499999999999975e-05,34.800000000000004,33.2,37.2,37.2
2.3599999999999977e-05,34.800000000000004,34.0,38.0,40.400000000000006
2.369999999999998e-05,34.800000000000004,38.0,38.0,39.6
2.3799999999999982e-05,34.0,35.6,38.800000000000004,37.2
2.3899999999999985e-05,33.2,34.0,40.400000000000006,41.2
2.3999999999999987e-05,34.0,35.6,39.6,39.6
2.409999999999999e-05,33.2,34.800000000000004,36.4,38.0
2.4199999999999992e-05,31.6,35.6,40.400000000000006,36.4
2.4299999999999967e-05,33.2,34.0,39.6,39.6
2.439999999999997e-05,33.2,36.4,38.0,37.2
2.4499999999999972e-05,32.4,35.6,39.6,38.800000000000004
2.4599999999999975e-05,31.6,35.6,39.6,39.6
2.4699999999999977e-05,33.2,34.0,38.800000000000004,41.2
2.479999999999998e-05,34.800000000000004,34.0,40.400000000000006,38.800000000000004
2.4899999999999982e-05,33.2,38.0,40.400000000000006,40.400000000000006
2.4999999999999984e-05,34.0,35.6,38.0,40.400000000000006
2.5099999999999987e-05,32.4,35.6,38.0,37.2
2.519999999999999e-05,32.4,37.2,38.800000000000004,37.2
2.529999999999999e-05,34.0,34.800000000000004,41.2,37.2
2.5399999999999967e-05,33.2,36.4,38.0,39.6
2.549999999999997e-05,32.4,35.6,39.6,38.800000000000004
2.5599999999999972e-05,32.4,35.6,37.2,38.0
2.5699999999999974e-05,34.0,34.0,36.4,38.800000000000004
2.5799999999999977e-05,34.0,34.800000000000004,37.2,36.4
2.589999999999998e-05,35.6,36.4,38.0,42.0
2.599999999999998e-05,34.0,34.800000000000004,39.6,38.800000000000004
2.6099999999999984e-05,32.4,35.6,39.6,38.0
2.6199999999999986e-05,34.800000000000004,34.800000000000004,38.0,39.6
2.629999999999999e-05,31.6,34.800000000000004,39.6,37.2
2.639999999999999e-05,34.800000000000004,36.4,38.0,42.0
2.6499999999999994e-05,31.6,34.800000000000004,38.800000000000004,36.4
2.659999999999997e-05,34.800000000000004,35.6,38.0,38.0
2.669999999999997e-05,33.2,36.4,40.400000000000006,38.800000000000004
2.6799999999999974e-05,32.4,35.6,37.2,38.0
2.6899999999999976e-05,32.4,36.4,37.2,39.6
2.699999999999998e-05,30.0,34.0,37.2,38.0
2.709999999999998e-05,34.0,36.4,38.0,39.6
2.7199999999999984e-05,35.6,36.4,39.6,38.0
2.7299999999999986e-05,34.0,38.800000000000004,39.6,38.0
2.739999999999999e-05,35.6,37.2,38.800000000000004,39.6
2.749999999999999e-05,30.8,37.2,38.800000000000004,38.800000000000004
2.7599999999999993e-05,34.0,35.6,38.800000000000004,39.6
2.769999999999997e-05,34.0,35.6,37.2,39.6
2.779999999999997e-05,32.4,34.0,38.0,40.400000000000006
2.7899999999999973e-05,31.6,36.4,39.6,38.800000000000004
2.7999999999999976e-05,34.0,34.800000000000004,40.400000000000006,40.400000000000006
2.8099999999999978e-05,31.6,35.6,38.0,38.800000000000004
2.819999999999998e-05,33.2,35.6,35.6,38.800000000000004
2.8299999999999983e-05,30.0,34.800000000000004,39.6,41.2
2.8399999999999986e-05,34.800000000000004,33.2,39.6,38.800000000000004
2.8499999999999988e-05,32.4,36.4,38.0,37.2
2.859999999999999e-05,31.6,36.4,38.800000000000004,40.400000000000006
2.8699999999999993e-05,31.6,35.6,36.4,41.2
2.8799999999999968e-05,30.8,34.800000000000004,37.2,39.6
2.889999999999997e-05,32.4,37.2,37.2,38.800000000000004
2.8999999999999973e-05,33.2,37.2,38.800000000000004,38.800000000000004
2.9099999999999975e-05,32.4,37.2,38.0,38.0
2.9199999999999978e-05,34.800000000000004,37.2,38.0,36.4
2.929999999999998e-05,34.0,36.4,38.0,39.6
2.9399999999999983e-05,33.2,36.4,38.800000000000004,38.0
2.9499999999999985e-05,34.0,37.2,38.0,38.800000000000004
2.9599999999999988e-05,32.4,38.0,40.400000000000006,39.6
2.969999999999999e-05,32.4,36.4,37.2,38.800000000000004
2.9799999999999993e-05,36.4,36.4,40.400000000000006,37.2
2.9899999999999968e-05,33.2,35.6,36.4,38.800000000000004
2.999999999999997e-05,32.4,36.4,38.800000000000004,38.0
3.0099999999999973e-05,32.4,36.4,42.0,36.4
3.0199999999999975e-05,32.4,37.2,38.800000000000004,37.2
3.0299999999999978e-05,30.8,35.6,38.800000000000004,36.4
3.039999999999998e-05,34.800000000000004,37.2,38.800000000000004,38.800000000000004
3.0499999999999982e-05,35.6,35.6,39.6,37.2
3.0599999999999985e-05,31.6,35.6,38.0,38.800000000000004
3.069999999999999e-05,35.6,38.800000000000004,39.6,38.800000000000004
3.079999999999999e-05,33.2,35.6,38.800000000000004,37.2
3.089999999999999e-05,34.0,33.2,37.2,36.4
3.099999999999997e-05,34.800000000000004,36.4,39.6,37.2
3.109999999999997e-05,31.6,37.2,37.2,41.2
3.119999999999997e-05,34.0,35.6,38.800000000000004,38.0
3.1299999999999975e-05,33.2,35.6,39.6,39.6
3.139999999999998e-05,34.0,36.4,38.800000000000004,40.400000000000006
3.149999999999998e-05,34.800000000000004,37.2,37.2,35.6
3.159999999999998e-05,35.6,34.800000000000004,38.800000000000004,38.800000000000004
3.1699999999999984e-05,33.2,35.6,40.400000000000006,40.400000000000006
3.179999999999999e-05,35.6,35.6,38.800000000000004,38.0
3.189999999999999e-05,35.6,36.4,37.2,37.2
3.199999999999999e-05,30.0,35.6,37.2,40.400000000000006
3.209999999999997e-05,33.2,36.4,37.2,39.6
3.219999999999997e-05,34.0,37.2,36.4,39.6
3.229999999999997e-05,33.2,34.0,38.800000000000004,39.6
3.2399999999999974e-05,33.2,36.4,38.0,35.6
3.249999999999998e-05,34.800000000000004,36.4,36.4,40.400000000000006
3.259999999999998e-05,31.6,34.800000000000004,36.4,38.0
3.269999999999998e-05,33.2,35.6,39.6,38.0
3.2799999999999984e-05,34.0,38.0,38.0,39.6
3.2899999999999987e-05,34.800000000000004,34.800000000000004,39.6,37.2
3.299999999999999e-05,34.800000000000004,34.0,38.800000000000004,40.400000000000006
3.309999999999999e-05,34.0,34.800000000000004,38.800000000000004,36.4
3.319999999999997e-05,33.2,36.4,36.4,38.800000000000004
3.329999999999997e-05,34.0,36.4,39.6,38.800000000000004
3.339999999999997e-05,34.0,36.4,40.400000000000006,41.2
3.3499999999999974e-05,31.6,35.6,36.4,38.0
3.3599999999999976e-05,30.8,35.6,38.0,38.800000000000004
3.369999999999998e-05,33.2,35.6,37.2,38.800000000000004
3.379999999999998e-05,34.0,35.6,37.2,35.6
3.3899999999999984e-05,34.0,36.4,38.0,38.0
3.3999999999999986e-05,32.4,35.6,40.400000000000006,38.800000000000004
3.409999999999999e-05,30.8,34.800000000000004,38.800000000000004,38.0
3.419999999999999e-05,32.4,37.2,38.800000000000004,39.6
3.4299999999999966e-05,31.6,37.2,40.400000000000006,40.400000000000006
3.439999999999997e-05,34.0,35.6,39.6,39.6
3.449999999999997e-05,31.6,35.6,38.800000000000004,38.0
3.4599999999999974e-05,34.0,35.6,38.0,39.6
3.4699999999999976e-05,30.0,37.2,38.800000000000004,39.6
3.479999999999998e-05,34.0,35.6,39.6,39.6
3.489999999999998e-05,32.4,36.4,39.6,34.800000000000004
3.499999999999998e-05,34.0,34.800000000000004,40.400000000000006,39.6
3.5099999999999986e-05,34.0,33.2,39.6,34.800000000000004
3.519999999999999e-05,34.0,35.6,38.800000000000004,38.800000000000004
3.529999999999999e-05,34.0,34.800000000000004,40.400000000000006,38.800000000000004
3.539999999999999e-05,32.4,35.6,40.400000000000006,40.400000000000006
3.549999999999997e-05,34.0,37.2,40.400000000000006,38.800000000000004
3.559999999999997e-05,34.800000000000004,34.0,35.6,38.800000000000004
3.569999999999997e-05,34.0,36.4,39.6,38.800000000000004
3.5799999999999976e-05,34.0,36.4,37.2,39.6
3.589999999999998e-05,33.2,34.800000000000004,36.4,38.800000000000004
3.599999999999998e-05,35.6,34.800000000000004,39.6,40.400000000000006
3.609999999999998e-05,34.800000000000004,36.4,37.2,37.2
3.6199999999999985e-05,33.2,35.6,37.2,38.0
3.629999999999999e-05,34.800000000000004,34.0,39.6,39.6
3.639999999999999e-05,34.0,36.4,37.2,39.6
3.649999999999999e-05,31.6,36.4,40.400000000000006,41.2
3.659999999999997e-05,33.2,36.4,39.6,39.6
3.669999999999997e-05,34.0,36.4,38.0,38.800000000000004
3.679999999999997e-05,30.0,37.2,38.800000000000004,36.4
3.6899999999999975e-05,34.800000000000004,34.800000000000004,38.0,39.6
3.699999999999998e-05,33.2,36.4,36.4,38.0
3.709999999999998e-05,34.0,34.800000000000004,38.0,38.800000000000004
3.719999999999998e-05,34.800000000000004,36.4,38.800000000000004,34.800000000000004
3.7299999999999985e-05,34.800000000000004,35.6,38.800000000000004,39.6
3.739999999999999e-05,34.0,36.4,41.2,38.0
3.749999999999999e-05,34.0,35.6,39.6,34.800000000000004
3.759999999999999e-05,34.0,37.2,35.6,38.0
3.769999999999997e-05,33.2,35.6,38.0,38.800000000000004
3.779999999999997e-05,32.4,35.6,38.800000000000004,38.800000000000004
3.789999999999997e-05,33.2,36.4,38.0,39.6
3.7999999999999975e-05,29.200000000000003,36.4,37.2,38.0
3.809999999999998e-05,34.0,35.6,36.4,38.800000000000004
3.819999999999998e-05,34.0,34.0,39.6,38.800000000000004
3.829999999999998e-05,34.0,34.0,36.4,41.2
3.8399999999999985e-05,35.6,37.2,39.6,38.800000000000004
3.849999999999999e-05,34.0,36.4,37.2,38.0
3.859999999999999e-05,33.2,34.800000000000004,38.0,38.0
3.869999999999999e-05,31.6,34.0,38.800000000000004,37.2
3.879999999999997e-05,33.2,37.2,38.800000000000004,36.4
3.889999999999997e-05,32.4,34.0,38.800000000000004,39.6
3.899999999999997e-05,34.800000000000004,35.6,39.6,38.0
3.9099999999999975e-05,35.6,35.6,38.0,40.400000000000006
3.919999999999998e-05,32.4,37.2,38.800000000000004,39.6
3.929999999999998e-05,33.2,34.0,40.400000000000006,38.0
3.939999999999998e-05,32.4,38.0,39.6,37.2
3.9499999999999984e-05,34.800000000000004,36.4,37.2,36.4
3.959999999999999e-05,34.0,33.2,36.4,37.2
3.969999999999999e-05,34.0,37.2,39.6,39.6
3.979999999999999e-05,33.2,34.800000000000004,39.6,39.6
3.989999999999997e-05,34.800000000000004,34.800000000000004,38.800000000000004,39.6
3.999999999999997e-05,33.2,36.4,39.6,39.6
4.009999999999997e-05,31.6,36.4,38.0,38.800000000000004
4.0199999999999974e-05,34.0,31.6,37.2,39.6
4.029999999999998e-05,37.2,34.0,37.2,40.400000000000006
4.039999999999998e-05,33.2,34.0,38.0,40.400000000000006
4.049999999999998e-05,34.0,34.800000000000004,38.800000000000004,39.6
4.0599999999999984e-05,33.2,36.4,36.4,36.4
4.0699999999999986e-05,33.2,34.0,39.6,40.400000000000006
4.079999999999999e-05,37.2,33.2,40.400000000000006,38.800000000000004
4.089999999999999e-05,35.6,35.6,38.0,37.2
4.0999999999999967e-05,32.4,35.6,37.2,38.0
4.109999999999997e-05,35.6,34.800000000000004,39.6,40.400000000000006
4.119999999999997e-05,31.6,37.2,37.2,40.400000000000006
4.1299999999999974e-05,30.8,35.6,38.0,38.0
4.1399999999999976e-05,34.800000000000004,36.4,39.6,38.800000000000004
4.149999999999998e-05,32.4,34.800000000000004,38.0,41.2
4.159999999999998e-05,34.0,36.4,40.400000000000006,35.6
4.1699999999999984e-05,33.2,37.2,36.4,37.2
4.1799999999999986e-05,34.0,35.6,38.800000000000004,37.2
4.189999999999999e-05,33.2,35.6,40.400000000000006,38.800000000000004
4.199999999999999e-05,33.2,38.0,38.0,39.6
4.2099999999999966e-05,34.800000000000004,37.2,38.0,38.800000000000004
4.219999999999997e-05,33.2,38.0,38.800000000000004,37.2
4.229999999999997e-05,33.2,34.0,38.800000000000004,38.800000000000004
4.2399999999999974e-05,33.2,36.4,38.0,38.800000000000004
4.2499999999999976e-05,34.0,36.4,38.800000000000004,36.4
4.259999999999998e-05,31.6,37.2,38.800000000000004,38.800000000000004
4.269999999999998e-05,35.6,34.800000000000004,38.0,37.2
4.279999999999998e-05,34.800000000000004,34.800000000000004,38.0,38.800000000000004
4.2899999999999986e-05,35.6,36.4,40.400000000000006,38.800000000000004
4.299999999999999e-05,33.2,34.800000000000004,38.0,38.800000000000004
4.309999999999999e-05,33.2,32.4,38.0,39.6
4.319999999999999e-05,35.6,37.2,38.0,38.800000000000004
4.329999999999997e-05,34.800000000000004,37.2,40.400000000000006,35.6
4.339999999999997e-05,32.4,35.6,35.6,36.4
4.349999999999997e-05,34.0,35.6,38.0,37.2
4.3599999999999976e-05,34.0,34.800000000000004,38.800000000000004,39.6
4.369999999999998e-05,32.4,38.0,39.6,41.2
4.379999999999998e-05,33.2,33.2,40.400000000000006,38.800000000000004
4.389999999999998e-05,34.0,37.2,36.4,39.6
4.3999999999999985e-05,34.800000000000004,34.800000000000004,37.2,37.2
4.409999999999999e-05,34.800000000000004,35.6,35.6,39.6
4.419999999999996e-05,34.800000000000004,36.4,40.400000000000006,37.2
4.4299999999999965e-05,34.800000000000004,34.800000000000004,38.0,38.0
4.439999999999997e-05,33.2,35.6,38.800000000000004,38.800000000000004
4.449999999999997e-05,34.0,38.0,39.6,39.6
4.459999999999997e-05,31.6,34.800000000000004,35.6,36.4
4.4699999999999975e-05,36.4,35.6,38.800000000000004,38.800000000000004
4.479999999999998e-05,34.0,36.4,37.2,38.800000000000004
4.489999999999998e-05,36.4,36.4,38.800000000000004,37.2
4.499999999999998e-05,32.4,37.2,39.6,37.2
4.5099999999999985e-05,34.800000000000004,34.800000000000004,39.6,39.6
4.519999999999999e-05,34.800000000000004,35.6,40.400000000000006,39.6
4.529999999999999e-05,30.8,34.0,40.400000000000006,39.6
4.539999999999999e-05,33.2,37.2,36.4,37.2
4.5499999999999995e-05,32.4,37.2,38.0,37.2
4.56e-05,34.0,34.800000000000004,37.2,39.6
4.57e-05,33.2,35.6,40.400000000000006,40.400000000000006
4.58e-05,32.4,35.6,36.4,37.2
4.5900000000000004e-05,35.6,36.4,38.800000000000004,38.0
4.599999999999995e-05,34.0,38.0,39.6,39.6
4.6099999999999955e-05,33.2,37.2,37.2,37.2
4.619999999999996e-05,34.800000000000004,34.800000000000004,38.0,39.6
4.629999999999996e-05,35.6,36.4,38.800000000000004,38.800000000000004
4.639999999999996e-05,33.2,36.4,38.0,37.2
4.6499999999999965e-05,30.8,34.800000000000004,37.2,36.4
4.659999999999997e-05,31.6,33.2,38.0,38.0
4.669999999999997e-05,33.2,35.6,40.400000000000006,38.0
4.679999999999997e-05,34.800000000000004,34.0,39.6,34.800000000000004
4.6899999999999974e-05,31.6,37.2,40.400000000000006,38.0
4.699999999999998e-05,34.800000000000004,35.6,41.2,37.2
4.709999999999998e-05,32.4,36.4,40.400000000000006,38.800000000000004
4.719999999999998e-05,33.2,35.6,37.2,38.0
4.7299999999999984e-05,32.4,36.4,39.6,38.0
4.739999999999999e-05,35.6,34.0,36.4,38.0
4.749999999999999e-05,31.6,37.2,35.6,38.0
4.759999999999999e-05,32.4,34.0,38.0,40.400000000000006
4.7699999999999994e-05,34.800000000000004,34.800000000000004,40.400000000000006,38.800000000000004
4.7799999999999996e-05,33.2,33.2,40.400000000000006,38.800000000000004
4.79e-05,32.4,36.4,39.6,37.2
4.8e-05,33.2,35.6,38.800000000000004,39.6
4.8100000000000004e-05,32.4,36.4,37.2,38.800000000000004
4.8200000000000006e-05,34.0,34.800000000000004,39.6,38.800000000000004
4.8299999999999954e-05,33.2,34.800000000000004,38.0,38.0
4.839999999999996e-05,33.2,37.2,39.6,39.6
4.849999999999996e-05,32.4,34.800000000000004,38.800000000000004,38.0
4.859999999999996e-05,32.4,34.0,38.0,38.0
4.8699999999999964e-05,34.0,34.0,39.6,38.0
4.8799999999999966e-05,34.0,34.0,37.2,40.400000000000006
4.889999999999997e-05,34.800000000000004,35.6,38.0,38.0
4.899999999999997e-05,34.0,35.6,40.400000000000006,38.0
4.9099999999999974e-05,33.2,37.2,37.2,36.4
4.9199999999999976e-05,32.4,36.4,37.2,38.800000000000004
4.929999999999998e-05,34.0,36.4,39.6,38.0
4.939999999999998e-05,34.0,34.0,39.6,38.800000000000004
4.9499999999999983e-05,34.800000000000004,35.6,37.2,39.6
4.9599999999999986e-05,34.0,34.0,38.0,38.800000000000004
4.969999999999999e-05,33.2,34.0,38.0,36.4
4.979999999999999e-05,34.0,35.6,37.2,37.2
4.989999999999999e-05,34.800000000000004,36.4,38.800000000000004,38.0
4.9999999999999996e-05,33.2,38.800000000000004,38.800000000000004,37.2
5.01e-05,30.8,35.6,38.800000000000004,38.800000000000004
5.02e-05,33.2,34.800000000000004,38.0,39.6
5.03e-05,34.0,35.6,38.800000000000004,39.6
5.0400000000000005e-05,28.400000000000002,34.0,38.800000000000004,38.800000000000004
5.0499999999999954e-05,33.2,36.4,38.800000000000004,38.0
5.0599999999999956e-05,34.800000000000004,34.800000000000004,38.0,37.2
5.069999999999996e-05,33.2,35.6,35.6,37.2
5.079999999999996e-05,31.6,36.4,35.6,38.0
5.089999999999996e-05,34.0,36.4,37.2,37.2
5.0999999999999966e-05,30.8,35.6,40.400000000000006,37.2
5.109999999999997e-05,34.0,34.0,37.2,39.6
5.119999999999997e-05,33.2,35.6,38.800000000000004,38.0
5.129999999999997e-05,34.0,34.800000000000004,40.400000000000006,38.800000000000004
5.1399999999999975e-05,30.8,32.4,38.800000000000004,37.2
5.149999999999998e-05,33.2,36.4,37.2,40.400000000000006
5.159999999999998e-05,33.2,35.6,34.800000000000004,38.0
5.169999999999998e-05,34.800000000000004,35.6,39.6,38.0
5.1799999999999985e-05,31.6,36.4,38.0,40.400000000000006
5.189999999999999e-05,34.0,35.6,37.2,39.6
5.199999999999999e-05,30.8,35.6,39.6,42.0
5.209999999999999e-05,33.2,38.800000000000004,37.2,40.400000000000006
5.2199999999999995e-05,34.800000000000004,34.800000000000004,39.6,38.800000000000004
5.23e-05,34.800000000000004,34.800000000000004,38.0,40.400000000000006
5.24e-05,32.4,34.800000000000004,36.4,38.800000000000004
5.25e-05,34.800000000000004,37.2,36.4,37.2
5.2600000000000005e-05,32.4,36.4,38.0,38.800000000000004
5.269999999999995e-05,30.8,36.4,36.4,38.0
5.2799999999999955e-05,34.800000000000004,34.800000000000004,36.4,38.800000000000004
5.289999999999996e-05,32.4,35.6,36.4,41.2
5.299999999999996e-05,31.6,34.800000000000004,38.800000000000004,38.800000000000004
5.309999999999996e-05,33.2,34.0,38.800000000000004,38.800000000000004
5.3199999999999965e-05,31.6,34.800000000000004,38.800000000000004,38.0
5.329999999999997e-05,33.2,35.6,38.0,41.2
5.339999999999997e-05,32.4,35.6,36.4,37.2
5.349999999999997e-05,32.4,36.4,38.800000000000004,38.800000000000004
5.3599999999999975e-05,34.0,35.6,38.0,37.2
5.369999999999998e-05,35.6,34.0,38.0,37.2
5.379999999999998e-05,32.4,35.6,38.0,39.6
5.389999999999998e-05,34.0,34.800000000000004,38.0,38.800000000000004
5.3999999999999984e-05,34.0,36.4,38.0,38.0
5.409999999999999e-05,34.800000000000004,35.6,38.0,38.800000000000004
5.419999999999999e-05,30.0,35.6,38.0,38.0
5.429999999999999e-05,31.6,37.2,38.800000000000004,34.800000000000004
5.4399999999999994e-05,34.800000000000004,34.0,38.800000000000004,38.0
5.4499999999999997e-05,31.6,38.0,37.2,40.400000000000006
5.46e-05,34.0,36.4,38.800000000000004,37.2
5.47e-05,31.6,35.6,34.800000000000004,39.6
5.4800000000000004e-05,33.2,36.4,38.0,37.2
5.489999999999995e-05,34.0,34.800000000000004,38.800000000000004,36.4
5.4999999999999955e-05,34.0,37.2,37.2,38.800000000000004
5.509999999999996e-05,34.800000000000004,35.6,38.800000000000004,38.800000000000004
5.519999999999996e-05,32.4,36.4,38.800000000000004,38.800000000000004
5.529999999999996e-05,32.4,37.2,39.6,35.6
5.5399999999999964e-05,36.4,34.800000000000004,37.2,38.800000000000004
5.549999999999997e-05,36.4,34.0,36.4,38.0
5.559999999999997e-05,34.0,34.800000000000004,38.0,40.400000000000006
5.569999999999997e-05,33.2,36.4,40.400000000000006,37.2
5.5799999999999974e-05,34.0,33.2,39.6,37.2
5.5899999999999976e-05,33.2,38.800000000000004,37.2,38.0
5.599999999999998e-05,31.6,35.6,36.4,38.0
5.609999999999998e-05,33.2,35.6,38.800000000000004,37.2
5.6199999999999984e-05,34.0,38.0,36.4,38.800000000000004
5.6299999999999986e-05,33.2,36.4,38.800000000000004,34.800000000000004
5.639999999999999e-05,34.800000000000004,34.800000000000004,36.4,36.4
5.649999999999999e-05,33.2,35.6,36.4,38.800000000000004
5.6599999999999993e-05,33.2,34.800000000000004,37.2,40.400000000000006
5.6699999999999996e-05,34.0,34.0,38.0,39.6
5.68e-05,34.800000000000004,38.800000000000004,40.400000000000006,39.6
5.69e-05,35.6,35.6,38.800000000000004,38.800000000000004
5.7e-05,34.800000000000004,35.6,37.2,39.6
5.7100000000000006e-05,34.0,34.800000000000004,39.6,38.800000000000004
5.7199999999999954e-05,32.4,34.800000000000004,38.0,38.800000000000004
5.7299999999999956e-05,31.6,34.800000000000004,38.0,39.6
5.739999999999996e-05,33.2,34.800000000000004,38.0,40.400000000000006
5.749999999999996e-05,32.4,36.4,39.6,39.6
5.7599999999999964e-05,31.6,34.800000000000004,40.400000000000006,38.800000000000004
5.7699999999999966e-05,29.200000000000003,36.4,36.4,40.400000000000006
5.779999999999997e-05,34.800000000000004,34.0,37.2,38.0
5.789999999999997e-05,34.800000000000004,34.0,38.800000000000004,40.400000000000006
5.799999999999997e-05,34.0,35.6,38.800000000000004,39.6
5.8099999999999976e-05,32.4,37.2,38.0,38.800000000000004
5.819999999999998e-05,31.6,35.6,37.2,37.2
5.829999999999998e-05,33.2,34.0,38.800000000000004,36.4
5.839999999999998e-05,34.800000000000004,36.4,39.6,40.400000000000006
5.8499999999999985e-05,34.0,34.800000000000004,39.6,40.400000000000006
5.859999999999999e-05,32.4,35.6,39.6,35.6
5.869999999999999e-05,30.8,34.800000000000004,36.4,38.800000000000004
5.879999999999999e-05,30.8,35.6,38.800000000000004,38.800000000000004
5.8899999999999995e-05,33.2,36.4,38.0,36.4
5.9e-05,31.6,34.0,39.6,38.0
5.91e-05,33.2,36.4,40.400000000000006,38.0
5.92e-05,32.4,37.2,38.0,35.6
5.9300000000000005e-05,34.0,34.0,38.800000000000004,39.6
5.939999999999995e-05,31.6,37.2,40.400000000000006,38.800000000000004
5.9499999999999955e-05,30.8,34.800000000000004,39.6,36.4
5.959999999999996e-05,34.0,35.6,38.0,38.0
5.969999999999996e-05,32.4,35.6,35.6,39.6
5.979999999999996e-05,32.4,34.0,38.0,38.800000000000004
5.9899999999999965e-05,34.0,34.800000000000004,38.0,35.6
5.999999999999997e-05,34.0,34.800000000000004,38.800000000000004,37.2
6.009999999999997e-05,34.0,33.2,38.800000000000004,38.800000000000004
6.019999999999997e-05,34.0,36.4,38.0,38.800000000000004
6.0299999999999975e-05,30.8,34.800000000000004,35.6,38.0
6.039999999999998e-05,30.8,35.6,39.6,38.0
6.049999999999998e-05,34.800000000000004,37.2,37.2,39.6
6.059999999999998e-05,32.4,33.2,39.6,38.800000000000004
6.0699999999999985e-05,34.800000000000004,34.800000000000004,37.2,38.0
6.079999999999999e-05,34.0,34.800000000000004,38.0,40.400000000000006
6.089999999999999e-05,34.800000000000004,36.4,38.0,38.800000000000004
6.099999999999999e-05,32.4,35.6,38.0,38.0
6.11e-05,32.4,36.4,38.0,38.0
6.12e-05,34.0,36.4,38.800000000000004,38.800000000000004
6.13e-05,32.4,35.6,41.2,38.800000000000004
6.14e-05,31.6,37.2,38.0,39.6
6.15e-05,33.2,36.4,38.800000000000004,38.800000000000004
6.159999999999995e-05,34.0,34.800000000000004,37.2,38.800000000000004
6.169999999999995e-05,32.4,35.6,37.2,39.6
6.179999999999996e-05,30.8,36.4,38.0,38.800000000000004
6.189999999999996e-05,34.0,37.2,40.400000000000006,38.0
6.199999999999996e-05,34.800000000000004,35.6,36.4,38.800000000000004
6.209999999999996e-05,35.6,36.4,38.0,41.2
6.219999999999997e-05,33.2,35.6,38.0,38.0
6.229999999999997e-05,31.6,36.4,39.6,39.6
6.239999999999997e-05,34.0,34.800000000000004,35.6,35.6
6.249999999999997e-05,34.800000000000004,34.800000000000004,38.0,37.2
6.259999999999998e-05,31.6,36.4,39.6,39.6
6.269999999999998e-05,34.800000000000004,37.2,38.0,36.4
6.279999999999998e-05,34.0,36.4,38.0,38.800000000000004
6.289999999999998e-05,34.0,33.2,37.2,38.800000000000004
6.299999999999999e-05,31.6,36.4,34.800000000000004,38.0
6.309999999999999e-05,34.0,37.2,38.800000000000004,38.0
6.319999999999999e-05,34.800000000000004,34.800000000000004,37.2,39.6
6.33e-05,33.2,35.6,40.400000000000006,40.400000000000006
6.34e-05,35.6,34.800000000000004,40.400000000000006,38.800000000000004
6.35e-05,31.6,34.0,38.0,34.800000000000004
6.36e-05,30.0,34.0,38.800000000000004,37.2
6.37e-05,35.6,35.6,38.800000000000004,38.0
6.379999999999995e-05,33.2,37.2,38.0,40.400000000000006
6.389999999999995e-05,35.6,35.6,40.400000000000006,38.800000000000004
6.399999999999996e-05,31.6,35.6,38.0,39.6
6.409999999999996e-05,31.6,36.4,37.2,36.4
6.419999999999996e-05,34.0,34.0,38.800000000000004,40.400000000000006
6.429999999999996e-05,30.8,38.0,38.0,42.0
6.439999999999997e-05,31.6,35.6,40.400000000000006,38.800000000000004
6.449999999999997e-05,33.2,34.0,38.0,37.2
6.459999999999997e-05,34.800000000000004,35.6,37.2,35.6
6.469999999999997e-05,34.800000000000004,39.6,38.800000000000004,38.0
6.479999999999998e-05,34.0,37.2,38.800000000000004,39.6
6.489999999999998e-05,30.8,37.2,38.800000000000004,39.6
6.499999999999998e-05,31.6,35.6,35.6,38.0
6.509999999999998e-05,35.6,35.6,38.0,40.400000000000006
6.519999999999999e-05,34.800000000000004,34.800000000000004,38.0,36.4
6.529999999999999e-05,32.4,34.0,39.6,38.800000000000004
6.539999999999999e-05,35.6,33.2,37.2,37.2
6.549999999999999e-05,34.800000000000004,34.800000000000004,38.0,39.6
6.56e-05,30.0,34.800000000000004,38.0,41.2
6.57e-05,34.800000000000004,35.6,35.6,39.6
6.58e-05,31.6,34.0,37.2,37.2
6.59e-05,35.6,34.0,36.4,38.800000000000004
6.6e-05,34.0,33.2,38.0,37.2
6.609999999999995e-05,34.0,36.4,36.4,39.6
6.619999999999996e-05,34.800000000000004,37.2,38.800000000000004,38.800000000000004
6.629999999999996e-05,33.2,37.2,38.800000000000004,38.0
6.639999999999996e-05,34.0,32.4,38.0,36.4
6.649999999999996e-05,34.0,34.800000000000004,38.800000000000004,38.0
6.659999999999997e-05,32.4,36.4,38.0,40.400000000000006
6.669999999999997e-05,33.2,36.4,38.0,41.2
6.679999999999997e-05,32.4,36.4,35.6,40.400000000000006
6.689999999999997e-05,33.2,36.4,37.2,35.6
6.699999999999998e-05,32.4,33.2,37.2,38.0
6.709999999999998e-05,33.2,34.800000000000004,36.4,38.0
6.719999999999998e-05,31.6,34.0,38.800000000000004,38.800000000000004
6.729999999999998e-05,33.2,36.4,38.0,39.6
6.739999999999998e-05,33.2,33.2,36.4,38.800000000000004
6.749999999999999e-05,31.6,35.6,38.0,38.800000000000004
6.759999999999999e-05,33.2,37.2,37.2,40.400000000000006
6.769999999999999e-05,31.6,35.6,36.4,39.6
6.78e-05,31.6,34.0,39.6,38.0
6.79e-05,31.6,34.800000000000004,36.4,41.2
6.8e-05,33.2,35.6,40.400000000000006,38.0
6.81e-05,33.2,36.4,37.2,38.0
6.82e-05,32.4,34.0,38.800000000000004,39.6
6.829999999999995e-05,33.2,35.6,40.400000000000006,38.0
6.839999999999995e-05,34.800000000000004,35.6,39.6,38.0
6.849999999999996e-05,32.4,34.0,38.0,37.2
6.859999999999996e-05,32.4,36.4,39.6,38.800000000000004
6.869999999999996e-05,33.2,34.800000000000004,39.6,36.4
6.879999999999996e-05,32.4,37.2,36.4,36.4
6.889999999999997e-05,33.2,34.800000000000004,35.6,38.0
6.899999999999997e-05,30.8,34.800000000000004,36.4,37.2
6.909999999999997e-05,35.6,37.2,39.6,38.800000000000004
6.919999999999997e-05,34.800000000000004,35.6,38.0,37.2
6.929999999999998e-05,34.0,35.6,35.6,38.0
6.939999999999998e-05,32.4,36.4,38.800000000000004,41.2
6.949999999999998e-05,33.2,38.0,36.4,39.6
6.959999999999998e-05,33.2,33.2,38.0,38.800000000000004
6.969999999999999e-05,33.2,34.0,38.800000000000004,40.400000000000006
6.979999999999999e-05,34.800000000000004,31.6,39.6,38.0
6.989999999999999e-05,34.0,34.800000000000004,39.6,38.800000000000004
7e-05,32.4,35.6,39.6,39.6
7.01e-05,32.4,36.4,37.2,39.6
7.02e-05,34.800000000000004,36.4,38.0,36.4
7.03e-05,33.2,34.800000000000004,40.400000000000006,38.800000000000004
7.04e-05,33.2,37.2,38.0,35.6
7.049999999999995e-05,32.4,36.4,38.0,39.6
7.059999999999995e-05,34.0,34.0,37.2,38.800000000000004
7.069999999999996e-05,32.4,34.800000000000004,38.0,38.0
7.079999999999996e-05,33.2,34.800000000000004,38.0,39.6
7.089999999999996e-05,33.2,34.800000000000004,38.800000000000004,35.6
7.099999999999996e-05,31.6,34.0,38.0,39.6
7.109999999999997e-05,33.2,35.6,38.0,39.6
7.119999999999997e-05,32.4,34.0,37.2,40.400000000000006
7.129999999999997e-05,34.800000000000004,35.6,38.0,36.4
7.139999999999997e-05,30.8,33.2,39.6,38.0
7.149999999999998e-05,33.2,34.800000000000004,38.0,39.6
7.159999999999998e-05,31.6,34.800000000000004,37.2,35.6
7.169999999999998e-05,34.800000000000004,34.800000000000004,39.6,38.800000000000004
7.179999999999998e-05,34.0,35.6,38.800000000000004,38.0
7.189999999999999e-05,32.4,35.6,36.4,38.800000000000004
7.199999999999999e-05,31.6,35.6,38.800000000000004,38.800000000000004
7.209999999999999e-05,31.6,36.4,36.4,40.400000000000006
7.219999999999999e-05,35.6,37.2,38.0,36.4
7.23e-05,34.800000000000004,35.6,37.2,38.0
7.24e-05,34.0,35.6,38.800000000000004,38.800000000000004
7.25e-05,34.0,34.0,38.800000000000004,41.2
7.26e-05,32.4,36.4,40.400000000000006,38.0
7.269999999999995e-05,30.8,37.2,39.6,36.4
7.279999999999995e-05,32.4,34.800000000000004,39.6,39.6
7.289999999999996e-05,33.2,35.6,38.800000000000004,37.2
7.299999999999996e-05,34.0,35.6,38.0,38.0
7.309999999999996e-05,33.2,36.4,35.6,38.0
7.319999999999996e-05,32.4,34.800000000000004,37.2,40.400000000000006
7.329999999999997e-05,34.800000000000004,37.2,37.2,36.4
7.339999999999997e-05,32.4,34.800000000000004,38.0,38.0
7.349999999999997e-05,32.4,35.6,38.800000000000004,38.0
7.359999999999997e-05,34.0,36.4,38.800000000000004,38.0
7.369999999999998e-05,33.2,37.2,37.2,38.800000000000004
7.379999999999998e-05,32.4,38.800000000000004,39.6,35.6
7.389999999999998e-05,34.0,36.4,38.800000000000004,38.0
7.399999999999998e-05,33.2,33.2,37.2,38.0
7.409999999999999e-05,34.0,34.800000000000004,37.2,37.2
7.419999999999999e-05,34.0,36.4,38.800000000000004,38.0
7.429999999999999e-05,33.2,35.6,38.0,38.0
7.439999999999999e-05,34.0,32.4,38.800000000000004,38.800000000000004
7.45e-05,32.4,38.0,38.0,40.400000000000006
7.46e-05,34.800000000000004,35.6,38.0,37.2
7.47e-05,35.6,36.4,37.2,39.6
7.48e-05,30.8,36.4,38.800000000000004,38.0
7.49e-05,32.4,34.0,38.0,38.0
7.499999999999995e-05,33.2,33.2,39.6,41.2
7.509999999999996e-05,36.4,36.4,36.4,40.400000000000006
7.519999999999996e-05,32.4,34.800000000000004,39.6,38.0
7.529999999999996e-05,29.200000000000003,36.4,36.4,37.2
7.539999999999996e-05,32.4,34.0,38.800000000000004,37.2
7.549999999999996e-05,34.0,34.800000000000004,39.6,38.0
7.559999999999997e-05,33.2,36.4,38.0,37.2
7.569999999999997e-05,30.8,36.4,39.6,38.0
7.579999999999997e-05,34.0,35.6,38.800000000000004,39.6
7.589999999999997e-05,30.0,36.4,39.6,38.0
7.599999999999998e-05,30.8,34.800000000000004,38.0,36.4
7.609999999999998e-05,33.2,34.0,39.6,35.6
7.619999999999998e-05,34.0,34.800000000000004,37.2,38.0
7.629999999999998e-05,33.2,37.2,40.400000000000006,38.800000000000004
7.639999999999999e-05,34.800000000000004,34.800000000000004,38.0,40.400000000000006
7.649999999999999e-05,35.6,34.800000000000004,38.800000000000004,39.6
7.659999999999999e-05,34.0,34.800000000000004,38.800000000000004,35.6
7.67e-05,35.6,33.2,38.0,38.0
7.68e-05,33.2,34.0,38.800000000000004,38.0
7.69e-05,33.2,35.6,39.6,41.2
7.7e-05,34.0,34.0,38.0,38.0
7.71e-05,31.6,35.6,38.0,42.0
7.719999999999995e-05,34.800000000000004,35.6,36.4,39.6
7.729999999999995e-05,35.6,35.6,38.800000000000004,40.400000000000006
7.739999999999996e-05,34.800000000000004,38.0,37.2,37.2
7.749999999999996e-05,33.2,35.6,36.4,40.400000000000006
7.759999999999996e-05,33.2,35.6,39.6,39.6
7.769999999999996e-05,34.800000000000004,34.800000000000004,36.4,38.0
7.779999999999997e-05,34.0,35.6,38.0,39.6
7.789999999999997e-05,31.6,35.6,39.6,39.6
7.799999999999997e-05,34.0,33.2,38.0,38.0
7.809999999999997e-05,33.2,36.4,37.2,38.0
7.819999999999998e-05,33.2,34.0,37.2,40.400000000000006
7.829999999999998e-05,33.2,36.4,39.6,37.2
7.839999999999998e-05,33.2,35.6,37.2,35.6
7.849999999999998e-05,31.6,35.6,38.800000000000004,38.800000000000004
7.859999999999999e-05,34.0,32.4,38.0,37.2
7.869999999999999e-05,33.2,34.0,38.800000000000004,38.800000000000004
7.879999999999999e-05,34.800000000000004,36.4,38.0,38.0
7.89e-05,34.0,34.800000000000004,38.800000000000004,38.0
7.9e-05,34.0,37.2,38.800000000000004,35.6
7.91e-05,33.2,36.4,38.800000000000004,37.2
7.92e-05,34.0,33.2,38.0,38.800000000000004
7.93e-05,34.0,34.0,37.2,38.0
7.939999999999995e-05,33.2,35.6,36.4,39.6
7.949999999999995e-05,33.2,35.6,38.0,39.6
7.959999999999996e-05,33.2,34.0,37.2,37.2
7.969999999999996e-05,34.800000000000004,34.800000000000004,37.2,37.2
7.979999999999996e-05,32.4,38.0,37.2,36.4
7.989999999999996e-05,34.0,35.6,39.6,42.0
7.999999999999997e-05,34.800000000000004,34.0,38.0,38.800000000000004
8.009999999999997e-05,35.6,35.6,36.4,37.2
8.019999999999997e-05,34.800000000000004,36.4,40.400000000000006,38.0
8.029999999999997e-05,33.2,34.800000000000004,38.0,39.6
8.039999999999998e-05,31.6,35.6,38.800000000000004,42.0
8.049999999999998e-05,34.800000000000004,34.800000000000004,38.800000000000004,37.2
8.059999999999998e-05,33.2,34.800000000000004,36.4,39.6
8.069999999999998e-05,30.8,35.6,38.800000000000004,37.2
8.079999999999999e-05,32.4,33.2,39.6,36.4
8.089999999999999e-05,32.4,36.4,36.4,39.6
8.099999999999999e-05,34.0,35.6,39.6,37.2
8.109999999999999e-05,33.2,34.0,40.400000000000006,37.2
8.12e-05,33.2,35.6,38.0,36.4
8.13e-05,30.8,35.6,37.2,38.800000000000004
8.14e-05,32.4,32.4,39.6,38.0
8.15e-05,32.4,34.800000000000004,38.0,39.6
8.16e-05,33.2,37.2,39.6,37.2
8.169999999999995e-05,34.0,34.800000000000004,39.6,39.6
8.179999999999996e-05,34.800000000000004,33.2,35.6,38.800000000000004
8.189999999999996e-05,34.0,34.800000000000004,38.800000000000004,38.0
8.199999999999996e-05,34.0,34.800000000000004,35.6,38.800000000000004
8.209999999999996e-05,35.6,33.2,39.6,38.0
8.219999999999997e-05,32.4,34.800000000000004,38.0,36.4
8.229999999999997e-05,33.2,34.0,37.2,38.800000000000004
8.239999999999997e-05,31.6,35.6,36.4,36.4
8.249999999999997e-05,34.800000000000004,36.4,38.800000000000004,38.800000000000004
8.259999999999997e-05,30.0,34.0,36.4,39.6
8.269999999999998e-05,33.2,34.0,37.2,41.2
8.279999999999998e-05,35.6,36.4,38.800000000000004,38.0
8.289999999999998e-05,33.2,35.6,38.800000000000004,40.400000000000006
8.299999999999998e-05,33.2,35.6,35.6,38.0
8.309999999999999e-05,33.2,37.2,38.0,36.4
8.319999999999999e-05,34.0,34.800000000000004,40.400000000000006,40.400000000000006
8.329999999999999e-05,34.0,35.6,36.4,38.0
8.34e-05,30.8,33.2,36.4,40.400000000000006
8.35e-05,32.4,36.4,38.800000000000004,38.0
8.36e-05,32.4,34.0,38.800000000000004,39.6
8.37e-05,32.4,36.4,38.0,38.0
8.38e-05,34.0,34.800000000000004,35.6,36.4
8.389999999999995e-05,32.4,34.0,38.800000000000004,37.2
8.399999999999995e-05,33.2,34.0,39.6,38.800000000000004
8.409999999999996e-05,34.800000000000004,34.800000000000004,36.4,38.0
8.419999999999996e-05,34.800000000000004,35.6,36.4,37.2
8.429999999999996e-05,33.2,34.0,38.800000000000004,39.6
8.439999999999996e-05,33.2,38.0,38.0,39.6
8.449999999999997e-05,32.4,34.800000000000004,38.0,39.6
8.459999999999997e-05,34.800000000000004,34.800000000000004,37.2,38.0
8.469999999999997e-05,32.4,36.4,39.6,38.0
8.479999999999997e-05,32.4,35.6,36.4,40.400000000000006
8.489999999999998e-05,34.0,37.2,36.4,37.2
8.499999999999998e-05,33.2,34.800000000000004,38.800000000000004,38.800000000000004
8.509999999999998e-05,32.4,34.0,38.800000000000004,35.6
8.519999999999998e-05,34.0,37.2,39.6,37.2
8.529999999999999e-05,34.0,33.2,36.4,40.400000000000006
8.539999999999999e-05,33.2,37.2,37.2,36.4
8.549999999999999e-05,30.0,35.6,38.800000000000004,38.0
8.56e-05,32.4,34.800000000000004,40.400000000000006,36.4
8.57e-05,34.800000000000004,33.2,39.6,38.0
8.58e-05,32.4,34.800000000000004,37.2,40.400000000000006
8.59e-05,34.800000000000004,35.6,38.800000000000004,38.0
8.6e-05,33.2,35.6,36.4,39.6
8.609999999999995e-05,34.800000000000004,33.2,37.2,38.0
8.619999999999995e-05,34.800000000000004,36.4,38.800000000000004,37.2
8.629999999999996e-05,32.4,35.6,34.0,37.2
8.639999999999996e-05,33.2,36.4,40.400000000000006,37.2
8.649999999999996e-05,31.6,33.2,38.800000000000004,35.6
8.659999999999996e-05,34.0,36.4,37.2,39.6
8.669999999999997e-05,34.0,34.800000000000004,35.6,39.6
8.679999999999997e-05,31.6,36.4,37.2,39.6
8.689999999999997e-05,31.6,36.4,38.0,39.6
8.699999999999997e-05,34.800000000000004,36.4,38.0,38.800000000000004
8.709999999999998e-05,30.8,34.800000000000004,38.800000000000004,37.2
8.719999999999998e-05,35.6,34.800000000000004,38.0,35.6
8.729999999999998e-05,33.2,34.800000000000004,37.2,38.0
8.739999999999998e-05,34.0,35.6,38.800000000000004,38.0
8.749999999999999e-05,33.2,35.6,36.4,41.2
8.759999999999999e-05,32.4,35.6,38.0,38.0
8.769999999999999e-05,31.6,33.2,38.0,37.2
8.779999999999999e-05,33.2,36.4,37.2,40.400000000000006
8.79e-05,32.4,37.2,39.6,38.0
8.8e-05,34.0,34.800000000000004,38.0,38.0
8.81e-05,32.4,37.2,37.2,40.400000000000006
8.82e-05,33.2,34.0,39.6,39.6
8.829999999999995e-05,34.800000000000004,35.6,38.800000000000004,39.6
8.839999999999995e-05,34.800000000000004,37.2,40.400000000000006,35.6
8.849999999999996e-05,31.6,34.800000000000004,37.2,38.800000000000004
8.859999999999996e-05,33.2,36.4,38.0,38.800000000000004
8.869999999999996e-05,33.2,36.4,37.2,36.4
8.879999999999996e-05,34.0,35.6,38.800000000000004,39.6
8.889999999999997e-05,33.2,34.800000000000004,39.6,37.2
8.899999999999997e-05,33.2,34.0,38.800000000000004,39.6
8.909999999999997e-05,34.800000000000004,35.6,38.800000000000004,38.0
8.919999999999997e-05,33.2,34.800000000000004,35.6,39.6
8.929999999999998e-05,30.8,34.0,40.400000000000006,38.0
8.939999999999998e-05,31.6,34.800000000000004,37.2,38.0
8.949999999999998e-05,32.4,34.0,38.0,36.4
8.959999999999998e-05,33.2,36.4,38.800000000000004,38.800000000000004
8.969999999999998e-05,35.6,34.0,36.4,42.0
8.979999999999999e-05,33.2,35.6,36.4,37.2
8.989999999999999e-05,34.0,37.2,40.400000000000006,37.2
8.999999999999999e-05,34.800000000000004,33.2,38.0,38.800000000000004
9.01e-05,31.6,33.2,38.800000000000004,38.800000000000004
9.02e-05,33.2,33.2,37.2,38.0
9.03e-05,32.4,32.4,38.0,37.2
9.04e-05,32.4,34.800000000000004,39.6,38.800000000000004
9.05e-05,34.0,36.4,38.800000000000004,36.4
9.059999999999995e-05,30.8,37.2,39.6,40.400000000000006
9.069999999999995e-05,31.6,32.4,38.800000000000004,39.6
9.079999999999996e-05,31.6,36.4,38.800000000000004,39.6
9.089999999999996e-05,34.0,34.800000000000004,39.6,38.0
9.099999999999996e-05,32.4,34.0,38.0,39.6
9.109999999999996e-05,35.6,36.4,37.2,38.0
9.119999999999997e-05,33.2,35.6,38.0,38.0
9.129999999999997e-05,35.6,34.0,37.2,38.800000000000004
9.139999999999997e-05,33.2,34.0,36.4,37.2
9.149999999999997e-05,33.2,35.6,39.6,38.800000000000004
9.159999999999998e-05,34.0,34.800000000000004,37.2,38.800000000000004
9.169999999999998e-05,32.4,34.800000000000004,38.0,37.2
9.179999999999998e-05,34.800000000000004,33.2,37.2,40.400000000000006
9.189999999999998e-05,33.2,34.0,34.800000000000004,38.800000000000004
9.199999999999999e-05,33.2,34.0,38.0,40.400000000000006
9.209999999999999e-05,30.8,36.4,38.800000000000004,42.0
9.219999999999999e-05,31.6,35.6,40.400000000000006,38.800000000000004
9.23e-05,35.6,34.800000000000004,39.6,41.2
9.24e-05,34.800000000000004,36.4,36.4,38.0
9.25e-05,34.800000000000004,35.6,35.6,38.0
9.26e-05,33.2,34.800000000000004,39.6,40.400000000000006
9.27e-05,32.4,34.800000000000004,38.0,37.2
9.279999999999995e-05,33.2,34.800000000000004,37.2,37.2
9.289999999999995e-05,34.800000000000004,37.2,36.4,40.400000000000006
9.299999999999996e-05,31.6,35.6,39.6,37.2
9.309999999999996e-05,34.0,38.800000000000004,37.2,38.800000000000004
9.319999999999996e-05,31.6,36.4,38.0,39.6
9.329999999999996e-05,32.4,36.4,38.0,37.2
9.339999999999997e-05,33.2,38.0,38.0,39.6
9.349999999999997e-05,33.2,35.6,37.2,38.800000000000004
9.359999999999997e-05,34.0,34.0,37.2,38.800000000000004
9.369999999999997e-05,33.2,36.4,38.0,37.2
9.379999999999998e-05,30.0,35.6,37.2,38.800000000000004
9.389999999999998e-05,32.4,34.0,39.6,38.800000000000004
9.399999999999998e-05,33.2,35.6,38.0,39.6
9.409999999999998e-05,34.0,34.800000000000004,39.6,38.800000000000004
9.419999999999999e-05,34.800000000000004,33.2,38.800000000000004,39.6
9.429999999999999e-05,34.0,38.0,39.6,38.800000000000004
9.439999999999999e-05,35.6,35.6,36.4,40.400000000000006
9.449999999999999e-05,34.0,34.0,40.400000000000006,36.4
9.46e-05,32.4,36.4,39.6,35.6
9.47e-05,34.800000000000004,36.4,37.2,38.800000000000004
9.48e-05,32.4,34.0,37.2,38.800000000000004
9.49e-05,33.2,34.800000000000004,35.6,38.0
9.499999999999995e-05,33.2,34.800000000000004,35.6,38.0
9.509999999999995e-05,31.6,35.6,38.0,38.0
9.519999999999996e-05,33.2,34.800000000000004,39.6,39.6
9.529999999999996e-05,33.2,34.0,38.800000000000004,39.6
9.539999999999996e-05,32.4,35.6,39.6,37.2
9.549999999999996e-05,34.0,36.4,37.2,38.0
9.559999999999997e-05,35.6,35.6,39.6,39.6
9.569999999999997e-05,33.2,33.2,38.0,36.4
9.579999999999997e-05,33.2,35.6,38.0,38.800000000000004
9.589999999999997e-05,33.2,35.6,37.2,38.800000000000004
9.599999999999998e-05,31.6,34.0,38.0,37.2
9.609999999999998e-05,33.2,34.0,37.2,37.2
9.619999999999998e-05,33.2,34.0,38.800000000000004,37.2
9.629999999999998e-05,31.6,35.6,39.6,38.800000000000004
9.639999999999999e-05,32.4,34.800000000000004,37.2,34.800000000000004
9.649999999999999e-05,32.4,34.800000000000004,35.6,36.4
9.659999999999999e-05,31.6,34.800000000000004,40.400000000000006,37.2
9.669999999999999e-05,34.800000000000004,33.2,39.6,36.4
9.68e-05,34.0,34.0,37.2,37.2
9.69e-05,32.4,34.800000000000004,39.6,39.6
9.7e-05,34.0,35.6,36.4,40.400000000000006
9.71e-05,35.6,34.800000000000004,40.400000000000006,38.0
9.719999999999995e-05,34.800000000000004,35.6,38.800000000000004,38.800000000000004
9.729999999999995e-05,34.0,34.0,37.2,39.6
9.739999999999996e-05,31.6,33.2,38.0,35.6
9.749999999999996e-05,30.0,34.800000000000004,38.800000000000004,36.4
9.759999999999996e-05,32.4,34.0,36.4,38.0
9.769999999999996e-05,32.4,37.2,39.6,41.2
9.779999999999996e-05,34.0,35.6,38.0,40.400000000000006
9.789999999999997e-05,32.4,35.6,38.800000000000004,38.0
9.799999999999997e-05,31.6,34.0,39.6,37.2
9.809999999999997e-05,32.4,35.6,38.0,38.800000000000004
9.819999999999997e-05,31.6,35.6,38.0,38.800000000000004
9.829999999999998e-05,34.0,32.4,38.0,38.800000000000004
9.839999999999998e-05,34.800000000000004,34.800000000000004,37.2,38.800000000000004
9.849999999999998e-05,34.0,35.6,38.0,37.2
9.859999999999998e-05,33.2,35.6,35.6,37.2
9.869999999999999e-05,33.2,35.6,39.6,37.2
9.879999999999999e-05,33.2,35.6,36.4,36.4
9.889999999999999e-05,33.2,32.4,38.0,37.2
9.9e-05,32.4,34.0,38.800000000000004,38.0
9.91e-05,32.4,35.6,38.0,36.4
9.92e-05,30.8,34.800000000000004,38.0,37.2
9.93e-05,34.0,36.4,38.800000000000004,39.6
9.94e-05,33.2,36.4,38.800000000000004,38.800000000000004
9.949999999999995e-05,33.2,34.800000000000004,37.2,40.400000000000006
9.959999999999995e-05,32.4,36.4,38.0,38.800000000000004
9.969999999999996e-05,32.4,34.0,36.4,37.2
9.979999999999996e-05,34.0,33.2,38.800000000000004,38.0
9.989999999999996e-05,34.0,36.4,38.800000000000004,38.800000000000004
9.999999999999996e-05,30.8,35.6,39.6,37.2
0.00010009999999999997,32.4,35.6,35.6,38.800000000000004
0.00010019999999999997,30.8,34.800000000000004,37.2,38.0
0.00010029999999999997,34.0,35.6,38.0,39.6
0.00010039999999999997,34.0,34.800000000000004,36.4,37.2
0.00010049999999999998,34.0,36.4,37.2,38.800000000000004
0.00010059999999999998,35.6,35.6,38.800000000000004,38.0
0.00010069999999999998,34.0,34.800000000000004,38.0,37.2
0.00010079999999999998,34.800000000000004,34.0,38.0,35.6
0.00010089999999999999,30.8,34.800000000000004,38.800000000000004,39.6
0.00010099999999999999,32.4,35.6,39.6,38.800000000000004
0.00010109999999999999,31.6,35.6,38.800000000000004,36.4
0.0001012,34.0,34.800000000000004,38.0,39.6
0.0001013,31.6,34.0,37.2,40.400000000000006
0.0001014,31.6,34.800000000000004,37.2,36.4
0.0001015,34.0,34.800000000000004,40.400000000000006,39.6
0.0001016,33.2,34.800000000000004,38.800000000000004,38.0
0.00010169999999999995,35.6,34.0,37.2,38.0
0.00010179999999999995,33.2,34.0,37.2,38.800000000000004
0.00010189999999999996,34.800000000000004,34.800000000000004,36.4,41.2
0.00010199999999999996,32.4,36.4,36.4,39.6
0.00010209999999999996,34.0,33.2,38.800000000000004,41.2
0.00010219999999999996,33.2,35.6,38.0,39.6
0.00010229999999999997,31.6,36.4,38.0,37.2
0.00010239999999999997,32.4,38.0,37.2,38.800000000000004
0.00010249999999999997,33.2,36.4,37.2,36.4
0.00010259999999999997,34.800000000000004,35.6,38.0,38.800000000000004
0.00010269999999999998,30.8,34.800000000000004,36.4,39.6
0.00010279999999999998,31.6,35.6,36.4,38.800000000000004
0.00010289999999999998,34.0,35.6,36.4,37.2
0.00010299999999999998,34.0,35.6,37.2,38.800000000000004
0.00010309999999999999,33.2,34.800000000000004,39.6,38.800000000000004
0.00010319999999999999,32.4,33.2,38.0,38.800000000000004
0.00010329999999999999,33.2,34.800000000000004,37.2,37.2
0.00010339999999999999,34.0,34.800000000000004,37.2,38.0
0.0001035,32.4,34.800000000000004,39.6,38.800000000000004
0.0001036,35.6,34.800000000000004,38.0,38.800000000000004
0.0001037,31.6,34.800000000000004,37.2,38.0
0.0001038,31.6,35.6,37.2,36.4
0.00010389999999999995,30.8,34.0,36.4,37.2
0.00010399999999999995,32.4,34.800000000000004,37.2,35.6
0.00010409999999999996,30.8,34.800000000000004,39.6,37.2
0.00010419999999999996,33.2,35.6,38.800000000000004,39.6
0.00010429999999999996,32.4,35.6,38.0,35.6
0.00010439999999999996,33.2,35.6,37.2,36.4
0.00010449999999999997,32.4,33.2,38.0,39.6
0.00010459999999999997,31.6,38.0,38.800000000000004,41.2
0.00010469999999999997,30.8,34.800000000000004,38.0,37.2
0.00010479999999999997,33.2,34.0,36.4,38.800000000000004
0.00010489999999999997,34.0,36.4,38.0,38.0
0.00010499999999999998,34.0,34.800000000000004,38.0,38.800000000000004
0.00010509999999999998,32.4,38.0,37.2,38.0
0.00010519999999999998,32.4,34.800000000000004,39.6,38.800000000000004
0.00010529999999999998,34.800000000000004,32.4,38.0,40.400000000000006
0.00010539999999999999,32.4,34.800000000000004,36.4,39.6
0.00010549999999999999,34.800000000000004,34.800000000000004,39.6,37.2
0.00010559999999999999,32.4,34.800000000000004,37.2,38.800000000000004
0.0001057,30.0,36.4,38.0,37.2
0.0001058,31.6,34.0,40.400000000000006,39.6
0.0001059,34.0,34.800000000000004,36.4,38.800000000000004
0.000106,31.6,34.0,36.4,37.2
0.00010609999999999995,33.2,33.2,38.800000000000004,35.6
0.00010619999999999995,34.0,35.6,38.800000000000004,39.6
0.00010629999999999995,33.2,34.800000000000004,38.0,40.400000000000006
0.00010639999999999996,34.0,35.6,38.0,37.2
0.00010649999999999996,34.800000000000004,35.6,38.800000000000004,35.6
0.00010659999999999996,29.200000000000003,34.800000000000004,36.4,38.0
0.00010669999999999996,32.4,34.800000000000004,38.0,38.0
0.00010679999999999997,34.0,34.0,39.6,40.400000000000006
0.00010689999999999997,34.0,36.4,38.800000000000004,36.4
0.00010699999999999997,34.800000000000004,34.800000000000004,38.800000000000004,38.0
0.00010709999999999997,32.4,36.4,35.6,37.2
0.00010719999999999998,32.4,34.800000000000004,38.800000000000004,37.2
0.00010729999999999998,30.8,33.2,37.2,37.2
0.00010739999999999998,33.2,36.4,39.6,35.6
0.00010749999999999998,33.2,35.6,38.0,38.0
0.00010759999999999999,31.6,34.800000000000004,36.4,39.6
0.00010769999999999999,31.6,36.4,37.2,37.2
0.00010779999999999999,34.800000000000004,34.0,36.4,37.2
0.0001079,34.0,34.800000000000004,38.800000000000004,38.0
0.000108,34.0,34.0,38.0,38.0
0.0001081,32.4,36.4,38.800000000000004,39.6
0.0001082,30.8,33.2,39.6,38.800000000000004
0.0001083,34.0,34.800000000000004,39.6,38.800000000000004
0.00010839999999999995,33.2,35.6,37.2,37.2
0.00010849999999999995,32.4,34.0,39.6,37.2
0.00010859999999999996,33.2,36.4,38.0,39.6
0.00010869999999999996,33.2,35.6,38.800000000000004,34.800000000000004
0.00010879999999999996,32.4,34.800000000000004,38.800000000000004,37.2
0.00010889999999999996,31.6,35.6,38.800000000000004,41.2
0.00010899999999999997,31.6,34.800000000000004,38.0,35.6
0.00010909999999999997,32.4,34.0,38.0,39.6
0.00010919999999999997,34.0,35.6,39.6,39.6
0.00010929999999999997,33.2,35.6,38.800000000000004,38.800000000000004
0.00010939999999999998,32.4,34.800000000000004,38.800000000000004,39.6
0.00010949999999999998,32.4,35.6,37.2,40.400000000000006
0.00010959999999999998,34.0,36.4,38.0,38.800000000000004
0.00010969999999999998,30.8,34.800000000000004,38.0,39.6
0.00010979999999999999,34.0,36.4,37.2,36.4
0.00010989999999999999,34.0,34.800000000000004,38.800000000000004,38.0
0.00010999999999999999,32.4,37.2,38.800000000000004,39.6
0.00011009999999999999,34.800000000000004,34.0,38.0,37.2
0.0001102,35.6,36.4,38.0,38.800000000000004
0.0001103,31.6,34.0,36.4,37.2
0.0001104,31.6,35.6,36.4,38.0
0.0001105,33.2,36.4,38.0,38.800000000000004
0.00011059999999999995,31.6,35.6,38.800000000000004,38.0
0.00011069999999999995,33.2,33.2,36.4,39.6
0.00011079999999999996,32.4,36.4,35.6,39.6
0.00011089999999999996,32.4,35.6,36.4,37.2
0.00011099999999999996,31.6,35.6,38.800000000000004,37.2
0.00011109999999999996,32.4,34.800000000000004,35.6,40.400000000000006
0.00011119999999999997,32.4,36.4,39.6,38.0
0.00011129999999999997,34.800000000000004,35.6,38.800000000000004,40.400000000000006
0.00011139999999999997,30.8,34.800000000000004,37.2,40.400000000000006
0.00011149999999999997,33.2,33.2,39.6,39.6
0.00011159999999999998,32.4,35.6,38.800000000000004,38.0
0.00011169999999999998,32.4,34.0,39.6,36.4
0.00011179999999999998,33.2,34.0,37.2,38.0
0.00011189999999999998,34.800000000000004,34.800000000000004,36.4,37.2
0.00011199999999999998,35.6,35.6,38.800000000000004,35.6
0.00011209999999999999,34.0,35.6,37.2,38.0
0.00011219999999999999,34.0,35.6,38.800000000000004,38.0
0.00011229999999999999,33.2,33.2,39.6,38.800000000000004
0.0001124,32.4,34.0,38.0,38.800000000000004
0.0001125,31.6,35.6,38.0,37.2
0.0001126,33.2,34.800000000000004,36.4,38.800000000000004
0.0001127,30.0,37.2,38.800000000000004,38.800000000000004
0.00011279999999999995,32.4,35.6,38.800000000000004,38.800000000000004
0.00011289999999999995,34.0,35.6,38.0,38.800000000000004
0.00011299999999999995,34.0,35.6,38.800000000000004,38.0
0.00011309999999999996,32.4,35.6,38.0,37.2
0.00011319999999999996,33.2,33.2,38.0,38.800000000000004
0.00011329999999999996,32.4,36.4,38.800000000000004,36.4
0.00011339999999999996,30.8,37.2,37.2,36.4
0.00011349999999999997,34.0,37.2,37.2,41.2
0.00011359999999999997,32.4,35.6,38.0,38.0
0.00011369999999999997,34.800000000000004,37.2,38.0,39.6
0.00011379999999999997,34.0,34.0,36.4,38.0
0.00011389999999999998,32.4,31.6,37.2,39.6
0.00011399999999999998,33.2,36.4,37.2,37.2
0.00011409999999999998,33.2,34.800000000000004,38.0,37.2
0.00011419999999999998,33.2,34.0,38.0,38.0
0.00011429999999999999,30.8,35.6,38.0,37.2
0.00011439999999999999,31.6,35.6,38.800000000000004,38.800000000000004
0.00011449999999999999,34.800000000000004,33.2,38.800000000000004,38.800000000000004
0.0001146,32.4,34.800000000000004,36.4,37.2
0.0001147,34.800000000000004,34.800000000000004,38.0,40.400000000000006
0.0001148,34.800000000000004,35.6,38.0,36.4
0.0001149,32.4,32.4,38.0,38.800000000000004
0.00011499999999999995,30.8,31.6,38.800000000000004,40.400000000000006
0.00011509999999999995,34.0,35.6,39.6,38.800000000000004
0.00011519999999999995,34.800000000000004,36.4,36.4,37.2
0.00011529999999999996,32.4,34.800000000000004,38.0,40.400000000000006
0.00011539999999999996,34.0,35.6,38.800000000000004,37.2
0.00011549999999999996,34.800000000000004,35.6,38.0,38.800000000000004
0.00011559999999999996,30.0,34.0,38.800000000000004,37.2
0.00011569999999999997,30.8,34.800000000000004,37.2,39.6
0.00011579999999999997,33.2,34.800000000000004,38.800000000000004,38.0
0.00011589999999999997,32.4,36.4,38.800000000000004,38.800000000000004
0.00011599999999999997,33.2,36.4,38.0,38.0
0.00011609999999999998,34.800000000000004,35.6,38.800000000000004,39.6
0.00011619999999999998,34.800000000000004,34.800000000000004,38.0,38.800000000000004
0.00011629999999999998,35.6,34.800000000000004,40.400000000000006,37.2
0.00011639999999999998,34.0,34.800000000000004,39.6,38.0
0.00011649999999999999,32.4,35.6,36.4,39.6
0.00011659999999999999,31.6,34.0,40.400000000000006,41.2
0.00011669999999999999,34.800000000000004,35.6,39.6,39.6
0.00011679999999999999,33.2,38.0,38.800000000000004,38.0
0.0001169,35.6,37.2,38.800000000000004,39.6
0.000117,34.0,38.0,37.2,41.2
0.0001171,33.2,36.4,38.0,38.800000000000004
0.0001172,34.0,34.0,39.6,37.2
0.00011729999999999995,33.2,35.6,38.0,37.2
0.00011739999999999995,32.4,36.4,38.800000000000004,39.6
0.00011749999999999996,32.4,36.4,41.2,41.2
0.00011759999999999996,33.2,35.6,39.6,38.800000000000004
0.00011769999999999996,33.2,37.2,40.400000000000006,40.400000000000006
0.00011779999999999996,33.2,36.4,39.6,40.400000000000006
0.00011789999999999997,35.6,37.2,38.0,38.0
0.00011799999999999997,35.6,36.4,38.0,39.6
0.00011809999999999997,34.800000000000004,37.2,38.800000000000004,41.2
0.00011819999999999997,31.6,36.4,41.2,38.0
0.00011829999999999998,34.800000000000004,35.6,39.6,38.800000000000004
0.00011839999999999998,34.0,35.6,38.0,39.6
0.00011849999999999998,35.6,34.800000000000004,40.400000000000006,38.800000000000004
0.00011859999999999998,33.2,36.4,38.0,38.0
0.00011869999999999998,34.0,37.2,37.2,38.800000000000004
0.00011879999999999999,33.2,36.4,39.6,38.0
0.00011889999999999999,34.800000000000004,37.2,39.6,39.6
0.00011899999999999999,34.0,35.6,40.400000000000006,38.800000000000004
0.0001191,34.800000000000004,37.2,38.0,39.6
0.0001192,34.800000000000004,35.6,38.800000000000004,39.6
0.0001193,34.0,37.2,40.400000000000006,41.2
0.0001194,32.4,37.2,38.0,41.2
0.00011949999999999995,34.800000000000004,35.6,38.0,39.6
0.00011959999999999995,36.4,37.2,38.0,40.400000000000006
0.00011969999999999996,33.2,38.0,37.2,38.800000000000004
0.00011979999999999996,34.800000000000004,35.6,38.800000000000004,38.800000000000004
0.00011989999999999996,33.2,36.4,40.400000000000006,41.2
0.00011999999999999996,34.800000000000004,34.800000000000004,39.6,39.6
0.00012009999999999996,37.2,35.6,38.800000000000004,41.2
0.00012019999999999997,34.800000000000004,36.4,39.6,38.800000000000004
0.00012029999999999997,34.800000000000004,37.2,38.0,38.800000000000004
0.00012039999999999997,34.0,35.6,40.400000000000006,41.2
0.00012049999999999997,34.800000000000004,38.0,38.0,40.400000000000006
0.00012059999999999998,36.4,37.2,38.800000000000004,38.0
0.00012069999999999998,34.0,37.2,38.0,38.800000000000004
0.00012079999999999998,34.800000000000004,38.800000000000004,39.6,38.800000000000004
0.00012089999999999998,34.0,36.4,40.400000000000006,35.6
0.00012099999999999999,34.0,35.6,41.2,39.6
0.00012109999999999999,35.6,38.0,39.6,40.400000000000006
0.00012119999999999999,34.800000000000004,34.800000000000004,38.0,39.6
0.0001213,34.0,35.6,41.2,39.6
0.0001214,32.4,35.6,38.800000000000004,39.6
0.0001215,30.8,36.4,40.400000000000006,42.0
0.0001216,33.2,38.800000000000004,40.400000000000006,39.6
0.00012169999999999995,34.0,34.800000000000004,38.800000000000004,40.400000000000006
0.00012179999999999995,33.2,34.800000000000004,40.400000000000006,36.4
0.00012189999999999995,34.800000000000004,37.2,40.400000000000006,39.6
0.00012199999999999996,35.6,34.800000000000004,38.800000000000004,39.6
0.00012209999999999996,35.6,37.2,38.800000000000004,39.6
0.00012219999999999996,32.4,35.6,38.0,39.6
0.00012229999999999996,32.4,36.4,39.6,37.2
0.00012239999999999997,38.0,35.6,38.0,38.0
0.00012249999999999997,34.800000000000004,34.0,36.4,38.800000000000004
0.00012259999999999997,31.6,36.4,40.400000000000006,41.2
0.00012269999999999997,34.0,35.6,40.400000000000006,39.6
0.00012279999999999998,31.6,36.4,37.2,38.0
0.00012289999999999998,33.2,35.6,38.800000000000004,38.800000000000004
0.00012299999999999998,33.2,35.6,39.6,41.2
0.00012309999999999998,34.800000000000004,34.800000000000004,38.800000000000004,40.400000000000006
0.00012319999999999999,30.8,34.800000000000004,37.2,40.400000000000006
0.0001233,34.800000000000004,36.4,40.400000000000006,39.6
0.0001234,35.6,35.6,39.6,40.400000000000006
0.0001235,34.800000000000004,35.6,38.0,39.6
0.0001236,32.4,40.400000000000006,38.800000000000004,38.0
0.0001237,33.2,37.2,39.6,38.0
0.0001238,36.4,35.6,38.800000000000004,42.0
0.00012389999999999995,33.2,35.6,39.6,38.0
0.00012399999999999995,33.2,36.4,38.0,41.2
0.00012409999999999995,34.0,36.4,39.6,38.800000000000004
0.00012419999999999996,33.2,37.2,39.6,40.400000000000006
0.00012429999999999996,32.4,35.6,40.400000000000006,42.0
0.00012439999999999996,32.4,36.4,39.6,38.0
0.00012449999999999996,34.0,37.2,39.6,39.6
0.00012459999999999997,34.800000000000004,37.2,40.400000000000006,42.0
0.00012469999999999997,34.0,38.800000000000004,38.0,39.6
0.00012479999999999997,33.2,38.0,38.800000000000004,38.0
0.00012489999999999997,35.6,34.800000000000004,40.400000000000006,38.0
0.00012499999999999998,34.0,35.6,41.2,40.400000000000006
0.00012509999999999998,33.2,35.6,39.6,41.2
0.00012519999999999998,32.4,35.6,38.0,39.6
0.00012529999999999998,35.6,38.0,38.800000000000004,39.6
0.00012539999999999999,35.6,37.2,38.800000000000004,38.800000000000004
0.0001255,35.6,38.0,40.400000000000006,40.400000000000006
0.0001256,33.2,35.6,38.800000000000004,39.6
0.0001257,35.6,35.6,38.800000000000004,40.400000000000006
0.0001258,34.800000000000004,38.0,38.800000000000004,40.400000000000006
0.0001259,31.6,36.4,38.0,38.800000000000004
0.000126,31.6,37.2,38.800000000000004,42.0
0.0001261,34.0,38.0,39.6,39.6
0.00012619999999999995,33.2,37.2,38.0,39.6
0.00012629999999999995,33.2,38.0,38.800000000000004,39.6
0.00012639999999999996,35.6,34.800000000000004,40.400000000000006,40.400000000000006
0.00012649999999999996,31.6,36.4,40.400000000000006,40.400000000000006
0.00012659999999999996,35.6,35.6,38.800000000000004,36.4
0.00012669999999999996,34.0,35.6,38.800000000000004,39.6
0.00012679999999999997,34.0,35.6,38.0,38.800000000000004
0.00012689999999999997,34.0,38.0,42.0,39.6
0.00012699999999999997,34.0,37.2,39.6,39.6
0.00012709999999999997,31.6,38.800000000000004,40.400000000000006,42.800000000000004
0.00012719999999999997,34.0,34.800000000000004,38.0,39.6
0.00012729999999999998,34.800000000000004,34.0,38.800000000000004,39.6
0.00012739999999999998,32.4,37.2,38.0,39.6
0.00012749999999999998,34.800000000000004,35.6,38.0,40.400000000000006
0.00012759999999999998,34.0,38.0,38.0,41.2
0.0001277,34.800000000000004,35.6,38.800000000000004,37.2
0.0001278,31.6,35.6,40.400000000000006,38.800000000000004
0.0001279,34.800000000000004,38.800000000000004,38.800000000000004,39.6
0.000128,32.4,38.0,38.0,42.0
0.0001281,34.800000000000004,38.800000000000004,38.0,42.0
0.0001282,37.2,34.800000000000004,41.2,40.400000000000006
0.0001283,32.4,35.6,39.6,41.2
0.00012839999999999995,34.0,36.4,40.400000000000006,40.400000000000006
0.00012849999999999995,32.4,36.4,38.800000000000004,40.400000000000006
0.00012859999999999995,34.0,35.6,38.0,39.6
0.00012869999999999996,35.6,37.2,39.6,39.6
0.00012879999999999996,34.800000000000004,38.0,38.0,40.400000000000006
0.00012889999999999996,33.2,36.4,38.800000000000004,38.0
0.00012899999999999996,34.0,36.4,38.800000000000004,38.800000000000004
0.00012909999999999997,34.0,35.6,38.800000000000004,40.400000000000006
0.00012919999999999997,33.2,38.0,38.800000000000004,41.2
0.00012929999999999997,34.0,38.0,39.6,40.400000000000006
0.00012939999999999997,34.800000000000004,37.2,38.800000000000004,39.6
0.00012949999999999998,34.800000000000004,36.4,40.400000000000006,39.6
0.00012959999999999998,35.6,35.6,40.400000000000006,37.2
0.00012969999999999998,35.6,37.2,39.6,42.0
0.00012979999999999998,32.4,37.2,38.0,38.800000000000004
0.00012989999999999999,34.0,35.6,38.800000000000004,40.400000000000006
0.00013,31.6,37.2,40.400000000000006,38.800000000000004
0.0001301,34.0,36.4,38.0,38.800000000000004
0.0001302,33.2,39.6,40.400000000000006,38.800000000000004
0.0001303,34.0,33.2,38.800000000000004,38.800000000000004
0.0001304,34.0,35.6,40.400000000000006,36.4
0.0001305,32.4,38.800000000000004,39.6,38.800000000000004
0.00013059999999999995,32.4,35.6,38.0,41.2
0.00013069999999999995,35.6,38.800000000000004,41.2,40.400000000000006
0.00013079999999999995,35.6,36.4,39.6,37.2
0.00013089999999999996,34.800000000000004,35.6,38.0,39.6
0.00013099999999999996,33.2,37.2,39.6,38.800000000000004
0.00013109999999999996,34.800000000000004,38.0,38.800000000000004,39.6
0.00013119999999999996,34.0,34.0,39.6,40.400000000000006
0.00013129999999999997,34.0,37.2,38.800000000000004,42.0
0.00013139999999999997,34.0,34.0,39.6,40.400000000000006
0.00013149999999999997,34.800000000000004,36.4,41.2,40.400000000000006
0.00013159999999999997,35.6,34.800000000000004,38.800000000000004,38.800000000000004
0.00013169999999999998,31.6,33.2,40.400000000000006,38.0
0.00013179999999999998,34.0,35.6,39.6,39.6
0.00013189999999999998,33.2,36.4,38.800000000000004,38.0
0.00013199999999999998,36.4,34.800000000000004,40.400000000000006,38.0
0.00013209999999999999,32.4,37.2,38.0,41.2
0.0001322,34.800000000000004,37.2,41.2,38.0
0.0001323,31.6,39.6,38.800000000000004,40.400000000000006
0.0001324,33.2,38.0,38.800000000000004,38.800000000000004
0.0001325,34.800000000000004,35.6,38.800000000000004,40.400000000000006
0.0001326,32.4,34.800000000000004,37.2,38.800000000000004
0.0001327,35.6,34.800000000000004,38.0,38.800000000000004
0.00013279999999999995,34.0,36.4,40.400000000000006,38.0
0.00013289999999999995,34.0,38.0,38.800000000000004,38.0
0.00013299999999999995,35.6,37.2,38.800000000000004,37.2
0.00013309999999999996,34.0,36.4,38.0,41.2
0.00013319999999999996,33.2,34.800000000000004,39.6,42.800000000000004
0.00013329999999999996,30.8,37.2,40.400000000000006,39.6
0.00013339999999999996,36.4,36.4,38.800000000000004,39.6
0.00013349999999999997,35.6,34.0,38.0,38.0
0.00013359999999999997,33.2,36.4,40.400000000000006,39.6
0.00013369999999999997,31.6,34.0,40.400000000000006,39.6
0.00013379999999999997,36.4,34.800000000000004,38.800000000000004,41.2
0.00013389999999999997,34.0,36.4,38.0,36.4
0.00013399999999999998,35.6,34.0,39.6,38.0
0.00013409999999999998,33.2,36.4,38.800000000000004,39.6
0.00013419999999999998,36.4,39.6,41.2,41.2
0.00013429999999999998,31.6,34.800000000000004,38.800000000000004,38.800000000000004
0.0001344,33.2,35.6,40.400000000000006,41.2
0.0001345,32.4,35.6,39.6,38.0
0.0001346,31.6,36.4,40.400000000000006,38.800000000000004
0.0001347,35.6,38.800000000000004,38.0,38.800000000000004
0.0001348,34.800000000000004,33.2,40.400000000000006,39.6
0.0001349,32.4,34.0,40.400000000000006,42.0
0.000135,34.0,36.4,39.6,42.0
0.00013509999999999995,34.800000000000004,34.0,38.800000000000004,38.0
0.00013519999999999995,33.2,36.4,40.400000000000006,42.0
0.00013529999999999995,34.800000000000004,38.0,39.6,37.2
0.00013539999999999996,33.2,34.0,38.800000000000004,40.400000000000006
0.00013549999999999996,31.6,36.4,39.6,41.2
0.00013559999999999996,31.6,35.6,40.400000000000006,42.800000000000004
0.00013569999999999996,34.0,36.4,39.6,42.800000000000004
0.00013579999999999997,33.2,36.4,38.0,41.2
0.00013589999999999997,31.6,38.0,38.800000000000004,39.6
0.00013599999999999997,34.800000000000004,34.800000000000004,38.800000000000004,39.6
0.00013609999999999997,34.800000000000004,34.0,36.4,36.4
0.00013619999999999998,34.800000000000004,36.4,38.800000000000004,40.400000000000006
0.00013629999999999998,33.2,37.2,38.800000000000004,40.400000000000006
0.00013639999999999998,35.6,36.4,40.400000000000006,42.0
0.00013649999999999998,34.0,35.6,40.400000000000006,40.400000000000006
0.00013659999999999999,34.800000000000004,37.2,40.400000000000006,40.400000000000006
0.0001367,31.6,35.6,39.6,39.6
0.0001368,34.800000000000004,37.2,38.800000000000004,38.800000000000004
0.0001369,33.2,33.2,40.400000000000006,38.800000000000004
0.000137,34.0,33.2,40.400000000000006,38.800000000000004
0.0001371,34.800000000000004,37.2,39.6,39.6
0.0001372,30.8,35.6,38.0,41.2
0.00013729999999999995,35.6,35.6,38.0,37.2
0.00013739999999999995,34.800000000000004,38.0,38.800000000000004,40.400000000000006
0.00013749999999999995,37.2,36.4,40.400000000000006,40.400000000000006
0.00013759999999999996,34.0,35.6,41.2,41.2
0.00013769999999999996,32.4,35.6,38.800000000000004,42.0
0.00013779999999999996,34.0,34.0,38.800000000000004,41.2
0.00013789999999999996,34.0,39.6,38.800000000000004,42.0
0.00013799999999999997,30.8,33.2,38.0,39.6
0.00013809999999999997,34.0,35.6,34.800000000000004,39.6
0.00013819999999999997,35.6,36.4,40.400000000000006,40.400000000000006
0.00013829999999999997,32.4,38.0,40.400000000000006,38.800000000000004
0.00013839999999999998,32.4,36.4,38.800000000000004,41.2
0.00013849999999999998,35.6,37.2,38.0,37.2
0.00013859999999999998,34.0,37.2,39.6,38.800000000000004
0.00013869999999999998,34.0,34.0,39.6,42.0
0.00013879999999999999,34.800000000000004,35.6,38.800000000000004,38.800000000000004
0.0001389,35.6,36.4,40.400000000000006,39.6
0.000139,35.6,38.0,38.0,39.6
0.0001391,35.6,35.6,38.800000000000004,40.400000000000006
0.0001392,34.800000000000004,36.4,39.6,38.0
0.0001393,32.4,35.6,38.0,42.800000000000004
0.0001394,34.0,37.2,39.6,40.400000000000006
0.00013949999999999995,34.800000000000004,35.6,40.400000000000006,40.400000000000006
0.00013959999999999995,32.4,34.0,42.0,41.2
0.00013969999999999995,35.6,35.6,39.6,35.6
0.00013979999999999996,35.6,35.6,38.0,39.6
0.00013989999999999996,33.2,36.4,40.400000000000006,41.2
0.00013999999999999996,35.6,35.6,40.400000000000006,38.800000000000004
0.00014009999999999996,34.0,38.800000000000004,40.400000000000006,39.6
0.00014019999999999997,33.2,36.4,40.400000000000006,40.400000000000006
0.00014029999999999997,34.0,38.0,42.0,40.400000000000006
0.00014039999999999997,31.6,37.2,41.2,39.6
0.00014049999999999997,34.800000000000004,38.0,38.800000000000004,38.800000000000004
0.00014059999999999998,32.4,38.800000000000004,42.0,39.6
0.00014069999999999998,35.6,35.6,40.400000000000006,39.6
0.00014079999999999998,32.4,34.0,38.800000000000004,38.800000000000004
0.00014089999999999998,31.6,35.6,37.2,39.6
0.00014099999999999998,35.6,37.2,41.2,38.800000000000004
0.0001411,33.2,35.6,37.2,37.2
0.0001412,34.0,35.6,38.800000000000004,41.2
0.0001413,34.0,35.6,39.6,41.2
0.0001414,34.800000000000004,36.4,40.400000000000006,42.0
0.0001415,34.800000000000004,38.0,39.6,42.0
0.0001416,33.2,36.4,36.4,37.2
0.0001417,34.0,38.0,42.0,41.2
0.00014179999999999995,34.800000000000004,33.2,38.800000000000004,41.2
0.00014189999999999995,31.6,39.6,40.400000000000006,38.800000000000004
0.00014199999999999996,34.800000000000004,37.2,37.2,40.400000000000006
0.00014209999999999996,34.800000000000004,36.4,38.800000000000004,41.2
0.00014219999999999996,34.0,37.2,37.2,40.400000000000006
0.00014229999999999996,32.4,36.4,39.6,40.400000000000006
0.00014239999999999996,34.800000000000004,37.2,38.0,40.400000000000006
0.00014249999999999997,32.4,35.6,40.400000000000006,40.400000000000006
0.00014259999999999997,34.0,38.0,39.6,38.800000000000004
0.00014269999999999997,34.0,37.2,36.4,39.6
0.00014279999999999997,34.800000000000004,36.4,38.800000000000004,38.800000000000004
0.00014289999999999998,34.0,36.4,38.0,38.0
0.00014299999999999998,36.4,35.6,38.0,39.6
0.00014309999999999998,31.6,34.0,40.400000000000006,38.0
0.00014319999999999998,34.800000000000004,35.6,36.4,41.2
0.0001433,34.0,35.6,40.400000000000006,39.6
0.0001434,34.0,37.2,38.0,39.6
0.0001435,34.0,36.4,38.800000000000004,40.400000000000006
0.0001436,32.4,34.800000000000004,38.0,38.800000000000004
0.0001437,32.4,35.6,38.0,38.800000000000004
0.0001438,33.2,35.6,39.6,37.2
0.0001439,33.2,37.2,38.800000000000004,40.400000000000006
0.00014399999999999995,34.0,36.4,38.800000000000004,40.400000000000006
0.00014409999999999995,33.2,36.4,38.800000000000004,39.6
0.00014419999999999995,31.6,37.2,37.2,40.400000000000006
0.00014429999999999996,34.0,36.4,38.800000000000004,40.400000000000006
0.00014439999999999996,32.4,34.800000000000004,38.800000000000004,38.800000000000004
0.00014449999999999996,35.6,35.6,38.800000000000004,42.0
0.00014459999999999996,32.4,37.2,38.0,38.800000000000004
0.00014469999999999997,34.0,35.6,39.6,41.2
0.00014479999999999997,33.2,36.4,40.400000000000006,39.6
0.00014489999999999997,33.2,36.4,40.400000000000006,38.800000000000004
0.00014499999999999997,32.4,36.4,39.6,38.0
0.00014509999999999998,36.4,33.2,38.800000000000004,41.2
0.00014519999999999998,32.4,35.6,38.0,38.800000000000004
0.00014529999999999998,34.800000000000004,36.4,39.6,38.0
0.00014539999999999998,34.0,34.800000000000004,37.2,38.0
0.00014549999999999999,35.6,36.4,38.0,40.400000000000006
0.0001456,33.2,36.4,38.800000000000004,40.400000000000006
0.0001457,34.800000000000004,38.800000000000004,38.0,38.800000000000004
0.0001458,34.800000000000004,36.4,40.400000000000006,38.800000000000004
0.0001459,34.800000000000004,34.800000000000004,38.800000000000004,39.6
0.000146,32.4,33.2,39.6,39.6
0.0001461,32.4,36.4,39.6,38.800000000000004
0.00014619999999999995,34.800000000000004,38.0,39.6,40.400000000000006
0.00014629999999999995,35.6,34.800000000000004,40.400000000000006,39.6
0.00014639999999999995,31.6,39.6,40.400000000000006,39.6
0.00014649999999999996,34.800000000000004,39.6,39.6,39.6
0.00014659999999999996,34.800000000000004,38.0,39.6,38.800000000000004
0.00014669999999999996,34.0,34.0,39.6,40.400000000000006
0.00014679999999999996,34.800000000000004,38.0,39.6,38.800000000000004
0.00014689999999999997,35.6,37.2,37.2,38.800000000000004
0.00014699999999999997,33.2,38.800000000000004,38.800000000000004,40.400000000000006
0.00014709999999999997,34.800000000000004,36.4,40.400000000000006,41.2
0.00014719999999999997,34.0,36.4,38.800000000000004,39.6
0.00014729999999999998,34.800000000000004,38.800000000000004,39.6,38.0
0.00014739999999999998,32.4,36.4,42.0,38.800000000000004
0.00014749999999999998,34.800000000000004,35.6,39.6,37.2
0.00014759999999999998,34.0,38.800000000000004,39.6,41.2
0.00014769999999999999,30.0,35.6,38.800000000000004,41.2
0.0001478,32.4,35.6,38.800000000000004,38.800000000000004
0.0001479,32.4,36.4,36.4,40.400000000000006
0.000148,35.6,38.0,38.800000000000004,40.400000000000006
0.0001481,31.6,34.0,40.400000000000006,39.6
0.0001482,34.800000000000004,34.800000000000004,40.400000000000006,38.800000000000004
0.0001483,32.4,36.4,38.800000000000004,38.800000000000004
0.00014839999999999995,34.0,38.0,38.0,40.400000000000006
0.00014849999999999995,34.800000000000004,36.4,39.6,38.800000000000004
0.00014859999999999995,34.800000000000004,37.2,40.400000000000006,41.2
0.00014869999999999996,34.800000000000004,37.2,38.800000000000004,41.2
0.00014879999999999996,33.2,34.800000000000004,41.2,39.6
0.00014889999999999996,32.4,37.2,40.400000000000006,38.800000000000004
0.00014899999999999996,32.4,38.0,38.800000000000004,40.400000000000006
0.00014909999999999996,32.4,34.800000000000004,40.400000000000006,39.6
0.00014919999999999997,34.800000000000004,34.0,39.6,37.2
0.00014929999999999997,34.800000000000004,33.2,38.0,38.0
0.00014939999999999997,33.2,35.6,39.6,38.800000000000004
0.00014949999999999997,33.2,36.4,39.6,38.800000000000004
0.00014959999999999998,33.2,38.0,39.6,38.0
0.00014969999999999998,36.4,37.2,38.800000000000004,40.400000000000006
0.00014979999999999998,32.4,38.0,38.800000000000004,40.400000000000006
0.00014989999999999998,33.2,37.2,40.400000000000006,39.6
0.00015,33.2,34.0,38.0,38.0
0.0001501,33.2,36.4,36.4,39.6
0.0001502,31.6,35.6,39.6,38.800000000000004
0.0001503,34.0,36.4,38.0,38.0
0.0001504,34.800000000000004,38.0,41.2,40.400000000000006
0.0001505,34.800000000000004,37.2,42.0,38.0
0.0001506,35.6,34.800000000000004,38.800000000000004,39.6
0.00015069999999999995,36.4,34.800000000000004,38.800000000000004,41.2
0.00015079999999999995,34.800000000000004,37.2,40.400000000000006,40.400000000000006
0.00015089999999999995,34.0,36.4,39.6,40.400000000000006
0.00015099999999999996,35.6,36.4,40.400000000000006,39.6
0.00015109999999999996,35.6,34.800000000000004,38.800000000000004,38.800000000000004
0.00015119999999999996,34.0,38.800000000000004,38.0,39.6
0.00015129999999999996,34.800000000000004,35.6,41.2,38.800000000000004
0.00015139999999999997,35.6,36.4,40.400000000000006,41.2
0.00015149999999999997,34.800000000000004,36.4,39.6,43.6
0.00015159999999999997,35.6,36.4,38.800000000000004,42.0
0.00015169999999999997,33.2,36.4,41.2,38.0
0.00015179999999999998,34.0,36.4,39.6,40.400000000000006
0.00015189999999999998,34.800000000000004,35.6,39.6,38.800000000000004
0.00015199999999999998,34.800000000000004,35.6,39.6,39.6
0.00015209999999999998,34.800000000000004,35.6,40.400000000000006,40.400000000000006
0.00015219999999999999,30.8,35.6,39.6,38.800000000000004
0.0001523,36.4,37.2,39.6,37.2
0.0001524,33.2,37.2,36.4,40.400000000000006
0.0001525,34.0,35.6,40.400000000000006,38.800000000000004
0.0001526,35.6,38.0,40.400000000000006,39.6
0.0001527,33.2,34.800000000000004,38.0,41.2
0.0001528,34.800000000000004,35.6,38.800000000000004,39.6
0.00015289999999999995,34.800000000000004,38.0,38.0,37.2
0.00015299999999999995,33.2,37.2,39.6,38.800000000000004
0.00015309999999999995,32.4,33.2,40.400000000000006,39.6
0.00015319999999999996,34.800000000000004,35.6,38.800000000000004,42.0
0.00015329999999999996,34.0,35.6,38.800000000000004,40.400000000000006
0.00015339999999999996,34.800000000000004,34.800000000000004,42.800000000000004,41.2
0.00015349999999999996,34.0,35.6,38.800000000000004,39.6
0.00015359999999999997,36.4,37.2,39.6,38.800000000000004
0.00015369999999999997,34.0,34.800000000000004,35.6,40.400000000000006
0.00015379999999999997,32.4,35.6,40.400000000000006,39.6
0.00015389999999999997,34.0,37.2,38.0,38.0
0.00015399999999999998,33.2,35.6,40.400000000000006,40.400000000000006
0.00015409999999999998,33.2,36.4,39.6,39.6
0.00015419999999999998,32.4,34.0,40.400000000000006,41.2
0.00015429999999999998,31.6,35.6,38.800000000000004,38.800000000000004
0.00015439999999999999,33.2,35.6,37.2,41.2
0.0001545,34.800000000000004,37.2,38.800000000000004,41.2
0.0001546,34.800000000000004,34.800000000000004,38.0,40.400000000000006
0.0001547,34.800000000000004,35.6,38.800000000000004,39.6
0.0001548,34.800000000000004,37.2,38.800000000000004,37.2
0.0001549,33.2,36.4,38.800000000000004,38.800000000000004
0.000155,33.2,34.800000000000004,40.400000000000006,38.800000000000004
0.00015509999999999995,34.0,38.800000000000004,38.0,41.2
0.00015519999999999995,33.2,37.2,38.800000000000004,40.400000000000006
0.00015529999999999995,34.800000000000004,35.6,37.2,36.4
0.00015539999999999996,33.2,35.6,38.0,40.400000000000006
0.00015549999999999996,34.0,35.6,37.2,41.2
0.00015559999999999996,33.2,34.0,38.800000000000004,40.400000000000006
0.00015569999999999996,34.800000000000004,36.4,36.4,39.6
0.00015579999999999997,34.800000000000004,37.2,38.800000000000004,40.400000000000006
0.00015589999999999997,37.2,36.4,38.800000000000004,41.2
0.00015599999999999997,33.2,35.6,40.400000000000006,39.6
0.00015609999999999997,33.2,35.6,40.400000000000006,42.0
0.00015619999999999997,34.0,34.800000000000004,39.6,37.2
0.00015629999999999998,34.800000000000004,37.2,38.800000000000004,37.2
0.00015639999999999998,33.2,36.4,40.400000000000006,40.400000000000006
0.00015649999999999998,34.800000000000004,38.0,38.800000000000004,39.6
0.00015659999999999998,34.800000000000004,36.4,39.6,42.0
0.0001567,34.800000000000004,31.6,38.0,38.0
0.0001568,35.6,34.0,40.400000000000006,40.400000000000006
0.0001569,30.8,34.0,38.800000000000004,38.800000000000004
0.000157,35.6,36.4,38.800000000000004,38.0
0.0001571,31.6,34.800000000000004,38.0,38.800000000000004
0.0001572,34.0,38.0,39.6,39.6
0.00015729999999999995,33.2,33.2,38.0,39.6
0.00015739999999999995,33.2,34.800000000000004,40.400000000000006,41.2
0.00015749999999999995,34.0,35.6,40.400000000000006,39.6
0.00015759999999999995,32.4,36.4,38.800000000000004,38.800000000000004
0.00015769999999999996,34.0,35.6,40.400000000000006,38.0
0.00015779999999999996,34.0,37.2,40.400000000000006,38.800000000000004
0.00015789999999999996,34.0,38.0,40.400000000000006,38.0
0.00015799999999999996,32.4,36.4,39.6,38.800000000000004
0.00015809999999999997,34.0,37.2,38.800000000000004,41.2
0.00015819999999999997,32.4,37.2,38.800000000000004,37.2
0.00015829999999999997,34.0,38.800000000000004,39.6,40.400000000000006
0.00015839999999999997,34.0,37.2,39.6,41.2
0.00015849999999999998,32.4,34.800000000000004,40.400000000000006,37.2
0.00015859999999999998,34.800000000000004,37.2,39.6,39.6
0.00015869999999999998,34.0,37.2,40.400000000000006,41.2
0.00015879999999999998,32.4,34.800000000000004,40.400000000000006,42.0
0.00015889999999999999,33.2,35.6,36.4,38.800000000000004
0.000159,34.800000000000004,35.6,38.800000000000004,40.400000000000006
0.0001591,32.4,35.6,38.800000000000004,38.800000000000004
0.0001592,34.800000000000004,37.2,39.6,40.400000000000006
0.0001593,34.800000000000004,36.4,38.0,38.800000000000004
0.0001594,35.6,35.6,42.0,38.0
0.0001595,34.800000000000004,36.4,38.0,37.2
0.00015959999999999995,35.6,34.800000000000004,38.0,42.0
0.00015969999999999995,35.6,39.6,37.2,39.6
0.00015979999999999995,34.0,34.800000000000004,37.2,38.0
0.00015989999999999996,34.0,37.2,38.800000000000004,41.2
0.00015999999999999996,34.800000000000004,36.4,40.400000000000006,40.400000000000006
0.00016009999999999996,33.2,36.4,38.800000000000004,39.6
0.00016019999999999996,33.2,36.4,39.6,38.800000000000004
0.00016029999999999997,34.0,34.800000000000004,40.400000000000006,38.0
0.00016039999999999997,34.0,38.0,36.4,38.800000000000004
0.00016049999999999997,37.2,34.800000000000004,40.400000000000006,39.6
0.00016059999999999997,34.800000000000004,36.4,39.6,38.800000000000004
0.00016069999999999998,33.2,34.800000000000004,40.400000000000006,38.800000000000004
0.00016079999999999998,34.0,37.2,37.2,38.800000000000004
0.00016089999999999998,34.800000000000004,33.2,40.400000000000006,38.0
0.00016099999999999998,32.4,35.6,39.6,38.800000000000004
0.00016109999999999999,34.800000000000004,36.4,40.400000000000006,40.400000000000006
0.0001612,35.6,34.800000000000004,39.6,37.2
0.0001613,34.0,33.2,38.0,41.2
0.0001614,34.0,38.0,38.0,37.2
0.0001615,34.0,35.6,38.0,39.6
0.0001616,34.0,38.0,40.400000000000006,40.400000000000006
0.0001617,33.2,35.6,39.6,38.800000000000004
0.00016179999999999995,34.800000000000004,35.6,39.6,38.800000000000004
0.00016189999999999995,38.0,35.6,40.400000000000006,38.0
0.00016199999999999995,33.2,37.2,38.800000000000004,38.800000000000004
0.00016209999999999996,34.800000000000004,36.4,38.800000000000004,38.0
0.00016219999999999996,34.800000000000004,35.6,39.6,38.800000000000004
0.00016229999999999996,34.800000000000004,35.6,36.4,37.2
0.00016239999999999996,32.4,35.6,40.400000000000006,42.0
0.00016249999999999997,34.800000000000004,34.800000000000004,40.400000000000006,36.4
0.00016259999999999997,33.2,36.4,39.6,39.6
0.00016269999999999997,34.800000000000004,35.6,38.0,39.6
0.00016279999999999997,35.6,35.6,41.2,40.400000000000006
0.00016289999999999998,34.0,36.4,38.800000000000004,38.800000000000004
0.00016299999999999998,32.4,36.4,40.400000000000006,40.400000000000006
0.00016309999999999998,35.6,36.4,39.6,42.0
0.00016319999999999998,34.800000000000004,37.2,40.400000000000006,38.0
0.00016329999999999998,34.0,36.4,38.0,38.800000000000004
0.0001634,34.800000000000004,38.0,38.0,41.2
0.0001635,32.4,37.2,36.4,37.2
0.0001636,35.6,36.4,38.800000000000004,40.400000000000006
0.0001637,31.6,34.0,39.6,38.0
0.0001638,34.800000000000004,38.0,40.400000000000006,38.800000000000004
0.0001639,32.4,33.2,38.0,38.800000000000004
0.00016399999999999995,34.800000000000004,34.800000000000004,38.800000000000004,38.0
0.00016409999999999995,34.0,35.6,37.2,37.2
0.00016419999999999995,34.800000000000004,37.2,38.0,38.800000000000004
0.00016429999999999995,33.2,34.800000000000004,38.0,38.0
0.00016439999999999996,31.6,35.6,38.0,39.6
0.00016449999999999996,35.6,38.800000000000004,38.0,39.6
0.00016459999999999996,31.6,36.4,39.6,38.0
0.00016469999999999996,34.800000000000004,34.0,38.800000000000004,39.6
0.00016479999999999997,34.0,37.2,39.6,41.2
0.00016489999999999997,34.800000000000004,36.4,39.6,39.6
0.00016499999999999997,34.800000000000004,35.6,38.0,39.6
0.00016509999999999997,35.6,35.6,39.6,40.400000000000006
0.00016519999999999998,33.2,37.2,38.800000000000004,41.2
0.00016529999999999998,34.0,36.4,38.800000000000004,41.2
0.00016539999999999998,31.6,38.0,37.2,38.0
0.00016549999999999998,36.4,36.4,39.6,38.800000000000004
0.0001656,32.4,37.2,40.400000000000006,40.400000000000006
0.0001657,34.800000000000004,34.800000000000004,39.6,38.800000000000004
0.0001658,31.6,36.4,39.6,38.0
0.0001659,32.4,36.4,41.2,40.400000000000006
0.000166,34.0,38.0,38.800000000000004,38.0
0.0001661,33.2,35.6,38.800000000000004,41.2
0.00016619999999999995,33.2,35.6,38.800000000000004,40.400000000000006
0.00016629999999999995,34.800000000000004,35.6,40.400000000000006,38.800000000000004
0.00016639999999999995,34.0,38.0,38.800000000000004,37.2
0.00016649999999999995,35.6,37.2,39.6,38.800000000000004
0.00016659999999999996,33.2,34.800000000000004,38.800000000000004,40.400000000000006
0.00016669999999999996,34.0,35.6,36.4,39.6
0.00016679999999999996,32.4,33.2,39.6,38.0
0.00016689999999999996,35.6,34.800000000000004,38.800000000000004,40.400000000000006
0.00016699999999999997,34.800000000000004,35.6,39.6,39.6
0.00016709999999999997,35.6,36.4,38.0,39.6
0.00016719999999999997,34.0,36.4,40.400000000000006,37.2
0.00016729999999999997,37.2,38.0,37.2,39.6
0.00016739999999999998,34.0,33.2,38.800000000000004,38.800000000000004
0.00016749999999999998,35.6,38.800000000000004,37.2,40.400000000000006
0.00016759999999999998,31.6,37.2,40.400000000000006,39.6
0.00016769999999999998,33.2,37.2,37.2,40.400000000000006
0.00016779999999999999,34.800000000000004,35.6,37.2,40.400000000000006
0.0001679,34.0,36.4,38.800000000000004,38.800000000000004
0.000168,33.2,37.2,38.800000000000004,40.400000000000006
0.0001681,32.4,37.2,40.400000000000006,39.6
0.0001682,34.800000000000004,38.800000000000004,40.400000000000006,39.6
0.0001683,33.2,34.800000000000004,39.6,38.800000000000004
0.0001684,34.800000000000004,36.4,37.2,41.2
0.00016849999999999995,36.4,35.6,40.400000000000006,40.400000000000006
0.00016859999999999995,32.4,35.6,37.2,40.400000000000006
0.00016869999999999995,34.0,36.4,37.2,38.0
0.00016879999999999996,34.0,37.2,36.4,40.400000000000006
0.00016889999999999996,34.0,35.6,38.0,38.800000000000004
0.00016899999999999996,33.2,36.4,40.400000000000006,39.6
0.00016909999999999996,35.6,36.4,40.400000000000006,38.800000000000004
0.00016919999999999997,33.2,37.2,39.6,40.400000000000006
0.00016929999999999997,32.4,34.800000000000004,39.6,39.6
0.00016939999999999997,34.0,37.2,39.6,38.800000000000004
0.00016949999999999997,34.800000000000004,35.6,37.2,38.0
0.00016959999999999998,33.2,36.4,38.800000000000004,38.800000000000004
0.00016969999999999998,32.4,37.2,40.400000000000006,40.400000000000006
0.00016979999999999998,32.4,36.4,41.2,38.800000000000004
0.00016989999999999998,34.800000000000004,37.2,38.0,40.400000000000006
0.00016999999999999999,34.0,37.2,39.6,39.6
0.0001701,36.4,36.4,38.0,39.6
0.0001702,35.6,34.0,38.800000000000004,39.6
0.0001703,34.800000000000004,38.0,40.400000000000006,42.0
0.0001704,31.6,35.6,38.0,39.6
0.0001705,34.0,35.6,37.2,39.6
0.0001706,34.0,36.4,39.6,38.800000000000004
0.00017069999999999995,33.2,37.2,40.400000000000006,38.800000000000004
0.00017079999999999995,34.800000000000004,38.0,40.400000000000006,39.6
0.00017089999999999995,34.800000000000004,36.4,38.0,40.400000000000006
0.00017099999999999996,34.0,35.6,38.800000000000004,39.6
0.00017109999999999996,32.4,35.6,41.2,39.6
0.00017119999999999996,34.800000000000004,37.2,40.400000000000006,41.2
0.00017129999999999996,32.4,35.6,38.800000000000004,38.0
0.00017139999999999996,33.2,34.800000000000004,38.0,38.0
0.00017149999999999997,33.2,36.4,39.6,39.6
0.00017159999999999997,32.4,36.4,38.800000000000004,37.2
0.00017169999999999997,31.6,36.4,38.800000000000004,40.400000000000006
0.00017179999999999997,34.0,35.6,39.6,39.6
0.00017189999999999998,34.800000000000004,34.800000000000004,39.6,39.6
0.00017199999999999998,33.2,36.4,39.6,40.400000000000006
0.00017209999999999998,34.0,33.2,40.400000000000006,38.0
0.00017219999999999998,34.0,36.4,39.6,40.400000000000006
0.0001723,31.6,34.800000000000004,40.400000000000006,38.800000000000004
0.0001724,31.6,36.4,39.6,38.800000000000004
0.0001725,35.6,35.6,39.6,36.4
0.0001726,32.4,32.4,38.800000000000004,39.6
0.0001727,30.8,35.6,39.6,39.6
0.0001728,34.800000000000004,35.6,38.0,38.800000000000004
0.00017289999999999995,33.2,34.800000000000004,39.6,41.2
0.00017299999999999995,35.6,34.800000000000004,39.6,37.2
0.00017309999999999995,34.800000000000004,35.6,39.6,42.0
0.00017319999999999995,33.2,35.6,40.400000000000006,40.400000000000006
0.00017329999999999996,34.800000000000004,34.0,38.0,38.800000000000004
0.00017339999999999996,34.800000000000004,35.6,38.0,39.6
0.00017349999999999996,34.800000000000004,36.4,40.400000000000006,39.6
0.00017359999999999996,35.6,40.400000000000006,38.0,41.2
0.00017369999999999997,35.6,36.4,39.6,38.800000000000004
0.00017379999999999997,34.800000000000004,37.2,36.4,40.400000000000006
0.00017389999999999997,35.6,33.2,38.800000000000004,39.6
0.00017399999999999997,34.0,34.800000000000004,39.6,40.400000000000006
0.00017409999999999998,34.800000000000004,34.0,38.800000000000004,38.0
0.00017419999999999998,33.2,37.2,38.800000000000004,39.6
0.00017429999999999998,32.4,34.800000000000004,40.400000000000006,37.2
0.00017439999999999998,34.0,35.6,38.800000000000004,38.800000000000004
0.00017449999999999999,34.800000000000004,34.0,40.400000000000006,38.0
0.0001746,34.800000000000004,36.4,40.400000000000006,41.2
0.0001747,35.6,35.6,38.800000000000004,37.2
0.0001748,36.4,34.800000000000004,38.0,38.0
0.0001749,34.0,33.2,38.800000000000004,41.2
0.000175,34.0,37.2,40.400000000000006,38.800000000000004
0.00017509999999999995,32.4,35.6,38.0,38.800000000000004
0.00017519999999999995,35.6,38.800000000000004,38.0,40.400000000000006
0.00017529999999999995,34.800000000000004,34.0,36.4,39.6
0.00017539999999999995,34.0,36.4,39.6,41.2
0.00017549999999999996,34.0,36.4,36.4,39.6
0.00017559999999999996,34.0,35.6,38.0,39.6
0.00017569999999999996,34.800000000000004,37.2,39.6,38.800000000000004
0.00017579999999999996,33.2,35.6,39.6,42.0
0.00017589999999999997,33.2,37.2,37.2,38.800000000000004
0.00017599999999999997,32.4,35.6,38.800000000000004,41.2
0.00017609999999999997,34.800000000000004,35.6,38.800000000000004,38.800000000000004
0.00017619999999999997,33.2,36.4,38.800000000000004,38.800000000000004
0.00017629999999999998,34.0,37.2,37.2,38.0
0.00017639999999999998,32.4,34.800000000000004,37.2,40.400000000000006
0.00017649999999999998,34.0,37.2,40.400000000000006,37.2
0.00017659999999999998,33.2,34.800000000000004,37.2,39.6
0.00017669999999999999,34.0,36.4,40.400000000000006,37.2
0.0001768,33.2,35.6,40.400000000000006,39.6
0.0001769,34.800000000000004,36.4,39.6,40.400000000000006
0.000177,33.2,35.6,39.6,39.6
0.0001771,33.2,34.800000000000004,38.800000000000004,38.0
0.0001772,34.0,36.4,40.400000000000006,38.0
0.0001773,34.0,34.800000000000004,39.6,38.800000000000004
0.00017739999999999995,33.2,35.6,38.0,40.400000000000006
0.00017749999999999995,33.2,34.800000000000004,38.800000000000004,40.400000000000006
0.00017759999999999995,34.800000000000004,37.2,36.4,39.6
0.00017769999999999996,32.4,37.2,39.6,43.6
0.00017779999999999996,35.6,33.2,40.400000000000006,41.2
0.00017789999999999996,32.4,36.4,40.400000000000006,39.6
0.00017799999999999996,32.4,36.4,40.400000000000006,39.6
0.00017809999999999997,35.6,39.6,39.6,38.800000000000004
0.00017819999999999997,33.2,37.2,41.2,40.400000000000006
0.00017829999999999997,35.6,36.4,39.6,39.6
0.00017839999999999997,35.6,35.6,38.0,41.2
0.00017849999999999997,34.0,37.2,38.0,38.0
0.00017859999999999998,32.4,37.2,38.800000000000004,40.400000000000006
0.00017869999999999998,34.800000000000004,37.2,38.800000000000004,39.6
0.00017879999999999998,32.4,35.6,38.800000000000004,39.6
0.00017889999999999998,32.4,36.4,38.800000000000004,40.400000000000006
0.000179,33.2,35.6,38.800000000000004,39.6
0.0001791,35.6,35.6,38.800000000000004,40.400000000000006
0.0001792,34.800000000000004,35.6,38.800000000000004,40.400000000000006
0.0001793,34.800000000000004,36.4,38.800000000000004,40.400000000000006
0.0001794,35.6,36.4,39.6,38.800000000000004
0.0001795,35.6,35.6,38.0,42.0
0.00017959999999999995,35.6,36.4,41.2,39.6
0.00017969999999999995,34.0,38.800000000000004,38.800000000000004,38.800000000000004
0.00017979999999999995,34.800000000000004,35.6,38.0,41.2
0.00017989999999999995,36.4,36.4,38.0,38.0
0.00017999999999999996,34.0,37.2,36.4,38.800000000000004
0.00018009999999999996,34.0,36.4,40.400000000000006,37.2
0.00018019999999999996,35.6,33.2,38.800000000000004,38.0
0.00018029999999999996,32.4,34.0,40.400000000000006,38.0
0.00018039999999999997,34.800000000000004,36.4,38.800000000000004,38.800000000000004
0.00018049999999999997,34.0,37.2,41.2,38.0
0.00018059999999999997,33.2,37.2,38.800000000000004,37.2
0.00018069999999999997,35.6,35.6,38.800000000000004,38.0
0.00018079999999999998,34.0,35.6,36.4,39.6
0.00018089999999999998,33.2,34.800000000000004,39.6,39.6
0.00018099999999999998,35.6,34.800000000000004,38.800000000000004,40.400000000000006
0.00018109999999999998,34.800000000000004,38.0,38.0,41.2
0.00018119999999999999,34.800000000000004,37.2,39.6,38.800000000000004
0.0001813,33.2,34.800000000000004,37.2,38.800000000000004
0.0001814,34.0,38.0,39.6,38.800000000000004
0.0001815,35.6,38.0,38.800000000000004,39.6
0.0001816,32.4,35.6,38.0,41.2
0.0001817,34.800000000000004,37.2,38.0,37.2
0.00018179999999999995,33.2,36.4,40.400000000000006,40.400000000000006
0.00018189999999999995,34.0,37.2,38.800000000000004,38.800000000000004
0.00018199999999999995,34.0,35.6,38.800000000000004,39.6
0.00018209999999999995,33.2,36.4,40.400000000000006,38.800000000000004
0.00018219999999999996,34.0,35.6,38.800000000000004,38.0
0.00018229999999999996,34.0,36.4,38.0,40.400000000000006
0.00018239999999999996,35.6,35.6,38.0,39.6
0.00018249999999999996,31.6,36.4,38.0,41.2
0.00018259999999999997,34.0,36.4,38.800000000000004,40.400000000000006
0.00018269999999999997,34.0,34.800000000000004,39.6,39.6
0.00018279999999999997,32.4,34.800000000000004,39.6,41.2
0.00018289999999999997,34.800000000000004,37.2,40.400000000000006,40.400000000000006
0.00018299999999999998,34.800000000000004,34.800000000000004,38.0,38.0
0.00018309999999999998,36.4,35.6,37.2,38.800000000000004
0.00018319999999999998,34.800000000000004,35.6,39.6,39.6
0.00018329999999999998,34.0,36.4,39.6,39.6
0.00018339999999999999,33.2,36.4,39.6,39.6
0.0001835,34.800000000000004,35.6,39.6,37.2
0.0001836,34.800000000000004,36.4,39.6,41.2
0.0001837,32.4,34.800000000000004,40.400000000000006,39.6
0.0001838,34.800000000000004,35.6,39.6,40.400000000000006
0.0001839,33.2,36.4,38.800000000000004,39.6
0.000184,34.0,36.4,38.800000000000004,41.2
0.00018409999999999995,32.4,38.0,38.800000000000004,40.400000000000006
0.00018419999999999995,34.0,36.4,37.2,38.800000000000004
0.00018429999999999995,33.2,37.2,39.6,41.2
0.00018439999999999996,32.4,37.2,38.800000000000004,38.800000000000004
0.00018449999999999996,34.800000000000004,35.6,40.400000000000006,38.800000000000004
0.00018459999999999996,34.800000000000004,35.6,38.0,38.800000000000004
0.00018469999999999996,34.0,35.6,39.6,38.0
0.00018479999999999997,33.2,34.0,36.4,39.6
0.00018489999999999997,32.4,37.2,38.0,39.6
0.00018499999999999997,35.6,36.4,38.800000000000004,38.800000000000004
0.00018509999999999997,31.6,36.4,40.400000000000006,38.800000000000004
0.00018519999999999998,34.0,35.6,40.400000000000006,38.800000000000004
0.00018529999999999998,34.800000000000004,34.0,39.6,39.6
0.00018539999999999998,34.0,36.4,40.400000000000006,42.0
0.00018549999999999998,34.800000000000004,37.2,38.800000000000004,38.800000000000004
0.00018559999999999998,34.0,37.2,38.0,40.400000000000006
0.0001857,34.0,37.2,38.800000000000004,40.400000000000006
0.0001858,34.0,34.800000000000004,40.400000000000006,39.6
0.0001859,34.800000000000004,37.2,39.6,41.2
0.000186,34.800000000000004,34.800000000000004,38.800000000000004,41.2
0.0001861,33.2,35.6,38.800000000000004,38.800000000000004
0.0001862,33.2,34.0,38.800000000000004,39.6
0.00018629999999999995,35.6,36.4,40.400000000000006,42.0
0.00018639999999999995,34.0,37.2,38.800000000000004,40.400000000000006
0.00018649999999999995,35.6,35.6,39.6,39.6
0.00018659999999999995,32.4,34.0,40.400000000000006,39.6
0.00018669999999999996,33.2,36.4,40.400000000000006,41.2
0.00018679999999999996,32.4,35.6,40.400000000000006,40.400000000000006
0.00018689999999999996,31.6,36.4,38.0,39.6
0.00018699999999999996,34.0,37.2,40.400000000000006,38.800000000000004
0.00018709999999999997,34.0,37.2,40.400000000000006,40.400000000000006
0.00018719999999999997,33.2,37.2,38.0,39.6
0.00018729999999999997,36.4,36.4,38.800000000000004,38.800000000000004
0.00018739999999999997,34.800000000000004,35.6,40.400000000000006,38.0
0.00018749999999999998,34.800000000000004,36.4,38.800000000000004,38.800000000000004
0.00018759999999999998,33.2,35.6,40.400000000000006,38.800000000000004
0.00018769999999999998,34.800000000000004,35.6,38.800000000000004,39.6
0.00018779999999999998,34.0,35.6,38.800000000000004,39.6
0.0001879,31.6,37.2,39.6,38.800000000000004
0.000188,32.4,34.800000000000004,40.400000000000006,40.400000000000006
0.0001881,34.0,35.6,38.800000000000004,39.6
0.0001882,34.0,35.6,41.2,38.0
0.0001883,34.800000000000004,34.0,38.800000000000004,40.400000000000006
0.0001884,34.800000000000004,36.4,40.400000000000006,39.6
0.00018849999999999995,34.800000000000004,34.800000000000004,40.400000000000006,40.400000000000006
0.00018859999999999995,34.800000000000004,37.2,39.6,41.2
0.00018869999999999995,34.0,37.2,39.6,42.0
0.00018879999999999995,34.800000000000004,37.2,39.6,40.400000000000006
0.00018889999999999996,34.800000000000004,38.0,39.6,38.0
0.00018899999999999996,34.0,34.800000000000004,38.800000000000004,39.6
0.00018909999999999996,34.800000000000004,34.0,38.800000000000004,38.800000000000004
0.00018919999999999996,32.4,37.2,38.800000000000004,40.400000000000006
0.00018929999999999997,31.6,36.4,38.0,37.2
0.00018939999999999997,34.800000000000004,35.6,38.0,38.0
0.00018949999999999997,33.2,38.0,39.6,38.800000000000004
0.00018959999999999997,34.800000000000004,35.6,39.6,39.6
0.00018969999999999998,33.2,33.2,39.6,41.2
0.00018979999999999998,35.6,38.800000000000004,38.0,39.6
0.00018989999999999998,33.2,34.0,40.400000000000006,38.0
0.00018999999999999998,32.4,37.2,40.400000000000006,37.2
0.00019009999999999999,34.0,34.800000000000004,38.800000000000004,38.800000000000004
0.0001902,33.2,36.4,38.800000000000004,38.0
0.0001903,34.0,34.800000000000004,37.2,38.800000000000004
0.0001904,34.800000000000004,35.6,38.800000000000004,38.800000000000004
0.0001905,33.2,37.2,40.400000000000006,40.400000000000006
0.0001906,36.4,31.6,39.6,41.2
0.00019069999999999995,34.0,36.4,39.6,39.6
0.00019079999999999995,32.4,35.6,40.400000000000006,39.6
0.00019089999999999995,34.0,35.6,38.0,38.800000000000004
0.00019099999999999995,33.2,34.0,38.0,39.6
0.00019109999999999996,35.6,38.0,39.6,38.800000000000004
0.00019119999999999996,34.800000000000004,35.6,38.0,39.6
0.00019129999999999996,35.6,34.800000000000004,38.800000000000004,40.400000000000006
0.00019139999999999996,34.0,36.4,38.800000000000004,38.0
0.00019149999999999997,33.2,33.2,38.800000000000004,38.800000000000004
0.00019159999999999997,34.0,36.4,38.0,41.2
0.00019169999999999997,34.0,37.2,37.2,38.800000000000004
0.00019179999999999997,34.800000000000004,35.6,39.6,38.800000000000004
0.00019189999999999998,35.6,36.4,38.0,37.2
0.00019199999999999998,33.2,34.800000000000004,39.6,40.400000000000006
0.00019209999999999998,31.6,34.800000000000004,38.800000000000004,42.0
0.00019219999999999998,34.800000000000004,35.6,37.2,38.0
0.00019229999999999999,33.2,35.6,38.0,41.2
0.0001924,31.6,37.2,38.0,38.800000000000004
0.0001925,34.0,35.6,38.800000000000004,40.400000000000006
0.0001926,33.2,36.4,39.6,40.400000000000006
0.0001927,34.800000000000004,37.2,40.400000000000006,39.6
0.0001928,33.2,38.0,38.800000000000004,37.2
0.0001929,34.0,36.4,38.800000000000004,38.0
0.00019299999999999995,34.800000000000004,36.4,40.400000000000006,39.6
0.00019309999999999995,35.6,37.2,38.800000000000004,39.6
0.00019319999999999995,32.4,35.6,35.6,39.6
0.00019329999999999996,34.0,36.4,38.800000000000004,39.6
0.00019339999999999996,34.0,38.800000000000004,38.0,38.0
0.00019349999999999996,34.0,35.6,36.4,38.0
0.00019359999999999996,34.0,33.2,39.6,40.400000000000006
0.00019369999999999996,34.0,34.800000000000004,40.400000000000006,39.6
0.00019379999999999997,34.0,36.4,38.800000000000004,39.6
0.00019389999999999997,35.6,35.6,36.4,38.800000000000004
0.00019399999999999997,34.0,36.4,40.400000000000006,37.2
0.00019409999999999997,33.2,36.4,38.800000000000004,38.800000000000004
0.00019419999999999998,35.6,35.6,37.2,38.800000000000004
0.00019429999999999998,35.6,34.800000000000004,37.2,38.800000000000004
0.00019439999999999998,35.6,34.0,37.2,41.2
0.00019449999999999998,34.800000000000004,37.2,38.0,41.2
0.0001946,34.800000000000004,36.4,40.400000000000006,38.0
0.0001947,33.2,38.0,40.400000000000006,38.800000000000004
0.0001948,32.4,36.4,38.0,36.4
0.0001949,34.800000000000004,37.2,38.800000000000004,39.6
0.000195,34.0,34.0,39.6,38.800000000000004
0.0001951,33.2,37.2,38.0,40.400000000000006
0.00019519999999999995,34.0,36.4,39.6,37.2
0.00019529999999999995,33.2,39.6,40.400000000000006,40.400000000000006
0.00019539999999999995,33.2,36.4,38.800000000000004,41.2
0.00019549999999999995,34.800000000000004,34.800000000000004,39.6,40.400000000000006
0.00019559999999999996,34.0,36.4,39.6,38.800000000000004
0.00019569999999999996,33.2,35.6,39.6,38.800000000000004
0.00019579999999999996,35.6,34.800000000000004,39.6,40.400000000000006
0.00019589999999999996,33.2,36.4,39.6,37.2
0.00019599999999999997,33.2,36.4,39.6,39.6
0.00019609999999999997,34.800000000000004,36.4,38.800000000000004,39.6
0.00019619999999999997,35.6,33.2,38.800000000000004,38.0
0.00019629999999999997,34.0,35.6,39.6,39.6
0.00019639999999999998,33.2,37.2,39.6,35.6
0.00019649999999999998,34.0,36.4,38.800000000000004,39.6
0.00019659999999999998,33.2,36.4,38.0,35.6
0.00019669999999999998,33.2,37.2,39.6,41.2
0.00019679999999999999,34.800000000000004,36.4,38.0,40.400000000000006
0.0001969,32.4,37.2,38.800000000000004,39.6
0.000197,34.0,36.4,40.400000000000006,40.400000000000006
0.0001971,33.2,33.2,38.800000000000004,40.400000000000006
0.0001972,36.4,36.4,38.800000000000004,38.0
0.0001973,31.6,34.800000000000004,39.6,38.0
0.00019739999999999995,31.6,34.800000000000004,37.2,38.0
0.00019749999999999995,34.800000000000004,36.4,37.2,38.800000000000004
0.00019759999999999995,31.6,39.6,38.0,38.0
0.00019769999999999995,34.800000000000004,36.4,38.0,38.800000000000004
0.00019779999999999996,33.2,38.0,40.400000000000006,38.800000000000004
0.00019789999999999996,33.2,35.6,38.0,41.2
0.00019799999999999996,33.2,36.4,39.6,40.400000000000006
0.00019809999999999996,31.6,36.4,36.4,39.6
0.00019819999999999997,34.0,36.4,41.2,38.0
0.00019829999999999997,35.6,38.0,38.800000000000004,38.800000000000004
0.00019839999999999997,31.6,36.4,39.6,38.800000000000004
0.00019849999999999997,34.0,35.6,39.6,38.800000000000004
0.00019859999999999998,33.2,34.800000000000004,39.6,37.2
0.00019869999999999998,34.0,36.4,39.6,38.0
0.00019879999999999998,34.0,38.0,40.400000000000006,38.800000000000004
0.00019889999999999998,34.0,36.4,37.2,39.6
0.00019899999999999999,31.6,38.0,38.800000000000004,39.6
0.0001991,33.2,35.6,40.400000000000006,38.0
0.0001992,32.4,35.6,39.6,39.6
0.0001993,34.800000000000004,38.800000000000004,38.800000000000004,41.2
0.0001994,35.6,35.6,39.6,41.2
0.0001995,33.2,35.6,38.800000000000004,38.800000000000004
0.00019959999999999995,31.6,36.4,38.0,39.6
0.00019969999999999995,31.6,37.2,38.800000000000004,38.800000000000004
0.00019979999999999995,34.0,37.2,40.400000000000006,38.800000000000004
0.00019989999999999995,30.8,34.800000000000004,40.400000000000006,41.2
0.00019999999999999996,34.800000000000004,36.4,38.800000000000004,39.6
0.00020009999999999996,35.6,34.0,39.6,41.2
0.00020019999999999996,33.2,35.6,40.400000000000006,38.800000000000004
0.00020029999999999996,33.2,35.6,38.0,38.800000000000004
0.00020039999999999997,34.800000000000004,36.4,38.800000000000004,40.400000000000006
0.00020049999999999997,33.2,38.0,38.0,40.400000000000006
0.00020059999999999997,30.8,37.2,38.800000000000004,38.0
0.00020069999999999997,35.6,35.6,38.0,39.6
0.00020079999999999997,33.2,35.6,38.800000000000004,38.800000000000004
0.00020089999999999998,32.4,34.800000000000004,38.800000000000004,38.0
0.00020099999999999998,34.0,34.800000000000004,38.800000000000004,39.6
0.00020109999999999998,30.8,36.4,40.400000000000006,38.800000000000004
0.00020119999999999998,32.4,34.800000000000004,36.4,38.0
0.0002013,34.0,37.2,38.0,41.2
0.0002014,33.2,34.800000000000004,38.800000000000004,38.0
0.0002015,34.800000000000004,35.6,39.6,36.4
0.0002016,31.6,34.0,40.400000000000006,40.400000000000006
0.0002017,33.2,35.6,37.2,40.400000000000006
0.0002018,33.2,36.4,40.400000000000006,38.0
0.00020189999999999995,34.0,34.800000000000004,36.4,38.800000000000004
0.00020199999999999995,34.800000000000004,35.6,40.400000000000006,39.6
0.00020209999999999995,34.0,36.4,39.6,41.2
0.00020219999999999995,34.800000000000004,34.0,38.800000000000004,39.6
0.00020229999999999996,30.8,35.6,38.0,37.2
0.00020239999999999996,33.2,36.4,40.400000000000006,39.6
0.00020249999999999996,33.2,35.6,38.800000000000004,38.800000000000004
0.00020259999999999996,34.0,37.2,39.6,40.400000000000006
0.00020269999999999997,37.2,35.6,37.2,39.6
0.00020279999999999997,33.2,34.0,39.6,38.800000000000004
0.00020289999999999997,34.800000000000004,36.4,40.400000000000006,38.800000000000004
0.00020299999999999997,34.800000000000004,38.0,38.0,40.400000000000006
0.00020309999999999998,34.0,36.4,37.2,37.2
0.00020319999999999998,33.2,35.6,41.2,39.6
0.00020329999999999998,36.4,32.4,38.800000000000004,37.2
0.00020339999999999998,32.4,34.800000000000004,41.2,39.6
0.00020349999999999999,33.2,36.4,39.6,40.400000000000006
0.0002036,34.0,36.4,39.6,40.400000000000006
0.0002037,35.6,35.6,38.800000000000004,38.800000000000004
0.0002038,34.0,34.0,38.800000000000004,37.2
0.0002039,34.0,36.4,38.800000000000004,38.800000000000004
0.000204,34.800000000000004,36.4,40.400000000000006,39.6
0.00020409999999999995,35.6,35.6,39.6,41.2
0.00020419999999999995,32.4,34.0,39.6,40.400000000000006
0.00020429999999999995,32.4,37.2,38.800000000000004,41.2
0.00020439999999999995,34.0,37.2,37.2,37.2
0.00020449999999999996,35.6,35.6,39.6,37.2
0.00020459999999999996,32.4,35.6,42.0,38.0
0.00020469999999999996,32.4,37.2,40.400000000000006,42.0
0.00020479999999999996,36.4,38.0,40.400000000000006,38.800000000000004
0.00020489999999999997,34.0,37.2,37.2,39.6
0.00020499999999999997,32.4,33.2,41.2,38.0
0.00020509999999999997,34.800000000000004,36.4,40.400000000000006,38.800000000000004
0.00020519999999999997,35.6,33.2,38.800000000000004,39.6
0.00020529999999999998,34.800000000000004,35.6,40.400000000000006,42.0
0.00020539999999999998,36.4,37.2,38.0,39.6
0.00020549999999999998,35.6,34.800000000000004,38.0,38.0
0.00020559999999999998,35.6,36.4,36.4,41.2
0.00020569999999999999,34.0,36.4,39.6,39.6
0.0002058,34.800000000000004,34.0,40.400000000000006,40.400000000000006
0.0002059,33.2,37.2,39.6,38.0
0.000206,33.2,36.4,38.800000000000004,38.0
0.0002061,32.4,34.800000000000004,38.800000000000004,38.0
0.0002062,31.6,37.2,38.800000000000004,38.800000000000004
0.00020629999999999995,34.800000000000004,37.2,37.2,40.400000000000006
0.00020639999999999995,33.2,35.6,38.800000000000004,38.0
0.00020649999999999995,32.4,35.6,40.400000000000006,40.400000000000006
0.00020659999999999995,34.0,37.2,38.0,38.0
0.00020669999999999996,34.0,34.800000000000004,38.800000000000004,36.4
0.00020679999999999996,33.2,36.4,38.800000000000004,38.800000000000004
0.00020689999999999996,33.2,35.6,39.6,38.0
0.00020699999999999996,36.4,35.6,38.800000000000004,39.6
0.00020709999999999997,35.6,37.2,39.6,39.6
0.00020719999999999997,33.2,37.2,39.6,39.6
0.00020729999999999997,34.800000000000004,35.6,37.2,42.0
0.00020739999999999997,35.6,34.0,40.400000000000006,38.800000000000004
0.00020749999999999998,33.2,38.0,40.400000000000006,38.800000000000004
0.00020759999999999998,34.800000000000004,35.6,39.6,41.2
0.00020769999999999998,35.6,34.800000000000004,37.2,37.2
0.00020779999999999998,34.800000000000004,34.800000000000004,38.0,38.0
0.00020789999999999998,32.4,34.800000000000004,38.800000000000004,40.400000000000006
0.000208,34.800000000000004,35.6,38.800000000000004,39.6
0.0002081,35.6,37.2,39.6,38.800000000000004
0.0002082,34.800000000000004,38.800000000000004,38.800000000000004,40.400000000000006
0.0002083,34.800000000000004,34.800000000000004,39.6,37.2
0.0002084,33.2,34.800000000000004,38.800000000000004,41.2
0.00020849999999999995,34.0,34.800000000000004,40.400000000000006,36.4
0.00020859999999999995,33.2,38.0,41.2,39.6
0.00020869999999999995,32.4,38.0,40.400000000000006,39.6
0.00020879999999999995,34.0,36.4,40.400000000000006,40.400000000000006
0.00020889999999999995,31.6,33.2,39.6,36.4
0.00020899999999999996,33.2,35.6,37.2,38.0
0.00020909999999999996,35.6,34.0,38.0,38.800000000000004
0.00020919999999999996,32.4,37.2,37.2,37.2
0.00020929999999999996,34.0,34.800000000000004,40.400000000000006,39.6
0.00020939999999999997,32.4,38.800000000000004,38.800000000000004,38.800000000000004
0.00020949999999999997,34.0,38.800000000000004,38.800000000000004,39.6
0.00020959999999999997,35.6,38.0,38.800000000000004,39.6
0.00020969999999999997,34.800000000000004,37.2,38.0,41.2
0.00020979999999999998,32.4,38.0,40.400000000000006,38.0
0.00020989999999999998,34.0,38.0,39.6,40.400000000000006
0.00020999999999999998,33.2,38.0,40.400000000000006,35.6
0.00021009999999999998,30.0,33.2,38.800000000000004,40.400000000000006
0.0002102,34.800000000000004,37.2,40.400000000000006,38.800000000000004
0.0002103,34.800000000000004,35.6,39.6,37.2
0.0002104,34.800000000000004,34.0,37.2,37.2
0.0002105,34.0,37.2,38.800000000000004,40.400000000000006
0.0002106,33.2,35.6,42.0,39.6
0.0002107,33.2,36.4,40.400000000000006,39.6
0.00021079999999999995,34.800000000000004,35.6,38.0,40.400000000000006
0.00021089999999999995,31.6,36.4,39.6,40.400000000000006
0.00021099999999999995,33.2,36.4,38.800000000000004,39.6
0.00021109999999999995,34.800000000000004,36.4,40.400000000000006,38.800000000000004
0.00021119999999999996,32.4,34.800000000000004,39.6,38.800000000000004
0.00021129999999999996,32.4,38.800000000000004,38.800000000000004,38.0
0.00021139999999999996,33.2,34.800000000000004,39.6,38.0
0.00021149999999999996,33.2,38.0,38.0,38.0
0.00021159999999999997,33.2,35.6,38.800000000000004,39.6
0.00021169999999999997,35.6,37.2,38.800000000000004,40.400000000000006
0.00021179999999999997,31.6,34.800000000000004,39.6,40.400000000000006
0.00021189999999999997,34.0,37.2,39.6,40.400000000000006
0.00021199999999999998,35.6,33.2,39.6,40.400000000000006
0.00021209999999999998,35.6,36.4,40.400000000000006,38.0
0.00021219999999999998,31.6,35.6,38.800000000000004,39.6
0.00021229999999999998,36.4,34.800000000000004,38.0,40.400000000000006
0.00021239999999999999,36.4,37.2,39.6,38.0
0.0002125,31.6,34.0,38.800000000000004,41.2
0.0002126,34.800000000000004,36.4,38.800000000000004,42.0
0.0002127,33.2,34.800000000000004,37.2,38.800000000000004
0.0002128,34.800000000000004,37.2,37.2,40.400000000000006
0.0002129,34.800000000000004,37.2,38.0,39.6
0.00021299999999999995,35.6,35.6,39.6,39.6
0.00021309999999999995,33.2,38.0,38.800000000000004,38.0
0.00021319999999999995,34.0,36.4,39.6,41.2
0.00021329999999999995,31.6,34.0,36.4,37.2
0.00021339999999999996,34.0,34.800000000000004,36.4,39.6
0.00021349999999999996,34.800000000000004,35.6,39.6,38.0
0.00021359999999999996,34.800000000000004,35.6,40.400000000000006,37.2
0.00021369999999999996,34.800000000000004,34.800000000000004,40.400000000000006,40.400000000000006
0.00021379999999999997,34.0,38.800000000000004,41.2,41.2
0.00021389999999999997,30.0,36.4,38.0,39.6
0.00021399999999999997,34.0,34.800000000000004,39.6,39.6
0.00021409999999999997,34.800000000000004,33.2,39.6,41.2
0.00021419999999999998,35.6,34.800000000000004,39.6,36.4
0.00021429999999999998,34.0,35.6,38.0,40.400000000000006
0.00021439999999999998,33.2,36.4,37.2,38.0
0.00021449999999999998,34.0,35.6,40.400000000000006,38.800000000000004
0.00021459999999999998,34.0,37.2,40.400000000000006,38.800000000000004
0.0002147,35.6,35.6,39.6,41.2
0.0002148,34.800000000000004,37.2,39.6,41.2
0.0002149,33.2,36.4,37.2,39.6
0.000215,32.4,35.6,38.800000000000004,40.400000000000006
0.0002151,33.2,36.4,37.2,39.6
0.00021519999999999995,34.0,37.2,38.800000000000004,41.2
0.00021529999999999995,34.800000000000004,35.6,38.0,41.2
0.00021539999999999995,35.6,35.6,40.400000000000006,40.400000000000006
0.00021549999999999995,34.0,35.6,40.400000000000006,38.800000000000004
0.00021559999999999996,34.800000000000004,35.6,37.2,39.6
0.00021569999999999996,35.6,38.0,36.4,38.800000000000004
0.00021579999999999996,36.4,38.0,39.6,40.400000000000006
0.00021589999999999996,34.0,35.6,39.6,38.800000000000004
0.00021599999999999996,34.800000000000004,37.2,37.2,41.2
0.00021609999999999997,33.2,38.0,40.400000000000006,40.400000000000006
0.00021619999999999997,31.6,39.6,39.6,39.6
0.00021629999999999997,33.2,35.6,39.6,39.6
0.00021639999999999997,35.6,36.4,40.400000000000006,39.6
0.00021649999999999998,33.2,34.800000000000004,38.0,38.800000000000004
0.00021659999999999998,36.4,34.0,38.800000000000004,37.2
0.00021669999999999998,34.0,36.4,39.6,36.4
0.00021679999999999998,36.4,34.800000000000004,37.2,38.0
0.0002169,31.6,35.6,39.6,38.800000000000004
0.000217,33.2,35.6,39.6,38.800000000000004
0.0002171,33.2,36.4,38.800000000000004,39.6
0.0002172,34.0,35.6,40.400000000000006,41.2
0.0002173,33.2,36.4,38.800000000000004,40.400000000000006
0.00021739999999999994,32.4,34.800000000000004,40.400000000000006,38.0
0.00021749999999999995,34.0,36.4,38.800000000000004,42.0
0.00021759999999999995,33.2,36.4,38.800000000000004,38.800000000000004
0.00021769999999999995,35.6,37.2,39.6,40.400000000000006
0.00021779999999999995,34.0,36.4,40.400000000000006,40.400000000000006
0.00021789999999999996,32.4,36.4,38.0,42.0
0.00021799999999999996,33.2,36.4,40.400000000000006,38.0
0.00021809999999999996,34.800000000000004,36.4,38.800000000000004,41.2
0.00021819999999999996,35.6,35.6,38.0,40.400000000000006
0.00021829999999999997,33.2,36.4,37.2,38.800000000000004
0.00021839999999999997,34.0,35.6,38.800000000000004,40.400000000000006
0.00021849999999999997,33.2,36.4,38.800000000000004,40.400000000000006
0.00021859999999999997,34.800000000000004,34.800000000000004,38.800000000000004,38.0
0.00021869999999999998,33.2,34.800000000000004,39.6,38.0
0.00021879999999999998,33.2,34.0,40.400000000000006,38.0
0.00021889999999999998,32.4,36.4,39.6,40.400000000000006
0.00021899999999999998,32.4,36.4,38.0,39.6
0.00021909999999999999,32.4,34.800000000000004,37.2,39.6
0.0002192,34.800000000000004,34.800000000000004,38.0,38.0
0.0002193,34.800000000000004,35.6,40.400000000000006,40.400000000000006
0.0002194,35.6,33.2,40.400000000000006,38.0
0.0002195,32.4,38.0,40.400000000000006,38.0
0.0002196,34.800000000000004,35.6,38.800000000000004,38.0
0.00021969999999999995,33.2,32.4,36.4,41.2
0.00021979999999999995,31.6,34.800000000000004,38.0,38.800000000000004
0.00021989999999999995,35.6,35.6,40.400000000000006,39.6
0.00021999999999999995,34.800000000000004,38.800000000000004,38.0,38.800000000000004
0.00022009999999999996,34.800000000000004,34.0,40.400000000000006,38.800000000000004
0.00022019999999999996,32.4,36.4,39.6,38.800000000000004
0.00022029999999999996,32.4,38.0,38.800000000000004,38.0
0.00022039999999999996,34.0,34.0,38.0,38.800000000000004
0.00022049999999999997,35.6,36.4,38.800000000000004,38.0
0.00022059999999999997,34.0,35.6,38.800000000000004,38.800000000000004
0.00022069999999999997,35.6,35.6,38.800000000000004,37.2
0.00022079999999999997,31.6,36.4,38.0,40.400000000000006
0.00022089999999999998,32.4,32.4,37.2,39.6
0.00022099999999999998,32.4,36.4,40.400000000000006,39.6
0.00022109999999999998,34.800000000000004,35.6,40.400000000000006,39.6
0.00022119999999999998,35.6,34.800000000000004,39.6,40.400000000000006
0.00022129999999999999,34.800000000000004,35.6,39.6,38.800000000000004
0.0002214,33.2,38.800000000000004,39.6,38.800000000000004
0.0002215,36.4,35.6,40.400000000000006,38.800000000000004
0.0002216,32.4,37.2,36.4,38.800000000000004
0.0002217,35.6,35.6,39.6,41.2
0.0002218,34.800000000000004,36.4,36.4,39.6
0.00022189999999999995,33.2,37.2,38.0,41.2
0.00022199999999999995,33.2,37.2,37.2,38.800000000000004
0.00022209999999999995,33.2,34.800000000000004,40.400000000000006,38.0
0.00022219999999999995,32.4,35.6,38.800000000000004,41.2
0.00022229999999999996,33.2,36.4,40.400000000000006,39.6
0.00022239999999999996,34.0,34.800000000000004,39.6,40.400000000000006
0.00022249999999999996,33.2,35.6,36.4,39.6
0.00022259999999999996,34.0,36.4,39.6,37.2
0.00022269999999999997,33.2,37.2,40.400000000000006,36.4
0.00022279999999999997,31.6,36.4,38.800000000000004,38.800000000000004
0.00022289999999999997,32.4,38.0,37.2,37.2
0.00022299999999999997,34.0,35.6,38.0,38.800000000000004
0.00022309999999999997,33.2,37.2,40.400000000000006,40.400000000000006
0.00022319999999999998,34.800000000000004,37.2,40.400000000000006,41.2
0.00022329999999999998,33.2,35.6,38.800000000000004,38.0
0.00022339999999999998,32.4,36.4,38.800000000000004,38.0
0.00022349999999999998,33.2,34.800000000000004,40.400000000000006,39.6
0.0002236,32.4,35.6,39.6,40.400000000000006
0.0002237,34.0,34.800000000000004,38.0,40.400000000000006
0.0002238,35.6,37.2,39.6,38.0
0.0002239,33.2,37.2,37.2,38.0
0.000224,32.4,36.4,38.800000000000004,38.0
0.00022409999999999994,33.2,37.2,38.0,38.0
0.00022419999999999995,32.4,35.6,38.0,42.0
0.00022429999999999995,36.4,34.0,38.800000000000004,41.2
0.00022439999999999995,37.2,36.4,37.2,40.400000000000006
0.00022449999999999995,34.800000000000004,33.2,38.0,39.6
0.00022459999999999996,35.6,34.800000000000004,40.400000000000006,39.6
0.00022469999999999996,35.6,35.6,37.2,37.2
0.00022479999999999996,34.800000000000004,35.6,38.800000000000004,41.2
0.00022489999999999996,34.800000000000004,34.800000000000004,38.0,40.400000000000006
0.00022499999999999997,34.0,35.6,38.800000000000004,38.0
0.00022509999999999997,32.4,38.800000000000004,40.400000000000006,35.6
0.00022519999999999997,34.800000000000004,35.6,37.2,39.6
0.00022529999999999997,34.0,35.6,38.0,38.800000000000004
0.00022539999999999998,34.0,36.4,38.800000000000004,38.0
0.00022549999999999998,34.0,36.4,40.400000000000006,38.800000000000004
0.00022559999999999998,34.0,36.4,38.800000000000004,38.0
0.00022569999999999998,33.2,37.2,39.6,40.400000000000006
0.00022579999999999999,34.0,34.800000000000004,38.800000000000004,38.0
0.0002259,36.4,36.4,38.0,38.800000000000004
0.000226,34.0,34.800000000000004,38.800000000000004,39.6
0.0002261,34.800000000000004,34.800000000000004,38.800000000000004,38.0
0.0002262,34.800000000000004,36.4,38.800000000000004,38.800000000000004
0.00022629999999999994,33.2,38.0,38.0,39.6
0.00022639999999999995,34.800000000000004,35.6,39.6,38.800000000000004
0.00022649999999999995,33.2,35.6,38.0,38.800000000000004
0.00022659999999999995,32.4,36.4,40.400000000000006,41.2
0.00022669999999999995,34.800000000000004,35.6,37.2,39.6
0.00022679999999999996,35.6,37.2,38.800000000000004,42.800000000000004
0.00022689999999999996,31.6,34.0,35.6,42.800000000000004
0.00022699999999999996,34.800000000000004,37.2,38.800000000000004,39.6
0.00022709999999999996,34.0,37.2,37.2,38.0
0.00022719999999999997,32.4,37.2,38.800000000000004,38.800000000000004
0.00022729999999999997,34.0,37.2,39.6,38.0
0.00022739999999999997,34.0,37.2,40.400000000000006,37.2
0.00022749999999999997,34.0,35.6,38.0,38.0
0.00022759999999999998,32.4,34.800000000000004,36.4,42.0
0.00022769999999999998,32.4,36.4,40.400000000000006,38.0
0.00022779999999999998,33.2,36.4,39.6,42.0
0.00022789999999999998,34.800000000000004,36.4,38.800000000000004,38.0
0.00022799999999999999,34.800000000000004,38.0,38.0,39.6
0.0002281,34.800000000000004,36.4,39.6,40.400000000000006
0.0002282,31.6,34.800000000000004,39.6,38.0
0.0002283,34.0,39.6,39.6,39.6
0.0002284,33.2,35.6,39.6,39.6
0.0002285,34.0,38.0,35.6,39.6
0.00022859999999999995,34.0,35.6,38.0,38.800000000000004
0.00022869999999999995,34.800000000000004,36.4,40.400000000000006,38.0
0.00022879999999999995,32.4,36.4,40.400000000000006,37.2
0.00022889999999999995,34.800000000000004,37.2,38.0,39.6
0.00022899999999999996,33.2,35.6,38.0,39.6
0.00022909999999999996,34.0,34.800000000000004,36.4,38.0
0.00022919999999999996,34.800000000000004,35.6,40.400000000000006,37.2
0.00022929999999999996,32.4,36.4,39.6,40.400000000000006
0.00022939999999999997,35.6,36.4,40.400000000000006,40.400000000000006
0.00022949999999999997,33.2,35.6,38.800000000000004,38.800000000000004
0.00022959999999999997,33.2,35.6,38.800000000000004,40.400000000000006
0.00022969999999999997,32.4,37.2,39.6,37.2
0.00022979999999999997,34.800000000000004,35.6,40.400000000000006,38.0
0.00022989999999999998,34.800000000000004,36.4,38.0,42.0
0.00022999999999999998,35.6,35.6,39.6,41.2
0.00023009999999999998,33.2,34.800000000000004,37.2,39.6
0.00023019999999999998,35.6,36.4,38.800000000000004,39.6
0.0002303,34.800000000000004,35.6,37.2,41.2
0.0002304,33.2,35.6,35.6,40.400000000000006
0.0002305,32.4,37.2,38.800000000000004,38.800000000000004
0.0002306,33.2,35.6,40.400000000000006,39.6
0.0002307,34.0,35.6,36.4,42.0
0.00023079999999999995,31.6,34.800000000000004,38.800000000000004,40.400000000000006
0.00023089999999999995,32.4,35.6,38.800000000000004,38.800000000000004
0.00023099999999999995,33.2,34.0,37.2,39.6
0.00023109999999999995,34.800000000000004,34.800000000000004,36.4,39.6
0.00023119999999999995,34.0,36.4,37.2,40.400000000000006
0.00023129999999999996,31.6,36.4,38.800000000000004,38.800000000000004
0.00023139999999999996,31.6,35.6,37.2,42.0
0.00023149999999999996,34.0,35.6,39.6,38.800000000000004
0.00023159999999999996,35.6,38.0,39.6,40.400000000000006
0.00023169999999999997,30.8,34.800000000000004,38.0,38.800000000000004
0.00023179999999999997,34.0,35.6,38.0,38.0
0.00023189999999999997,34.800000000000004,36.4,39.6,38.0
0.00023199999999999997,34.800000000000004,33.2,38.0,40.400000000000006
0.00023209999999999998,32.4,37.2,39.6,41.2
0.00023219999999999998,32.4,35.6,38.0,38.800000000000004
0.00023229999999999998,33.2,37.2,38.0,41.2
0.00023239999999999998,35.6,37.2,38.800000000000004,39.6
0.00023249999999999999,34.0,34.800000000000004,36.4,38.800000000000004
0.0002326,32.4,35.6,38.800000000000004,38.800000000000004
0.0002327,34.0,36.4,38.0,41.2
0.0002328,34.800000000000004,35.6,38.0,42.0
0.0002329,31.6,37.2,39.6,37.2
0.00023299999999999994,33.2,36.4,38.800000000000004,36.4
0.00023309999999999995,35.6,37.2,37.2,38.0
0.00023319999999999995,32.4,35.6,38.800000000000004,41.2
0.00023329999999999995,34.800000000000004,36.4,38.0,39.6
0.00023339999999999995,34.800000000000004,36.4,38.800000000000004,38.0
0.00023349999999999996,34.0,35.6,36.4,38.800000000000004
0.00023359999999999996,34.0,36.4,41.2,39.6
0.00023369999999999996,32.4,36.4,40.400000000000006,41.2
0.00023379999999999996,33.2,34.800000000000004,39.6,39.6
0.00023389999999999997,34.0,36.4,40.400000000000006,40.400000000000006
0.00023399999999999997,34.800000000000004,37.2,36.4,38.0
0.00023409999999999997,34.800000000000004,34.800000000000004,39.6,40.400000000000006
0.00023419999999999997,32.4,33.2,39.6,38.800000000000004
0.00023429999999999998,37.2,37.2,38.800000000000004,38.0
0.00023439999999999998,34.0,38.0,38.0,36.4
0.00023449999999999998,33.2,35.6,38.800000000000004,39.6
0.00023459999999999998,32.4,38.0,39.6,39.6
0.00023469999999999999,33.2,34.800000000000004,37.2,40.400000000000006
0.0002348,34.0,36.4,38.800000000000004,40.400000000000006
0.0002349,33.2,36.4,40.400000000000006,37.2
0.000235,33.2,38.0,38.0,38.0
0.0002351,34.800000000000004,35.6,39.6,40.400000000000006
0.00023519999999999994,33.2,36.4,35.6,36.4
0.00023529999999999995,34.800000000000004,38.800000000000004,38.0,40.400000000000006
0.00023539999999999995,34.800000000000004,36.4,39.6,42.0
0.00023549999999999995,33.2,34.800000000000004,38.800000000000004,39.6
0.00023559999999999995,31.6,33.2,38.800000000000004,39.6
0.00023569999999999996,34.0,34.0,39.6,40.400000000000006
0.00023579999999999996,34.800000000000004,38.0,38.800000000000004,39.6
0.00023589999999999996,34.0,35.6,39.6,38.800000000000004
0.00023599999999999996,35.6,38.0,36.4,40.400000000000006
0.00023609999999999997,36.4,34.800000000000004,38.800000000000004,40.400000000000006
0.00023619999999999997,34.0,35.6,37.2,41.2
0.00023629999999999997,31.6,38.0,36.4,36.4
0.00023639999999999997,34.0,35.6,39.6,39.6
0.00023649999999999998,33.2,36.4,35.6,35.6
0.00023659999999999998,35.6,35.6,37.2,39.6
0.00023669999999999998,34.800000000000004,35.6,42.0,42.0
0.00023679999999999998,30.8,35.6,39.6,39.6
0.00023689999999999998,34.0,34.800000000000004,38.800000000000004,42.0
0.000237,34.800000000000004,34.800000000000004,37.2,40.400000000000006
0.0002371,36.4,35.6,38.0,39.6
0.0002372,32.4,35.6,37.2,40.400000000000006
0.0002373,35.6,37.2,38.800000000000004,42.0
0.0002374,34.0,34.800000000000004,37.2,38.800000000000004
0.00023749999999999995,34.0,35.6,38.0,40.400000000000006
0.00023759999999999995,33.2,37.2,39.6,39.6
0.00023769999999999995,31.6,34.800000000000004,38.800000000000004,38.800000000000004
0.00023779999999999995,35.6,37.2,39.6,38.800000000000004
0.00023789999999999996,33.2,35.6,39.6,40.400000000000006
0.00023799999999999996,30.8,38.0,39.6,41.2
0.00023809999999999996,33.2,34.800000000000004,38.800000000000004,39.6
0.00023819999999999996,33.2,37.2,40.400000000000006,39.6
0.00023829999999999996,31.6,37.2,40.400000000000006,42.800000000000004
0.00023839999999999997,34.0,35.6,38.0,42.800000000000004
0.00023849999999999997,34.0,37.2,39.6,39.6
0.00023859999999999997,34.0,35.6,40.400000000000006,38.800000000000004
0.00023869999999999997,32.4,35.6,38.0,38.0
0.00023879999999999998,33.2,34.800000000000004,39.6,38.800000000000004
0.00023889999999999998,35.6,38.0,38.800000000000004,41.2
0.00023899999999999998,34.0,34.800000000000004,37.2,41.2
0.00023909999999999998,30.8,34.800000000000004,40.400000000000006,40.400000000000006
0.0002392,34.800000000000004,36.4,37.2,38.0
0.0002393,32.4,35.6,38.0,41.2
0.0002394,33.2,36.4,40.400000000000006,36.4
0.0002395,35.6,37.2,38.800000000000004,36.4
0.0002396,34.0,38.0,38.800000000000004,39.6
0.00023969999999999994,34.0,36.4,38.800000000000004,40.400000000000006
0.00023979999999999995,34.0,34.0,38.800000000000004,38.0
0.00023989999999999995,35.6,37.2,39.6,41.2
0.00023999999999999995,34.800000000000004,38.0,38.0,38.0
0.00024009999999999995,36.4,33.2,41.2,38.800000000000004
0.00024019999999999996,30.8,35.6,37.2,39.6
0.00024029999999999996,33.2,36.4,38.800000000000004,38.800000000000004
0.00024039999999999996,32.4,37.2,38.0,38.800000000000004
0.00024049999999999996,31.6,34.800000000000004,38.0,39.6
0.00024059999999999997,34.0,36.4,38.800000000000004,41.2
0.00024069999999999997,33.2,35.6,38.800000000000004,39.6
0.00024079999999999997,33.2,37.2,38.0,39.6
0.00024089999999999997,35.6,37.2,38.0,39.6
0.00024099999999999998,34.800000000000004,37.2,39.6,40.400000000000006
0.00024109999999999998,37.2,36.4,36.4,41.2
0.00024119999999999998,34.0,34.800000000000004,38.0,38.800000000000004
0.00024129999999999998,35.6,35.6,37.2,40.400000000000006
0.00024139999999999999,35.6,35.6,39.6,38.800000000000004
0.0002415,33.2,34.800000000000004,37.2,42.0
0.0002416,34.800000000000004,34.0,37.2,38.0
0.0002417,33.2,37.2,36.4,38.800000000000004
0.0002418,34.0,34.800000000000004,38.0,41.2
0.00024189999999999994,33.2,36.4,39.6,39.6
0.00024199999999999995,32.4,36.4,38.800000000000004,38.0
0.00024209999999999995,34.0,37.2,40.400000000000006,40.400000000000006
0.00024219999999999995,35.6,35.6,40.400000000000006,38.0
0.00024229999999999995,35.6,36.4,39.6,40.400000000000006
0.00024239999999999996,31.6,37.2,37.2,38.0
0.00024249999999999996,31.6,36.4,39.6,38.800000000000004
0.00024259999999999996,32.4,34.800000000000004,39.6,40.400000000000006
0.00024269999999999996,34.0,34.800000000000004,40.400000000000006,38.800000000000004
0.00024279999999999997,30.8,34.800000000000004,36.4,42.0
0.00024289999999999997,34.0,35.6,37.2,38.800000000000004
0.00024299999999999997,33.2,36.4,36.4,38.0
0.00024309999999999997,33.2,37.2,38.800000000000004,38.0
0.00024319999999999998,33.2,36.4,38.0,40.400000000000006
0.00024329999999999998,30.8,36.4,37.2,41.2
0.00024339999999999998,34.800000000000004,34.800000000000004,40.400000000000006,41.2
0.00024349999999999998,32.4,36.4,39.6,38.800000000000004
0.00024359999999999999,34.0,36.4,40.400000000000006,38.800000000000004
0.0002437,35.6,33.2,38.800000000000004,39.6
0.0002438,31.6,38.0,40.400000000000006,40.400000000000006
0.0002439,34.800000000000004,35.6,40.400000000000006,38.0
0.000244,33.2,35.6,38.800000000000004,40.400000000000006
0.0002441,31.6,34.0,38.800000000000004,39.6
0.00024419999999999997,32.4,38.0,38.0,40.400000000000006
0.0002442999999999999,32.4,35.6,40.400000000000006,37.2
0.0002444,33.2,37.2,38.800000000000004,39.6
0.0002444999999999999,34.0,38.800000000000004,39.6,37.2
0.0002446,31.6,35.6,36.4,40.400000000000006
0.00024469999999999993,32.4,36.4,37.2,38.800000000000004
0.0002448,36.4,35.6,39.6,41.2
0.00024489999999999994,31.6,34.800000000000004,37.2,38.0
0.000245,31.6,34.800000000000004,37.2,41.2
0.00024509999999999994,33.2,34.800000000000004,38.0,38.0
0.0002452,33.2,35.6,37.2,38.0
0.00024529999999999995,34.800000000000004,36.4,38.800000000000004,37.2
0.0002454,33.2,36.4,38.0,39.6
0.00024549999999999995,31.6,34.800000000000004,38.0,41.2
0.0002456,34.0,36.4,37.2,40.400000000000006
0.00024569999999999995,31.6,34.800000000000004,38.800000000000004,40.400000000000006
0.0002458,34.800000000000004,34.800000000000004,39.6,39.6
0.00024589999999999996,33.2,34.800000000000004,40.400000000000006,38.800000000000004
0.000246,32.4,37.2,38.0,38.0
0.00024609999999999996,34.800000000000004,36.4,38.800000000000004,38.800000000000004
0.0002462,34.800000000000004,35.6,38.0,38.0
0.00024629999999999997,33.2,35.6,38.800000000000004,40.400000000000006
0.0002463999999999999,34.800000000000004,36.4,37.2,39.6
0.0002465,32.4,37.2,38.800000000000004,39.6
0.0002465999999999999,34.800000000000004,33.2,39.6,41.2
0.0002467,34.800000000000004,36.4,37.2,38.800000000000004
0.00024679999999999993,34.800000000000004,35.6,38.800000000000004,39.6
0.0002469,34.0,35.6,38.0,39.6
0.00024699999999999993,32.4,36.4,40.400000000000006,38.0
0.0002471,34.0,36.4,38.0,41.2
0.00024719999999999994,34.800000000000004,35.6,39.6,40.400000000000006
0.0002473,35.6,37.2,38.800000000000004,39.6
0.00024739999999999994,34.800000000000004,36.4,38.800000000000004,38.800000000000004
0.0002475,33.2,35.6,34.800000000000004,37.2
0.00024759999999999995,35.6,35.6,38.0,41.2
0.0002477,34.800000000000004,37.2,39.6,39.6
0.00024779999999999995,34.800000000000004,34.800000000000004,39.6,38.0
0.0002479,34.800000000000004,32.4,38.0,36.4
0.00024799999999999996,34.0,36.4,38.0,39.6
0.0002481,30.8,37.2,38.800000000000004,38.0
0.00024819999999999996,32.4,34.800000000000004,37.2,37.2
0.0002483,32.4,36.4,39.6,38.800000000000004
0.00024839999999999997,35.6,34.800000000000004,42.0,38.800000000000004
0.0002485,34.0,36.4,40.400000000000006,38.800000000000004
0.00024859999999999997,34.0,35.6,39.6,38.800000000000004
0.0002486999999999999,31.6,36.4,35.6,38.0
0.0002488,33.2,38.0,38.0,41.2
0.0002488999999999999,32.4,35.6,38.800000000000004,40.400000000000006
0.000249,33.2,35.6,38.800000000000004,40.400000000000006
0.00024909999999999993,32.4,37.2,39.6,38.0
0.0002492,34.0,34.0,38.800000000000004,42.800000000000004
0.00024929999999999993,33.2,37.2,38.0,38.0
0.0002494,34.800000000000004,34.800000000000004,37.2,37.2
0.00024949999999999994,36.4,37.2,38.800000000000004,40.400000000000006
0.0002496,34.800000000000004,34.0,37.2,41.2
0.00024969999999999994,34.0,37.2,38.800000000000004,38.800000000000004
0.0002498,35.6,35.6,38.800000000000004,38.0
0.00024989999999999995,34.800000000000004,35.6,38.0,37.2
0.00025,31.6,35.6,39.6,38.800000000000004
0.00025009999999999995,33.2,35.6,39.6,38.0
0.0002502,34.0,35.6,37.2,40.400000000000006
0.00025029999999999996,33.2,38.0,39.6,38.0
0.0002504,33.2,34.0,39.6,38.0
0.00025049999999999996,35.6,35.6,38.0,41.2
0.0002506,33.2,34.0,38.800000000000004,38.800000000000004
0.00025069999999999997,34.0,34.800000000000004,40.400000000000006,38.0
0.0002507999999999999,33.2,37.2,41.2,38.800000000000004
0.00025089999999999997,33.2,35.6,38.800000000000004,42.800000000000004
0.0002509999999999999,34.0,36.4,41.2,38.800000000000004
0.0002511,34.800000000000004,35.6,39.6,38.0
0.0002511999999999999,34.0,35.6,38.800000000000004,40.400000000000006
0.0002513,36.4,36.4,38.800000000000004,38.800000000000004
0.00025139999999999993,34.800000000000004,37.2,38.0,39.6
0.0002515,34.0,34.800000000000004,38.0,38.800000000000004
0.00025159999999999994,34.0,36.4,38.0,39.6
0.0002517,31.6,38.800000000000004,42.0,39.6
0.00025179999999999994,33.2,35.6,36.4,38.800000000000004
0.0002519,35.6,35.6,38.800000000000004,39.6
0.00025199999999999995,33.2,35.6,38.800000000000004,40.400000000000006
0.0002521,34.800000000000004,36.4,38.0,39.6
0.00025219999999999995,32.4,35.6,38.800000000000004,38.0
0.0002523,35.6,36.4,38.800000000000004,41.2
0.00025239999999999996,32.4,36.4,40.400000000000006,40.400000000000006
0.0002525,30.8,35.6,36.4,36.4
0.00025259999999999996,33.2,37.2,40.400000000000006,41.2
0.0002527,33.2,35.6,36.4,37.2
0.00025279999999999996,32.4,37.2,38.0,40.400000000000006
0.0002529,33.2,35.6,37.2,39.6
0.00025299999999999997,34.0,34.800000000000004,40.400000000000006,38.800000000000004
0.0002530999999999999,32.4,34.800000000000004,41.2,39.6
0.0002532,34.0,35.6,40.400000000000006,39.6
0.0002532999999999999,32.4,36.4,38.800000000000004,38.0
0.0002534,34.0,36.4,39.6,41.2
0.00025349999999999993,34.800000000000004,38.0,38.800000000000004,39.6
0.0002536,34.0,36.4,36.4,39.6
0.00025369999999999993,31.6,35.6,40.400000000000006,42.0
0.0002538,31.6,36.4,39.6,38.800000000000004
0.00025389999999999994,35.6,35.6,39.6,38.800000000000004
0.000254,30.8,35.6,38.800000000000004,41.2
0.00025409999999999994,34.0,36.4,39.6,38.0
0.0002542,34.800000000000004,38.800000000000004,38.0,38.800000000000004
0.00025429999999999995,35.6,37.2,38.800000000000004,39.6
0.0002544,30.0,35.6,36.4,42.0
0.00025449999999999995,34.0,38.0,38.0,38.0
0.0002546,34.800000000000004,36.4,38.0,38.0
0.00025469999999999996,31.6,35.6,38.0,41.2
0.0002548,34.800000000000004,34.800000000000004,40.400000000000006,38.0
0.00025489999999999996,33.2,34.800000000000004,36.4,38.800000000000004
0.000255,34.0,36.4,38.800000000000004,41.2
0.00025509999999999997,34.0,34.0,38.800000000000004,41.2
0.0002552,36.4,35.6,38.0,38.0
0.00025529999999999997,34.800000000000004,36.4,40.400000000000006,39.6
0.0002553999999999999,33.2,36.4,38.800000000000004,40.400000000000006
0.0002555,34.800000000000004,34.800000000000004,39.6,38.800000000000004
0.0002555999999999999,33.2,35.6,39.6,36.4
0.0002557,34.0,34.800000000000004,39.6,38.0
0.00025579999999999993,32.4,34.800000000000004,40.400000000000006,41.2
0.0002559,34.0,33.2,38.800000000000004,36.4
0.00025599999999999993,32.4,34.0,38.0,39.6
0.0002561,34.0,35.6,39.6,39.6
0.00025619999999999994,34.0,36.4,40.400000000000006,38.0
0.0002563,34.800000000000004,35.6,38.0,41.2
0.00025639999999999994,34.0,36.4,38.0,38.800000000000004
0.0002565,34.800000000000004,34.800000000000004,39.6,38.0
0.00025659999999999995,34.0,37.2,38.800000000000004,38.0
0.0002567,32.4,36.4,39.6,38.800000000000004
0.00025679999999999995,34.800000000000004,38.800000000000004,38.800000000000004,40.400000000000006
0.0002569,32.4,37.2,37.2,38.800000000000004
0.00025699999999999996,34.800000000000004,35.6,36.4,38.0
0.0002571,32.4,36.4,38.800000000000004,38.800000000000004
0.00025719999999999996,32.4,37.2,40.400000000000006,36.4
0.0002573,31.6,33.2,39.6,37.2
0.00025739999999999997,34.800000000000004,36.4,38.0,38.800000000000004
0.0002574999999999999,33.2,35.6,39.6,39.6
0.0002576,33.2,35.6,40.400000000000006,41.2
0.0002576999999999999,34.800000000000004,37.2,40.400000000000006,41.2
0.0002578,33.2,36.4,38.800000000000004,42.0
0.0002578999999999999,33.2,36.4,41.2,39.6
0.000258,33.2,34.800000000000004,38.800000000000004,38.800000000000004
0.00025809999999999993,33.2,37.2,38.800000000000004,39.6
0.0002582,34.800000000000004,37.2,38.0,41.2
0.00025829999999999994,34.800000000000004,38.0,40.400000000000006,39.6
0.0002584,34.0,35.6,39.6,40.400000000000006
0.00025849999999999994,34.800000000000004,33.2,39.6,38.800000000000004
0.0002586,31.6,37.2,38.800000000000004,40.400000000000006
0.00025869999999999995,31.6,36.4,37.2,37.2
0.0002588,33.2,34.0,39.6,39.6
0.00025889999999999995,34.800000000000004,34.800000000000004,38.0,40.400000000000006
0.000259,33.2,38.0,39.6,39.6
0.00025909999999999996,33.2,37.2,39.6,39.6
0.0002592,32.4,36.4,39.6,38.800000000000004
0.00025929999999999996,34.0,37.2,40.400000000000006,37.2
0.0002594,34.800000000000004,34.0,38.800000000000004,38.800000000000004
0.00025949999999999997,32.4,35.6,36.4,38.0
0.0002596,34.0,36.4,39.6,38.800000000000004
0.00025969999999999997,34.800000000000004,34.0,40.400000000000006,38.800000000000004
0.0002597999999999999,32.4,35.6,37.2,40.400000000000006
0.0002599,33.2,38.0,38.0,39.6
0.0002599999999999999,31.6,35.6,42.0,42.0
0.0002601,34.800000000000004,37.2,38.0,39.6
0.00026019999999999993,31.6,35.6,39.6,42.0
0.0002603,33.2,36.4,39.6,38.800000000000004
0.00026039999999999993,34.800000000000004,37.2,38.800000000000004,39.6
0.0002605,34.800000000000004,33.2,39.6,37.2
0.00026059999999999994,35.6,33.2,38.800000000000004,40.400000000000006
0.0002607,34.0,33.2,37.2,39.6
0.00026079999999999994,34.0,36.4,39.6,40.400000000000006
0.0002609,34.0,36.4,35.6,38.800000000000004
0.00026099999999999995,37.2,34.800000000000004,40.400000000000006,40.400000000000006
0.0002611,31.6,36.4,39.6,38.0
0.00026119999999999995,34.800000000000004,35.6,39.6,40.400000000000006
0.0002613,36.4,36.4,38.0,37.2
0.00026139999999999996,32.4,34.800000000000004,35.6,38.0
0.0002615,32.4,35.6,37.2,39.6
0.00026159999999999996,32.4,35.6,38.0,38.0
0.0002617,35.6,33.2,38.800000000000004,38.0
0.00026179999999999997,33.2,36.4,39.6,41.2
0.0002619,34.0,35.6,39.6,39.6
0.00026199999999999997,33.2,37.2,38.0,38.800000000000004
0.0002620999999999999,33.2,34.0,38.0,39.6
0.0002622,34.800000000000004,37.2,38.0,37.2
0.0002622999999999999,32.4,37.2,39.6,37.2
0.0002624,33.2,38.0,38.800000000000004,38.800000000000004
0.00026249999999999993,33.2,36.4,38.0,39.6
0.0002626,31.6,34.800000000000004,40.400000000000006,40.400000000000006
0.00026269999999999993,33.2,36.4,38.0,37.2
0.0002628,35.6,36.4,39.6,40.400000000000006
0.00026289999999999994,34.800000000000004,35.6,38.800000000000004,39.6
0.000263,32.4,35.6,36.4,39.6
0.00026309999999999994,35.6,34.800000000000004,38.0,38.0
0.0002632,34.0,36.4,36.4,38.0
0.00026329999999999995,32.4,36.4,38.0,38.0
0.0002634,34.0,37.2,40.400000000000006,38.800000000000004
0.00026349999999999995,33.2,37.2,36.4,38.800000000000004
0.0002636,35.6,35.6,36.4,36.4
0.00026369999999999996,34.0,34.800000000000004,40.400000000000006,38.800000000000004
0.0002638,34.0,34.800000000000004,37.2,39.6
0.00026389999999999996,33.2,34.0,40.400000000000006,39.6
0.000264,34.800000000000004,38.0,38.800000000000004,39.6
0.00026409999999999997,34.800000000000004,34.0,38.0,39.6
0.0002641999999999999,34.0,34.800000000000004,38.0,41.2
0.0002643,34.800000000000004,35.6,39.6,41.2
0.0002643999999999999,34.0,38.0,39.6,38.0
0.0002645,30.0,35.6,38.800000000000004,38.800000000000004
0.0002645999999999999,34.800000000000004,38.800000000000004,39.6,38.800000000000004
0.0002647,34.0,35.6,38.0,40.400000000000006
0.00026479999999999993,32.4,35.6,38.0,41.2
0.0002649,34.800000000000004,35.6,37.2,39.6
0.00026499999999999994,35.6,38.0,39.6,41.2
0.0002651,34.0,34.0,38.0,39.6
0.00026519999999999994,33.2,34.0,38.800000000000004,37.2
0.0002653,34.800000000000004,33.2,40.400000000000006,38.0
0.00026539999999999995,31.6,36.4,38.0,39.6
0.0002655,31.6,36.4,39.6,39.6
0.00026559999999999995,33.2,34.0,37.2,39.6
0.0002657,32.4,37.2,38.800000000000004,40.400000000000006
0.00026579999999999996,34.0,38.0,37.2,40.400000000000006
0.0002659,34.0,36.4,37.2,41.2
0.00026599999999999996,31.6,35.6,39.6,39.6
0.0002661,33.2,38.800000000000004,40.400000000000006,41.2
0.00026619999999999997,32.4,35.6,38.800000000000004,38.800000000000004
0.0002663,34.800000000000004,37.2,39.6,38.0
0.00026639999999999997,32.4,35.6,38.800000000000004,42.0
0.0002664999999999999,32.4,35.6,39.6,40.400000000000006
0.0002666,34.800000000000004,38.0,38.800000000000004,42.800000000000004
0.0002666999999999999,34.0,36.4,37.2,38.800000000000004
0.0002668,34.0,36.4,38.0,41.2
0.00026689999999999993,35.6,35.6,38.800000000000004,40.400000000000006
0.000267,32.4,36.4,39.6,39.6
0.00026709999999999993,34.800000000000004,35.6,36.4,39.6
0.0002672,33.2,35.6,35.6,37.2
0.00026729999999999994,34.0,37.2,40.400000000000006,42.0
0.0002674,33.2,35.6,38.800000000000004,39.6
0.00026749999999999994,35.6,37.2,38.800000000000004,38.800000000000004
0.0002676,35.6,35.6,38.800000000000004,38.800000000000004
0.00026769999999999995,31.6,34.800000000000004,37.2,38.800000000000004
0.0002678,34.0,32.4,39.6,38.800000000000004
0.00026789999999999995,34.800000000000004,35.6,38.800000000000004,39.6
0.000268,31.6,37.2,39.6,38.800000000000004
0.00026809999999999996,35.6,34.0,37.2,41.2
0.0002682,33.2,35.6,37.2,38.800000000000004
0.00026829999999999996,32.4,35.6,38.0,39.6
0.0002684,33.2,36.4,38.0,38.800000000000004
0.00026849999999999997,30.8,34.800000000000004,39.6,40.400000000000006
0.0002685999999999999,34.0,34.0,37.2,38.800000000000004
0.00026869999999999997,32.4,34.800000000000004,38.0,38.800000000000004
0.0002687999999999999,34.800000000000004,34.0,39.6,42.0
0.0002689,34.0,37.2,38.0,38.800000000000004
0.0002689999999999999,34.800000000000004,35.6,35.6,39.6
0.0002691,31.6,37.2,38.800000000000004,38.800000000000004
0.00026919999999999993,34.800000000000004,36.4,38.0,40.400000000000006
0.0002693,34.800000000000004,36.4,39.6,37.2
0.00026939999999999993,34.0,34.0,39.6,41.2
0.0002695,30.8,38.0,38.800000000000004,38.800000000000004
0.00026959999999999994,34.0,35.6,40.400000000000006,35.6
0.0002697,34.800000000000004,35.6,38.0,39.6
0.00026979999999999994,34.0,37.2,40.400000000000006,38.800000000000004
0.0002699,33.2,34.800000000000004,38.0,41.2
0.00026999999999999995,34.800000000000004,35.6,40.400000000000006,40.400000000000006
0.0002701,33.2,36.4,36.4,40.400000000000006
0.00027019999999999995,32.4,38.0,38.800000000000004,37.2
0.0002703,34.0,34.800000000000004,39.6,41.2
0.00027039999999999996,33.2,36.4,38.800000000000004,39.6
0.0002705,33.2,35.6,38.0,40.400000000000006
0.00027059999999999996,34.800000000000004,39.6,38.0,39.6
0.0002707,34.0,35.6,38.800000000000004,39.6
0.00027079999999999997,34.0,38.0,36.4,39.6
0.0002708999999999999,34.800000000000004,34.0,38.0,38.800000000000004
0.000271,34.0,33.2,38.800000000000004,38.800000000000004
0.0002710999999999999,34.0,38.0,38.800000000000004,38.800000000000004
0.0002712,33.2,36.4,39.6,40.400000000000006
0.0002712999999999999,34.800000000000004,36.4,38.800000000000004,40.400000000000006
0.0002714,34.800000000000004,38.800000000000004,39.6,39.6
0.00027149999999999993,34.0,34.800000000000004,38.0,39.6
0.0002716,33.2,37.2,40.400000000000006,38.800000000000004
0.00027169999999999994,34.0,37.2,39.6,38.800000000000004
0.0002718,36.4,34.0,39.6,39.6
0.00027189999999999994,34.800000000000004,35.6,38.0,38.0
0.000272,32.4,34.800000000000004,38.0,39.6
0.00027209999999999995,33.2,35.6,38.800000000000004,40.400000000000006
0.0002722,34.0,36.4,36.4,38.800000000000004
0.00027229999999999995,33.2,33.2,38.800000000000004,41.2
0.0002724,34.800000000000004,34.800000000000004,37.2,37.2
0.00027249999999999996,31.6,35.6,40.400000000000006,38.800000000000004
0.0002726,34.800000000000004,35.6,39.6,36.4
0.00027269999999999996,33.2,36.4,40.400000000000006,38.800000000000004
0.0002728,33.2,36.4,36.4,41.2
0.00027289999999999997,33.2,36.4,38.0,38.800000000000004
0.000273,35.6,35.6,38.0,39.6
0.00027309999999999997,33.2,34.800000000000004,39.6,39.6
0.0002731999999999999,34.800000000000004,36.4,38.0,38.0
0.0002733,34.800000000000004,36.4,38.0,38.800000000000004
0.0002733999999999999,33.2,38.0,40.400000000000006,39.6
0.0002735,32.4,35.6,39.6,38.0
0.00027359999999999993,34.0,34.800000000000004,39.6,38.0
0.0002737,32.4,36.4,36.4,39.6
0.00027379999999999993,38.0,34.0,38.0,38.800000000000004
0.0002739,34.800000000000004,34.800000000000004,38.800000000000004,38.0
0.00027399999999999994,34.800000000000004,34.800000000000004,38.0,38.0
0.0002741,32.4,36.4,39.6,39.6
0.00027419999999999994,32.4,35.6,39.6,37.2
0.0002743,34.800000000000004,35.6,37.2,38.800000000000004
0.00027439999999999995,34.800000000000004,36.4,38.800000000000004,38.800000000000004
0.0002745,33.2,36.4,37.2,39.6
0.00027459999999999995,30.8,34.800000000000004,38.800000000000004,38.800000000000004
0.0002747,33.2,38.0,39.6,41.2
0.00027479999999999996,32.4,35.6,39.6,38.800000000000004
0.0002749,34.800000000000004,34.800000000000004,37.2,38.800000000000004
0.00027499999999999996,32.4,36.4,38.0,38.0
0.0002751,34.800000000000004,34.800000000000004,38.0,39.6
0.00027519999999999997,33.2,35.6,38.800000000000004,38.0
0.0002752999999999999,33.2,36.4,40.400000000000006,38.0
0.00027539999999999997,33.2,32.4,37.2,37.2
0.0002754999999999999,34.800000000000004,34.800000000000004,39.6,38.0
0.0002756,34.800000000000004,36.4,39.6,38.800000000000004
0.0002756999999999999,34.800000000000004,34.800000000000004,38.800000000000004,38.800000000000004
0.0002758,33.2,36.4,40.400000000000006,38.0
0.00027589999999999993,32.4,34.800000000000004,37.2,38.0
0.000276,34.800000000000004,36.4,38.0,40.400000000000006
0.00027609999999999993,34.0,36.4,38.0,39.6
0.0002762,34.0,38.800000000000004,39.6,38.800000000000004
0.00027629999999999994,34.800000000000004,38.0,39.6,38.0
0.0002764,34.0,36.4,37.2,40.400000000000006
0.00027649999999999994,35.6,37.2,38.0,39.6
0.0002766,35.6,35.6,38.0,42.0
0.00027669999999999995,34.0,36.4,38.0,37.2
0.0002768,37.2,36.4,36.4,39.6
0.00027689999999999995,32.4,34.800000000000004,38.800000000000004,38.0
0.000277,33.2,36.4,39.6,38.800000000000004
0.00027709999999999996,34.0,35.6,38.800000000000004,38.800000000000004
0.0002772,32.4,36.4,38.0,39.6
0.00027729999999999996,34.800000000000004,35.6,40.400000000000006,38.800000000000004
0.0002774,32.4,34.800000000000004,38.0,39.6
0.00027749999999999997,32.4,34.800000000000004,36.4,38.800000000000004
0.0002775999999999999,36.4,34.0,40.400000000000006,38.800000000000004
0.0002777,34.0,34.800000000000004,36.4,39.6
0.0002777999999999999,35.6,36.4,38.800000000000004,40.400000000000006
0.0002779,30.0,34.800000000000004,40.400000000000006,42.0
0.0002779999999999999,34.0,38.800000000000004,39.6,39.6
0.0002781,33.2,38.0,38.0,39.6
0.00027819999999999993,33.2,35.6,39.6,38.0
0.0002783,32.4,35.6,38.0,39.6
0.00027839999999999994,35.6,37.2,38.800000000000004,42.0
0.0002785,33.2,34.0,39.6,38.0
0.00027859999999999994,34.800000000000004,35.6,38.0,38.800000000000004
0.0002787,33.2,34.0,39.6,40.400000000000006
0.00027879999999999995,33.2,35.6,38.800000000000004,38.800000000000004
0.0002789,34.800000000000004,35.6,38.0,39.6
0.00027899999999999995,32.4,35.6,38.0,39.6
0.0002791,34.0,37.2,37.2,41.2
0.00027919999999999996,33.2,36.4,40.400000000000006,38.800000000000004
0.0002793,32.4,34.800000000000004,38.0,40.400000000000006
0.00027939999999999996,34.0,36.4,38.0,41.2
0.0002795,33.2,36.4,37.2,38.0
0.00027959999999999997,32.4,36.4,38.800000000000004,38.800000000000004
0.0002797,34.0,36.4,38.800000000000004,39.6
0.00027979999999999997,33.2,34.0,39.6,41.2
0.0002798999999999999,34.800000000000004,32.4,39.6,40.400000000000006
0.00028,34.800000000000004,34.800000000000004,38.0,38.800000000000004
0.0002800999999999999,33.2,37.2,38.800000000000004,38.0
0.0002802,35.6,34.800000000000004,38.0,38.0
0.00028029999999999993,35.6,35.6,38.800000000000004,38.0
0.0002804,34.0,38.0,38.800000000000004,38.0
0.00028049999999999993,34.0,34.800000000000004,37.2,38.0
0.0002806,34.0,35.6,39.6,39.6
0.00028069999999999994,34.0,38.0,37.2,40.400000000000006
0.0002808,34.0,38.0,38.800000000000004,39.6
0.00028089999999999994,34.0,34.800000000000004,38.0,37.2
0.000281,33.2,35.6,39.6,39.6
0.00028109999999999995,33.2,37.2,38.0,38.0
0.0002812,35.6,37.2,39.6,39.6
0.00028129999999999995,33.2,35.6,37.2,40.400000000000006
0.0002814,35.6,35.6,36.4,38.0
0.00028149999999999996,31.6,36.4,38.800000000000004,40.400000000000006
0.0002816,32.4,34.800000000000004,38.800000000000004,38.0
0.00028169999999999996,33.2,35.6,37.2,37.2
0.0002818,33.2,35.6,40.400000000000006,40.400000000000006
0.00028189999999999997,34.0,34.800000000000004,38.0,41.2
0.0002819999999999999,33.2,39.6,38.800000000000004,38.800000000000004
0.00028209999999999997,34.0,34.800000000000004,37.2,39.6
0.0002821999999999999,31.6,34.0,40.400000000000006,38.0
0.0002823,34.0,34.0,38.800000000000004,39.6
0.0002823999999999999,34.800000000000004,35.6,38.800000000000004,42.800000000000004
0.0002825,34.0,35.6,38.800000000000004,39.6
0.00028259999999999993,34.0,34.800000000000004,38.0,39.6
0.0002827,31.6,34.0,39.6,38.0
0.00028279999999999994,34.800000000000004,34.800000000000004,38.0,37.2
0.0002829,31.6,34.800000000000004,38.800000000000004,39.6
0.00028299999999999994,33.2,38.0,38.800000000000004,41.2
0.0002831,34.800000000000004,36.4,37.2,40.400000000000006
0.00028319999999999994,33.2,36.4,39.6,39.6
0.0002833,33.2,34.800000000000004,38.0,39.6
0.00028339999999999995,32.4,38.0,38.0,38.800000000000004
0.0002835,31.6,34.800000000000004,38.800000000000004,38.800000000000004
0.00028359999999999995,34.800000000000004,39.6,39.6,38.800000000000004
0.0002837,34.0,34.800000000000004,38.800000000000004,40.400000000000006
0.00028379999999999996,34.800000000000004,34.800000000000004,38.0,38.0
0.0002839,35.6,34.0,38.0,38.800000000000004
0.00028399999999999996,31.6,35.6,39.6,39.6
0.0002841,32.4,37.2,38.800000000000004,38.800000000000004
0.00028419999999999997,34.0,36.4,36.4,38.0
0.0002842999999999999,33.2,35.6,40.400000000000006,41.2
0.0002844,35.6,35.6,39.6,38.800000000000004
0.0002844999999999999,31.6,36.4,39.6,38.800000000000004
0.0002846,32.4,37.2,39.6,41.2
0.0002846999999999999,33.2,34.800000000000004,39.6,40.400000000000006
0.0002848,33.2,37.2,39.6,42.0
0.00028489999999999993,30.8,38.800000000000004,38.800000000000004,38.800000000000004
0.000285,33.2,37.2,38.800000000000004,39.6
0.00028509999999999994,33.2,37.2,39.6,40.400000000000006
0.0002852,31.6,38.0,39.6,38.0
0.00028529999999999994,33.2,34.800000000000004,38.800000000000004,38.800000000000004
0.0002854,31.6,34.800000000000004,38.800000000000004,40.400000000000006
0.00028549999999999995,32.4,36.4,38.800000000000004,38.800000000000004
0.0002856,32.4,35.6,37.2,37.2
0.00028569999999999995,33.2,35.6,36.4,38.800000000000004
0.0002858,34.800000000000004,37.2,38.800000000000004,38.800000000000004
0.00028589999999999996,32.4,37.2,38.800000000000004,38.0
0.000286,34.800000000000004,34.0,38.800000000000004,40.400000000000006
0.00028609999999999996,34.0,35.6,40.400000000000006,38.800000000000004
0.0002862,34.0,34.800000000000004,38.800000000000004,40.400000000000006
0.00028629999999999997,34.800000000000004,34.0,35.6,40.400000000000006
0.0002864,33.2,34.0,37.2,38.0
0.00028649999999999997,34.0,35.6,36.4,38.800000000000004
0.0002865999999999999,32.4,34.800000000000004,38.800000000000004,38.800000000000004
0.0002867,35.6,38.0,37.2,38.800000000000004
0.0002867999999999999,32.4,35.6,38.800000000000004,40.400000000000006
0.0002869,30.8,35.6,39.6,38.0
0.00028699999999999993,33.2,34.0,39.6,41.2
0.0002871,34.0,34.800000000000004,39.6,37.2
0.00028719999999999993,34.800000000000004,36.4,38.0,38.800000000000004
0.0002873,35.6,36.4,40.400000000000006,40.400000000000006
0.00028739999999999994,32.4,36.4,38.0,41.2
0.0002875,34.0,35.6,39.6,41.2
0.00028759999999999994,33.2,36.4,39.6,40.400000000000006
0.0002877,33.2,36.4,38.0,42.0
0.00028779999999999995,34.0,35.6,40.400000000000006,40.400000000000006
0.0002879,33.2,34.800000000000004,38.800000000000004,38.800000000000004
0.00028799999999999995,35.6,33.2,40.400000000000006,41.2
0.0002881,32.4,36.4,38.0,39.6
0.00028819999999999996,33.2,35.6,37.2,39.6
0.0002883,34.0,35.6,38.0,39.6
0.00028839999999999996,34.0,34.0,38.0,40.400000000000006
0.0002885,31.6,37.2,38.0,38.800000000000004
0.00028859999999999997,33.2,35.6,40.400000000000006,41.2
0.0002887,31.6,35.6,39.6,39.6
0.00028879999999999997,34.0,37.2,38.0,38.800000000000004
0.00028890000000000003,32.4,35.6,39.6,40.400000000000006
0.000289,34.0,35.6,40.400000000000006,38.0
0.00028910000000000003,32.4,34.800000000000004,38.0,41.2
0.0002892,32.4,35.6,36.4,42.0
0.00028930000000000004,35.6,34.800000000000004,38.800000000000004,40.400000000000006
0.0002894,31.6,35.6,40.400000000000006,39.6
0.00028950000000000004,33.2,35.6,38.800000000000004,38.0
0.0002896,34.0,33.2,38.0,39.6
0.00028970000000000005,33.2,37.2,39.6,37.2
0.0002898,34.800000000000004,34.800000000000004,38.800000000000004,40.400000000000006
0.00028989999999999995,32.4,36.4,36.4,41.2
0.00029,34.0,36.4,41.2,41.2
0.00029009999999999995,33.2,34.800000000000004,38.800000000000004,38.0
0.0002902,34.800000000000004,34.800000000000004,38.800000000000004,38.800000000000004
0.00029029999999999995,34.0,34.0,40.400000000000006,36.4
0.0002904,34.800000000000004,34.800000000000004,38.0,40.400000000000006
0.00029049999999999996,36.4,34.800000000000004,36.4,39.6
0.0002906,33.2,34.800000000000004,38.0,42.0
0.00029069999999999996,34.0,34.800000000000004,38.0,37.2
0.0002908,34.800000000000004,35.6,36.4,38.0
0.00029089999999999997,33.2,34.800000000000004,38.800000000000004,40.400000000000006
0.000291,33.2,35.6,35.6,39.6
0.0002911,33.2,35.6,37.2,40.400000000000006
0.00029120000000000003,34.800000000000004,33.2,39.6,38.800000000000004
0.0002913,33.2,35.6,38.800000000000004,40.400000000000006
0.00029140000000000004,32.4,36.4,38.0,40.400000000000006
0.0002915,32.4,38.0,36.4,39.6
0.00029160000000000004,32.4,37.2,39.6,41.2
0.0002917,31.6,34.800000000000004,36.4,37.2
0.00029180000000000005,34.0,35.6,38.800000000000004,38.0
0.0002919,31.6,36.4,38.0,38.0
0.00029199999999999994,34.0,35.6,38.0,41.2
0.0002921,34.0,32.4,38.0,38.800000000000004
0.00029219999999999995,33.2,38.0,38.0,41.2
0.0002923,32.4,36.4,38.800000000000004,40.400000000000006
0.00029239999999999995,31.6,36.4,38.800000000000004,39.6
0.0002925,32.4,34.0,38.800000000000004,38.800000000000004
0.00029259999999999996,32.4,34.0,40.400000000000006,39.6
0.0002927,32.4,34.800000000000004,38.0,39.6
0.00029279999999999996,30.0,34.800000000000004,35.6,36.4
0.0002929,31.6,35.6,36.4,40.400000000000006
0.00029299999999999997,33.2,37.2,40.400000000000006,40.400000000000006
0.0002931,33.2,37.2,37.2,38.0
0.00029319999999999997,32.4,38.0,39.6,38.800000000000004
0.00029330000000000003,33.2,34.800000000000004,39.6,38.0
0.0002934,32.4,35.6,39.6,41.2
0.00029350000000000003,30.8,36.4,38.800000000000004,41.2
0.0002936,30.0,37.2,41.2,36.4
0.00029370000000000004,31.6,32.4,38.0,38.0
0.0002938,31.6,34.800000000000004,39.6,38.800000000000004
0.00029390000000000004,34.800000000000004,34.800000000000004,37.2,41.2
0.000294,33.2,34.800000000000004,37.2,40.400000000000006
0.00029410000000000005,33.2,34.0,40.400000000000006,38.0
0.0002942,32.4,34.800000000000004,38.0,37.2
0.00029429999999999994,34.0,34.800000000000004,40.400000000000006,38.0
0.0002944,31.6,33.2,35.6,40.400000000000006
0.00029449999999999995,32.4,34.0,36.4,38.800000000000004
0.0002946,33.2,34.0,37.2,37.2
0.00029469999999999995,30.8,35.6,38.0,39.6
0.0002948,32.4,35.6,39.6,39.6
0.00029489999999999996,31.6,34.800000000000004,38.0,38.0
0.000295,34.0,35.6,36.4,37.2
0.00029509999999999996,30.8,35.6,38.0,38.0
0.0002952,33.2,35.6,37.2,38.800000000000004
0.00029529999999999997,32.4,34.800000000000004,38.0,36.4
0.0002954,32.4,35.6,38.800000000000004,38.0
0.00029549999999999997,30.8,34.800000000000004,38.0,38.0
0.00029560000000000003,33.2,34.800000000000004,38.800000000000004,40.400000000000006
0.0002957,31.6,34.800000000000004,37.2,38.0
0.00029580000000000003,30.8,36.4,38.0,38.800000000000004
0.0002959,33.2,35.6,37.2,37.2
0.00029600000000000004,32.4,32.4,38.800000000000004,39.6
0.0002961,33.2,36.4,38.0,35.6
0.00029620000000000004,32.4,36.4,39.6,38.0
0.0002963,30.0,35.6,36.4,39.6
0.00029640000000000005,30.8,37.2,35.6,38.0
0.0002965,31.6,36.4,40.400000000000006,36.4
0.00029659999999999995,30.8,36.4,38.800000000000004,38.800000000000004
0.0002967,32.4,37.2,36.4,38.0
0.00029679999999999995,30.0,34.0,38.800000000000004,37.2
0.0002969,32.4,34.800000000000004,38.0,38.800000000000004
0.00029699999999999996,30.8,34.800000000000004,37.2,38.800000000000004
0.0002971,31.6,33.2,39.6,37.2
0.00029719999999999996,30.8,34.800000000000004,36.4,40.400000000000006
0.0002973,32.4,34.0,38.800000000000004,38.800000000000004
0.00029739999999999996,32.4,35.6,37.2,37.2
0.0002975,31.6,34.0,34.800000000000004,36.4
0.00029759999999999997,30.8,34.800000000000004,36.4,36.4
0.0002977,30.8,34.0,38.0,39.6
0.0002978,31.6,34.800000000000004,38.0,36.4
0.00029790000000000003,30.8,33.2,38.0,34.800000000000004
0.000298,34.800000000000004,32.4,37.2,37.2
0.00029810000000000004,30.8,34.0,36.4,37.2
0.0002982,30.8,33.2,38.800000000000004,38.0
0.00029830000000000004,30.8,35.6,37.2,38.800000000000004
0.0002984,30.8,31.6,35.6,38.0
0.00029850000000000005,31.6,36.4,38.800000000000004,38.800000000000004
0.0002986,31.6,34.800000000000004,38.800000000000004,38.800000000000004
0.00029869999999999994,27.6,34.800000000000004,38.800000000000004,36.4
0.0002988,32.4,34.0,37.2,40.400000000000006
0.00029889999999999995,32.4,35.6,35.6,35.6
0.000299,30.0,34.0,38.0,36.4
0.00029909999999999995,32.4,32.4,38.0,39.6
0.0002992,28.400000000000002,34.0,37.2,38.0
0.00029929999999999996,29.200000000000003,34.800000000000004,38.0,37.2
0.0002994,33.2,33.2,36.4,36.4
0.00029949999999999996,32.4,36.4,38.800000000000004,39.6
0.0002996,31.6,32.4,38.0,38.800000000000004
0.00029969999999999997,30.8,33.2,36.4,38.800000000000004
0.0002998,30.8,35.6,37.2,38.800000000000004
0.00029989999999999997,30.0,34.0,38.0,38.0
0.00030000000000000003,30.0,34.0,36.4,38.0
0.0003001,32.4,34.800000000000004,37.2,38.800000000000004
0.00030020000000000003,30.8,34.800000000000004,38.800000000000004,38.0
0.0003003,30.0,33.2,38.0,35.6
0.00030040000000000004,30.0,33.2,37.2,38.800000000000004
0.0003005,29.200000000000003,34.800000000000004,35.6,36.4
0.00030060000000000004,28.400000000000002,34.0,35.6,41.2
0.0003007,30.0,35.6,37.2,40.400000000000006
0.00030080000000000005,30.8,32.4,37.2,35.6
0.0003009,29.200000000000003,33.2,34.0,36.4
0.00030099999999999994,32.4,34.0,36.4,38.800000000000004
0.0003011,29.200000000000003,34.0,35.6,38.800000000000004
0.00030119999999999995,29.200000000000003,34.0,36.4,36.4
0.0003013,27.6,34.0,37.2,36.4
0.00030139999999999995,30.0,33.2,36.4,37.2
0.0003015,32.4,33.2,35.6,37.2
0.00030159999999999996,29.200000000000003,32.4,38.0,39.6
0.0003017,30.0,32.4,36.4,37.2
0.00030179999999999996,29.200000000000003,34.0,36.4,38.800000000000004
0.0003019,30.0,34.0,35.6,35.6
0.00030199999999999997,30.0,30.8,38.0,36.4
0.0003021,26.8,32.4,38.0,38.0
0.0003022,30.8,34.0,37.2,37.2
0.00030230000000000003,27.6,32.4,36.4,37.2
0.0003024,30.8,32.4,36.4,37.2
0.00030250000000000003,30.0,33.2,36.4,38.0
0.0003026,29.200000000000003,35.6,35.6,36.4
0.00030270000000000004,28.400000000000002,32.4,34.800000000000004,36.4
0.0003028,30.0,32.4,38.800000000000004,39.6
0.00030290000000000004,27.6,31.6,33.2,37.2
0.000303,29.200000000000003,34.800000000000004,34.800000000000004,34.0
0.00030309999999999994,28.400000000000002,31.6,34.800000000000004,35.6
0.0003032,30.0,33.2,34.0,36.4
0.00030329999999999995,30.0,32.4,35.6,34.0
0.0003034,31.6,34.0,36.4,39.6
0.00030349999999999995,31.6,32.4,34.800000000000004,38.0
0.0003036,26.8,32.4,36.4,36.4
0.00030369999999999996,30.8,33.2,35.6,35.6
0.0003038,28.400000000000002,33.2,34.0,34.800000000000004
0.00030389999999999996,27.6,32.4,34.800000000000004,35.6
0.000304,28.400000000000002,31.6,35.6,37.2
0.00030409999999999996,30.0,31.6,35.6,36.4
0.0003042,28.400000000000002,33.2,37.2,34.800000000000004
0.00030429999999999997,29.200000000000003,30.8,35.6,37.2
0.0003044,28.400000000000002,33.2,33.2,35.6
0.0003045,30.0,32.4,35.6,38.0
0.00030460000000000003,27.6,31.6,36.4,37.2
0.0003047,29.200000000000003,30.0,34.800000000000004,37.2
0.00030480000000000004,29.200000000000003,33.2,34.800000000000004,37.2
0.0003049,26.0,32.4,36.4,38.0
0.00030500000000000004,30.8,31.6,35.6,36.4
0.0003051,29.200000000000003,32.4,35.6,37.2
0.00030520000000000005,27.6,32.4,34.800000000000004,36.4
0.0003053,28.400000000000002,32.4,37.2,37.2
0.00030539999999999994,26.8,30.8,36.4,37.2
0.0003055,27.6,32.4,37.2,38.0
0.00030559999999999995,29.200000000000003,33.2,34.0,37.2
0.0003057,29.200000000000003,32.4,35.6,38.0
0.00030579999999999995,28.400000000000002,33.2,36.4,35.6
0.0003059,27.6,34.0,32.4,34.0
0.00030599999999999996,28.400000000000002,30.8,34.800000000000004,34.0
0.0003061,28.400000000000002,31.6,36.4,35.6
0.00030619999999999996,29.200000000000003,32.4,35.6,36.4
0.0003063,30.8,31.6,34.800000000000004,34.800000000000004
0.00030639999999999997,30.0,31.6,34.800000000000004,36.4
0.0003065,27.6,30.0,31.6,37.2
0.00030659999999999997,26.0,30.0,34.800000000000004,37.2
0.00030670000000000003,30.0,31.6,35.6,34.0
0.0003068,27.6,34.800000000000004,34.800000000000004,38.800000000000004
0.00030690000000000003,26.8,31.6,34.0,38.0
0.000307,26.0,30.0,31.6,34.0
0.00030710000000000004,27.6,30.8,34.800000000000004,34.0
0.0003072,27.6,30.8,36.4,36.4
0.00030730000000000004,26.0,30.8,34.800000000000004,37.2
0.0003074,28.400000000000002,32.4,34.800000000000004,37.2
0.00030750000000000005,28.400000000000002,32.4,34.800000000000004,34.0
0.0003076,29.200000000000003,31.6,34.800000000000004,34.0
0.00030769999999999994,28.400000000000002,33.2,34.800000000000004,34.800000000000004
0.0003078,26.0,30.8,31.6,37.2
0.00030789999999999995,27.6,31.6,36.4,34.800000000000004
0.000308,25.200000000000003,33.2,34.0,34.0
0.00030809999999999995,30.8,30.8,34.0,33.2
0.0003082,26.8,30.0,33.2,34.800000000000004
0.00030829999999999996,27.6,31.6,32.4,34.800000000000004
0.0003084,28.400000000000002,30.0,32.4,34.800000000000004
0.00030849999999999996,26.8,28.400000000000002,34.0,34.0
0.0003086,27.6,32.4,34.0,34.800000000000004
0.00030869999999999997,28.400000000000002,30.8,33.2,35.6
0.0003088,26.8,30.0,34.0,35.6
0.0003089,26.0,30.0,34.800000000000004,35.6
0.00030900000000000003,26.8,30.0,34.800000000000004,34.0
0.0003091,27.6,30.0,34.800000000000004,34.800000000000004
0.00030920000000000003,26.0,29.200000000000003,33.2,34.800000000000004
0.0003093,25.200000000000003,30.8,34.0,33.2
0.00030940000000000004,27.6,33.2,32.4,34.0
0.0003095,26.8,27.6,32.4,34.0
0.00030960000000000004,24.400000000000002,29.200000000000003,35.6,34.0
0.0003097,28.400000000000002,30.0,35.6,34.800000000000004
0.00030979999999999994,26.8,30.0,33.2,34.800000000000004
0.0003099,26.0,30.0,33.2,34.800000000000004
0.00030999999999999995,29.200000000000003,30.0,33.2,34.0
0.0003101,28.400000000000002,30.0,33.2,34.800000000000004
0.00031019999999999995,25.200000000000003,28.400000000000002,32.4,34.800000000000004
0.0003103,26.8,27.6,34.0,34.0
0.00031039999999999996,26.0,26.8,33.2,34.800000000000004
0.0003105,27.6,31.6,34.0,35.6
0.00031059999999999996,24.400000000000002,28.400000000000002,32.4,36.4
0.0003107,25.200000000000003,30.0,30.0,35.6
0.00031079999999999997,24.400000000000002,32.4,36.4,33.2
0.0003109,27.6,29.200000000000003,31.6,37.2
0.00031099999999999997,28.400000000000002,31.6,37.2,33.2
0.0003111,26.8,30.0,33.2,34.800000000000004
0.0003112,26.8,30.0,35.6,34.0
0.00031130000000000003,26.8,26.0,33.2,36.4
0.0003114,24.400000000000002,29.200000000000003,33.2,34.0
0.00031150000000000004,26.8,29.200000000000003,35.6,34.800000000000004
0.0003116,26.0,29.200000000000003,34.0,34.0
0.00031170000000000004,26.0,29.200000000000003,35.6,33.2
0.0003118,25.200000000000003,29.200000000000003,32.4,33.2
0.00031190000000000005,25.200000000000003,30.0,33.2,34.800000000000004
0.000312,25.200000000000003,30.0,30.8,34.0
0.00031209999999999994,25.200000000000003,26.8,33.2,34.0
0.0003122,26.8,28.400000000000002,32.4,30.8
0.00031229999999999995,24.400000000000002,29.200000000000003,30.0,34.0
0.0003124,24.400000000000002,30.0,34.0,34.0
0.00031249999999999995,26.0,30.0,37.2,35.6
0.0003126,25.200000000000003,29.200000000000003,33.2,34.0
0.00031269999999999996,23.6,29.200000000000003,31.6,34.800000000000004
0.0003128,25.200000000000003,28.400000000000002,31.6,35.6
0.00031289999999999996,23.6,26.8,31.6,33.2
0.000313,24.400000000000002,27.6,32.4,33.2
0.00031309999999999997,22.8,28.400000000000002,31.6,35.6
0.0003132,24.400000000000002,26.0,32.4,34.800000000000004
0.00031329999999999997,26.0,26.8,33.2,34.0
0.00031340000000000003,24.400000000000002,26.8,32.4,31.6
0.0003135,26.0,28.400000000000002,31.6,34.0
0.00031360000000000003,22.8,25.200000000000003,34.0,31.6
0.0003137,25.200000000000003,27.6,32.4,34.0
0.00031380000000000004,23.6,27.6,33.2,34.0
0.0003139,26.8,27.6,32.4,34.0
0.00031400000000000004,23.6,29.200000000000003,30.0,33.2
0.0003141,25.200000000000003,26.0,30.0,32.4
0.00031420000000000005,22.0,29.200000000000003,31.6,33.2
0.0003143,22.8,27.6,32.4,33.2
0.00031439999999999994,22.8,28.400000000000002,30.0,35.6
0.0003145,22.0,26.8,31.6,31.6
0.00031459999999999995,22.0,26.8,33.2,31.6
0.0003147,26.0,25.200000000000003,31.6,30.8
0.00031479999999999995,22.8,26.8,33.2,32.4
0.0003149,22.0,28.400000000000002,33.2,33.2
0.00031499999999999996,24.400000000000002,28.400000000000002,30.8,33.2
0.0003151,25.200000000000003,28.400000000000002,30.8,30.8
0.00031519999999999996,22.8,26.8,29.200000000000003,32.4
0.0003153,22.8,29.200000000000003,30.8,33.2
0.00031539999999999997,26.0,28.400000000000002,30.0,31.6
0.0003155,23.6,30.8,32.4,33.2
0.0003156,22.0,26.8,30.8,34.800000000000004
0.00031570000000000003,22.8,26.8,31.6,34.800000000000004
0.0003158,23.6,29.200000000000003,30.0,34.0
0.00031590000000000003,25.200000000000003,26.0,30.8,33.2
0.000316,22.8,26.0,29.200000000000003,31.6
0.00031610000000000004,24.400000000000002,27.6,30.0,30.0
0.0003162,22.8,24.400000000000002,26.8,33.2
0.00031630000000000004,23.6,25.200000000000003,31.6,34.0
0.0003164,21.200000000000003,26.0,30.8,31.6
0.00031649999999999994,22.8,26.0,34.800000000000004,31.6
0.0003166,21.200000000000003,27.6,29.200000000000003,31.6
0.00031669999999999995,22.8,26.0,28.400000000000002,31.6
0.0003168,22.0,25.200000000000003,30.8,28.400000000000002
0.00031689999999999995,23.6,28.400000000000002,30.0,32.4
0.000317,23.6,28.400000000000002,30.0,31.6
0.00031709999999999996,22.8,26.8,30.0,32.4
0.0003172,25.200000000000003,26.0,32.4,34.0
0.00031729999999999996,22.0,27.6,30.0,32.4
0.0003174,24.400000000000002,24.400000000000002,27.6,31.6
0.00031749999999999997,22.0,25.200000000000003,30.0,32.4
0.0003176,22.0,26.8,30.8,32.4
0.00031769999999999997,20.400000000000002,26.8,30.0,33.2
0.0003178,21.200000000000003,27.6,30.8,32.4
0.0003179,20.400000000000002,25.200000000000003,32.4,31.6
0.00031800000000000003,23.6,24.400000000000002,30.8,31.6
0.0003181,21.200000000000003,22.8,29.200000000000003,30.0
0.00031820000000000004,22.8,26.0,28.400000000000002,31.6
0.0003183,20.400000000000002,28.400000000000002,32.4,33.2
0.00031840000000000004,23.6,26.0,30.0,32.4
0.0003185,24.400000000000002,26.0,28.400000000000002,33.2
0.00031860000000000005,22.8,23.6,30.0,32.4
0.0003187,20.400000000000002,25.200000000000003,30.0,33.2
0.00031879999999999994,20.400000000000002,24.400000000000002,28.400000000000002,32.4
0.0003189,22.0,23.6,32.4,29.200000000000003
0.00031899999999999995,22.0,26.8,29.200000000000003,32.4
0.0003191,22.0,26.0,29.200000000000003,30.0
0.00031919999999999995,22.8,24.400000000000002,26.0,31.6
0.0003193,22.0,25.200000000000003,30.8,30.0
0.00031939999999999996,22.0,24.400000000000002,29.200000000000003,31.6
0.0003195,22.0,25.200000000000003,30.0,31.6
0.00031959999999999996,22.8,24.400000000000002,30.8,30.8
0.0003197,21.200000000000003,24.400000000000002,30.0,30.0
0.00031979999999999997,23.6,23.6,30.0,32.4
0.0003199,22.8,26.8,28.400000000000002,30.8
0.00031999999999999997,20.400000000000002,26.0,28.400000000000002,32.4
0.00032010000000000003,22.0,25.200000000000003,26.8,30.0
0.0003202,21.200000000000003,24.400000000000002,30.0,31.6
0.00032030000000000003,21.200000000000003,25.200000000000003,29.200000000000003,30.8
0.0003204,20.400000000000002,23.6,26.8,31.6
0.00032050000000000004,21.200000000000003,26.8,28.400000000000002,32.4
0.0003206,22.0,25.200000000000003,29.200000000000003,30.8
0.00032070000000000004,22.0,25.200000000000003,28.400000000000002,30.8
0.0003208,22.0,26.8,29.200000000000003,30.0
0.00032090000000000005,22.0,26.0,29.200000000000003,30.0
0.000321,22.0,25.200000000000003,26.8,30.0
0.00032109999999999994,20.400000000000002,25.200000000000003,30.0,31.6
0.0003212,19.6,22.8,28.400000000000002,27.6
0.00032129999999999995,22.0,22.0,28.400000000000002,33.2
0.0003214,21.200000000000003,22.8,28.400000000000002,30.8
0.00032149999999999995,18.8,26.0,28.400000000000002,30.8
0.0003216,20.400000000000002,25.200000000000003,30.0,30.8
0.00032169999999999996,19.6,22.0,29.200000000000003,30.8
0.0003218,21.200000000000003,26.8,30.0,32.4
0.00032189999999999996,18.8,26.0,29.200000000000003,30.0
0.000322,21.200000000000003,25.200000000000003,29.200000000000003,27.6
0.00032209999999999997,19.6,25.200000000000003,26.8,29.200000000000003
0.0003222,20.400000000000002,23.6,30.0,30.0
0.0003223,21.200000000000003,22.8,28.400000000000002,31.6
0.00032240000000000003,22.0,25.200000000000003,28.400000000000002,32.4
0.0003225,18.0,24.400000000000002,28.400000000000002,30.0
0.00032260000000000004,23.6,23.6,32.4,33.2
0.0003227,18.8,22.8,30.0,27.6
0.00032280000000000004,18.0,23.6,26.8,30.8
0.0003229,20.400000000000002,22.8,28.400000000000002,30.8
0.00032300000000000004,18.0,24.400000000000002,30.0,30.8
0.0003231,20.400000000000002,24.400000000000002,26.0,31.6
0.00032319999999999994,19.6,22.0,27.6,29.200000000000003
0.0003233,19.6,26.0,27.6,29.200000000000003
0.00032339999999999995,22.0,23.6,28.400000000000002,30.0
0.0003235,18.8,25.200000000000003,25.200000000000003,28.400000000000002
0.00032359999999999995,18.8,25.200000000000003,27.6,30.8
0.0003237,22.0,24.400000000000002,28.400000000000002,29.200000000000003
0.00032379999999999996,18.8,24.400000000000002,28.400000000000002,30.0
0.0003239,19.6,24.400000000000002,27.6,32.4
0.00032399999999999996,18.8,22.8,27.6,31.6
0.0003241,19.6,25.200000000000003,26.8,31.6
0.00032419999999999997,20.400000000000002,22.8,26.8,30.8
0.0003243,20.400000000000002,24.400000000000002,28.400000000000002,32.4
0.00032439999999999997,20.400000000000002,22.8,28.400000000000002,28.400000000000002
0.00032450000000000003,22.0,23.6,27.6,29.200000000000003
0.0003246,19.6,24.400000000000002,28.400000000000002,26.8
0.00032470000000000003,18.0,22.0,27.6,30.0
0.0003248,19.6,22.8,29.200000000000003,28.400000000000002
0.00032490000000000004,18.0,22.8,27.6,30.0
0.000325,20.400000000000002,22.8,26.0,30.0
0.00032510000000000004,19.6,22.8,29.200000000000003,31.6
0.0003252,20.400000000000002,25.200000000000003,30.0,29.200000000000003
0.00032530000000000005,18.8,23.6,27.6,27.6
0.0003254,20.400000000000002,22.8,26.0,28.400000000000002
0.00032549999999999994,20.400000000000002,26.0,27.6,27.6
0.0003256,20.400000000000002,21.200000000000003,26.8,28.400000000000002
0.00032569999999999995,20.400000000000002,22.0,27.6,29.200000000000003
0.0003258,17.2,24.400000000000002,27.6,29.200000000000003
0.00032589999999999995,19.6,24.400000000000002,27.6,29.200000000000003
0.000326,17.2,25.200000000000003,26.0,28.400000000000002
0.00032609999999999996,17.2,23.6,26.8,30.8
0.0003262,18.0,22.8,27.6,28.400000000000002
0.00032629999999999996,18.8,22.8,27.6,31.6
0.0003264,20.400000000000002,23.6,28.400000000000002,29.200000000000003
0.00032649999999999997,22.0,22.8,27.6,30.0
0.0003266,19.6,22.8,29.200000000000003,30.0
0.00032669999999999997,16.400000000000002,22.8,27.6,28.400000000000002
0.00032680000000000003,18.8,20.400000000000002,26.8,26.8
0.0003269,18.8,26.0,28.400000000000002,30.0
0.00032700000000000003,19.6,20.400000000000002,27.6,29.200000000000003
0.0003271,21.200000000000003,21.200000000000003,26.0,29.200000000000003
0.00032720000000000004,18.8,22.8,26.0,30.0
0.0003273,18.8,22.0,27.6,30.0
0.00032740000000000004,19.6,25.200000000000003,27.6,29.200000000000003
0.0003275,18.8,22.8,26.0,30.8
0.00032759999999999994,21.200000000000003,22.0,25.200000000000003,31.6
0.0003277,19.6,21.200000000000003,29.200000000000003,26.8
0.00032779999999999994,19.6,22.8,26.0,27.6
0.0003279,18.0,21.200000000000003,29.200000000000003,30.0
0.00032799999999999995,18.0,23.6,27.6,30.0
0.0003281,19.6,22.0,26.8,31.6
0.00032819999999999995,18.0,23.6,27.6,28.400000000000002
0.0003283,18.0,24.400000000000002,30.0,29.200000000000003
0.00032839999999999996,18.8,22.8,30.0,27.6
0.0003285,17.2,24.400000000000002,28.400000000000002,27.6
0.00032859999999999996,21.200000000000003,22.8,28.400000000000002,28.400000000000002
0.0003287,22.0,24.400000000000002,26.8,30.0
0.00032879999999999997,18.0,21.200000000000003,28.400000000000002,30.0
0.0003289,16.400000000000002,22.8,25.200000000000003,29.200000000000003
0.000329,17.2,22.8,25.200000000000003,30.8
0.00032910000000000003,19.6,22.8,27.6,28.400000000000002
0.0003292,19.6,18.8,29.200000000000003,29.200000000000003
0.00032930000000000004,19.6,22.0,26.0,30.8
0.0003294,19.6,21.200000000000003,26.8,27.6
0.00032950000000000004,17.2,23.6,26.8,30.8
0.0003296,18.0,21.200000000000003,26.8,28.400000000000002
0.00032970000000000005,18.8,23.6,28.400000000000002,27.6
0.0003298,18.8,22.8,24.400000000000002,30.0
0.00032989999999999994,19.6,21.200000000000003,27.6,30.8
0.00033,19.6,22.8,26.0,28.400000000000002
0.00033009999999999995,20.400000000000002,22.8,28.400000000000002,30.0
0.0003302,20.400000000000002,23.6,26.8,30.0
0.00033029999999999995,20.400000000000002,20.400000000000002,25.200000000000003,27.6
0.0003304,18.8,23.6,28.400000000000002,28.400000000000002
0.00033049999999999996,17.2,23.6,26.0,27.6
0.0003306,20.400000000000002,20.400000000000002,23.6,29.200000000000003
0.00033069999999999996,15.600000000000001,21.200000000000003,26.0,30.0
0.0003308,18.8,21.200000000000003,26.0,27.6
0.00033089999999999997,18.0,22.8,26.8,28.400000000000002
0.000331,18.0,20.400000000000002,24.400000000000002,27.6
0.00033109999999999997,19.6,20.400000000000002,28.400000000000002,29.200000000000003
0.00033120000000000003,19.6,20.400000000000002,26.8,29.200000000000003
0.0003313,20.400000000000002,21.200000000000003,25.200000000000003,28.400000000000002
0.00033140000000000003,17.2,20.400000000000002,25.200000000000003,26.8
0.0003315,20.400000000000002,22.8,27.6,30.0
0.00033160000000000004,17.2,21.200000000000003,26.0,26.8
0.0003317,18.0,21.200000000000003,27.6,26.8
0.00033180000000000004,17.2,22.0,26.8,30.8
0.0003319,17.2,18.8,27.6,30.8
0.00033200000000000005,17.2,22.0,26.8,26.8
0.0003321,18.8,22.0,28.400000000000002,28.400000000000002
0.00033219999999999994,20.400000000000002,22.0,24.400000000000002,30.0
0.0003323,18.8,21.200000000000003,26.0,27.6
0.00033239999999999995,18.8,22.8,25.200000000000003,29.200000000000003
0.0003325,18.0,22.0,26.0,30.0
0.00033259999999999995,17.2,22.0,26.0,30.8
0.0003327,18.0,22.0,26.0,28.400000000000002
0.00033279999999999996,19.6,21.200000000000003,26.0,27.6
0.0003329,18.0,22.0,26.0,31.6
0.00033299999999999996,18.0,22.0,27.6,29.200000000000003
0.0003331,18.8,21.200000000000003,26.0,30.0
0.00033319999999999997,20.400000000000002,22.0,26.0,26.8
0.0003333,18.8,22.0,28.400000000000002,28.400000000000002
0.00033339999999999997,17.2,22.0,27.6,27.6
0.00033350000000000003,18.8,22.0,25.200000000000003,29.200000000000003
0.0003336,18.0,21.200000000000003,26.0,27.6
0.00033370000000000003,19.6,22.0,24.400000000000002,26.8
0.0003338,18.8,21.200000000000003,28.400000000000002,29.200000000000003
0.00033390000000000004,17.2,22.8,25.200000000000003,26.8
0.000334,16.400000000000002,20.400000000000002,26.0,30.0
0.00033410000000000004,17.2,20.400000000000002,26.8,29.200000000000003
0.0003342,18.8,19.6,26.8,30.0
0.00033429999999999994,18.8,22.0,27.6,30.0
0.0003344,14.8,19.6,26.8,28.400000000000002
0.00033449999999999994,19.6,19.6,26.0,27.6
0.0003346,16.400000000000002,22.8,26.8,28.400000000000002
0.00033469999999999995,16.400000000000002,19.6,25.200000000000003,30.8
0.0003348,18.8,21.200000000000003,26.8,28.400000000000002
0.00033489999999999995,19.6,22.8,25.200000000000003,27.6
0.000335,19.6,21.200000000000003,24.400000000000002,30.0
0.00033509999999999996,17.2,22.8,25.200000000000003,30.0
0.0003352,19.6,20.400000000000002,24.400000000000002,26.8
0.00033529999999999996,15.600000000000001,21.200000000000003,26.8,30.0
0.0003354,17.2,19.6,26.8,29.200000000000003
0.00033549999999999997,19.6,19.6,26.0,26.8
0.0003356,17.2,22.0,27.6,27.6
0.0003357,18.0,21.200000000000003,26.8,26.8
0.00033580000000000003,18.8,21.200000000000003,25.200000000000003,26.0
0.0003359,17.2,20.400000000000002,25.200000000000003,30.0
0.00033600000000000004,19.6,20.400000000000002,27.6,28.400000000000002
0.0003361,18.0,20.400000000000002,25.200000000000003,26.8
0.00033620000000000004,19.6,21.200000000000003,25.200000000000003,29.200000000000003
0.0003363,19.6,22.0,26.8,28.400000000000002
0.00033640000000000005,17.2,18.8,23.6,27.6
0.0003365,18.0,21.200000000000003,27.6,26.0
0.00033659999999999994,16.400000000000002,22.8,26.8,23.6
0.0003367,18.8,20.400000000000002,26.8,23.6
0.00033679999999999995,15.600000000000001,22.8,29.200000000000003,28.400000000000002
0.0003369,19.6,18.8,26.0,27.6
0.00033699999999999995,17.2,20.400000000000002,26.0,28.400000000000002
0.0003371,18.0,22.8,26.0,29.200000000000003
0.00033719999999999996,18.0,20.400000000000002,23.6,32.4
0.0003373,18.0,20.400000000000002,28.400000000000002,26.8
0.00033739999999999996,18.8,18.8,24.400000000000002,29.200000000000003
0.0003375,18.0,20.400000000000002,26.8,27.6
0.00033759999999999997,16.400000000000002,22.0,27.6,26.0
0.0003377,14.0,19.6,25.200000000000003,26.8
0.00033779999999999997,18.0,19.6,27.6,27.6
0.00033790000000000003,17.2,22.0,24.400000000000002,26.8
0.000338,15.600000000000001,19.6,26.0,29.200000000000003
0.00033810000000000003,18.8,20.400000000000002,26.8,28.400000000000002
0.0003382,15.600000000000001,20.400000000000002,24.400000000000002,26.8
0.00033830000000000004,17.2,21.200000000000003,26.0,28.400000000000002
0.0003384,18.0,22.0,23.6,29.200000000000003
0.00033850000000000004,15.600000000000001,22.0,26.8,26.8
0.0003386,15.600000000000001,19.6,25.200000000000003,27.6
0.00033870000000000005,18.0,21.200000000000003,24.400000000000002,27.6
0.0003388,17.2,19.6,25.200000000000003,27.6
0.00033889999999999994,17.2,19.6,26.0,29.200000000000003
0.000339,17.2,22.8,26.8,28.400000000000002
0.00033909999999999995,18.8,19.6,27.6,26.8
0.0003392,18.0,19.6,26.0,26.8
0.00033929999999999995,17.2,19.6,22.0,30.0
0.0003394,17.2,19.6,26.0,29.200000000000003
0.00033949999999999996,17.2,22.0,25.200000000000003,28.400000000000002
0.0003396,18.0,20.400000000000002,25.200000000000003,28.400000000000002
0.00033969999999999996,17.2,19.6,23.6,29.200000000000003
0.0003398,18.8,20.400000000000002,25.200000000000003,26.8
0.00033989999999999997,14.0,19.6,24.400000000000002,29.200000000000003
0.00034,17.2,20.400000000000002,26.0,29.200000000000003
0.00034009999999999997,18.0,19.6,26.0,28.400000000000002
0.00034020000000000003,18.0,20.400000000000002,26.8,28.400000000000002
0.0003403,16.400000000000002,19.6,26.0,28.400000000000002
0.00034040000000000003,18.8,21.200000000000003,25.200000000000003,29.200000000000003
0.0003405,16.400000000000002,24.400000000000002,26.0,26.8
0.00034060000000000004,15.600000000000001,21.200000000000003,26.8,26.0
0.0003407,17.2,19.6,26.8,27.6
0.00034080000000000004,17.2,20.400000000000002,26.8,28.400000000000002
0.0003409,15.600000000000001,20.400000000000002,26.8,28.400000000000002
0.00034099999999999994,17.2,23.6,25.200000000000003,29.200000000000003
0.0003411,14.8,21.200000000000003,26.0,27.6
0.00034119999999999995,15.600000000000001,20.400000000000002,26.8,26.0
0.0003413,17.2,20.400000000000002,26.0,30.0
0.00034139999999999995,15.600000000000001,20.400000000000002,22.8,26.0
0.0003415,17.2,20.400000000000002,26.0,28.400000000000002
0.00034159999999999995,18.8,19.6,26.8,29.200000000000003
0.0003417,16.400000000000002,21.200000000000003,27.6,27.6
0.00034179999999999996,16.400000000000002,19.6,26.0,26.0
0.0003419,18.8,20.400000000000002,26.0,27.6
0.00034199999999999996,15.600000000000001,20.400000000000002,25.200000000000003,26.8
0.0003421,15.600000000000001,22.0,25.200000000000003,28.400000000000002
0.00034219999999999997,18.0,18.8,25.200000000000003,26.8
0.0003423,18.0,20.400000000000002,25.200000000000003,28.400000000000002
0.0003424,18.0,19.6,24.400000000000002,28.400000000000002
0.00034250000000000003,17.2,20.400000000000002,25.200000000000003,29.200000000000003
0.0003426,18.0,20.400000000000002,26.8,26.8
0.00034270000000000004,18.0,20.400000000000002,26.0,26.8
0.0003428,17.2,21.200000000000003,24.400000000000002,26.8
0.00034290000000000004,18.8,21.200000000000003,26.0,26.8
0.000343,15.600000000000001,22.0,23.6,28.400000000000002
0.00034310000000000005,20.400000000000002,21.200000000000003,25.200000000000003,27.6
0.0003432,18.8,21.200000000000003,23.6,26.8
0.00034329999999999994,17.2,20.400000000000002,25.200000000000003,30.0
0.0003434,17.2,20.400000000000002,24.400000000000002,28.400000000000002
0.00034349999999999995,15.600000000000001,19.6,24.400000000000002,28.400000000000002
0.0003436,17.2,21.200000000000003,25.200000000000003,28.400000000000002
0.00034369999999999995,16.400000000000002,21.200000000000003,25.200000000000003,27.6
0.0003438,18.8,21.200000000000003,25.200000000000003,27.6
0.00034389999999999996,19.6,20.400000000000002,22.8,27.6
0.000344,16.400000000000002,22.0,24.400000000000002,28.400000000000002
0.00034409999999999996,18.8,20.400000000000002,26.0,27.6
0.0003442,15.600000000000001,20.400000000000002,25.200000000000003,27.6
0.00034429999999999997,17.2,20.400000000000002,26.8,27.6
0.0003444,17.2,20.400000000000002,26.8,26.0
0.00034449999999999997,14.8,21.200000000000003,24.400000000000002,28.400000000000002
0.00034460000000000003,17.2,21.200000000000003,24.400000000000002,26.0
0.0003447,15.600000000000001,19.6,26.0,25.200000000000003
0.00034480000000000003,16.400000000000002,18.0,25.200000000000003,27.6
0.0003449,18.8,23.6,26.8,27.6
0.00034500000000000004,18.0,22.0,26.0,26.0
0.0003451,16.400000000000002,19.6,25.200000000000003,28.400000000000002
0.00034520000000000004,17.2,21.200000000000003,23.6,26.8
0.0003453,17.2,20.400000000000002,26.8,24.400000000000002
0.00034539999999999994,16.400000000000002,18.8,27.6,27.6
0.0003455,18.0,20.400000000000002,26.0,26.0
0.00034559999999999994,16.400000000000002,18.8,26.8,28.400000000000002
0.0003457,15.600000000000001,19.6,24.400000000000002,29.200000000000003
0.00034579999999999995,17.2,20.400000000000002,27.6,25.200000000000003
0.0003459,18.0,20.400000000000002,24.400000000000002,26.0
0.00034599999999999995,17.2,21.200000000000003,26.8,27.6
0.0003461,17.2,20.400000000000002,26.0,27.6
0.00034619999999999996,16.400000000000002,22.8,25.200000000000003,26.0
0.0003463,14.0,20.400000000000002,26.8,28.400000000000002
0.00034639999999999996,17.2,20.400000000000002,27.6,27.6
0.0003465,18.0,19.6,25.200000000000003,26.0
0.00034659999999999997,17.2,18.8,26.8,26.8
0.0003467,14.8,22.0,22.8,26.0
0.00034679999999999997,18.8,20.400000000000002,26.0,26.8
0.00034690000000000003,17.2,22.0,23.6,26.8
0.000347,17.2,20.400000000000002,23.6,30.0
0.00034710000000000003,18.0,19.6,25.200000000000003,26.8
0.0003472,16.400000000000002,20.400000000000002,24.400000000000002,27.6
0.00034730000000000004,17.2,20.400000000000002,26.0,25.200000000000003
0.0003474,18.0,20.400000000000002,25.200000000000003,26.0
0.00034750000000000004,17.2,19.6,22.8,26.8
0.0003476,18.0,21.200000000000003,26.0,30.0
0.00034769999999999994,18.0,20.400000000000002,24.400000000000002,26.0
0.0003478,17.2,21.200000000000003,23.6,25.200000000000003
0.00034789999999999995,16.400000000000002,19.6,26.8,25.200000000000003
0.000348,18.0,18.8,25.200000000000003,28.400000000000002
0.00034809999999999995,18.8,21.200000000000003,24.400000000000002,28.400000000000002
0.0003482,18.0,18.8,24.400000000000002,26.8
0.00034829999999999996,17.2,20.400000000000002,25.200000000000003,27.6
0.0003484,15.600000000000001,19.6,24.400000000000002,27.6
0.00034849999999999996,17.2,21.200000000000003,24.400000000000002,25.200000000000003
0.0003486,15.600000000000001,18.0,24.400000000000002,25.200000000000003
0.00034869999999999996,16.400000000000002,19.6,26.0,26.8
0.0003488,14.8,21.200000000000003,26.0,27.6
0.00034889999999999997,17.2,19.6,23.6,26.8
0.000349,19.6,22.8,24.400000000000002,28.400000000000002
0.0003491,18.8,19.6,25.200000000000003,28.400000000000002
0.00034920000000000003,14.8,19.6,26.0,27.6
0.0003493,15.600000000000001,21.200000000000003,23.6,26.0
0.00034940000000000004,15.600000000000001,18.0,22.8,26.8
0.0003495,18.0,18.8,26.8,28.400000000000002
0.00034960000000000004,16.400000000000002,19.6,25.200000000000003,28.400000000000002
0.0003497,18.8,19.6,24.400000000000002,26.0
0.00034980000000000005,14.8,18.8,26.8,26.0
0.0003499,16.400000000000002,20.400000000000002,24.400000000000002,25.200000000000003
0.00034999999999999994,16.400000000000002,20.400000000000002,26.8,28.400000000000002
0.0003501,18.0,19.6,24.400000000000002,30.0
0.00035019999999999995,17.2,21.200000000000003,25.200000000000003,27.6
0.0003503,14.0,21.200000000000003,26.0,28.400000000000002
0.00035039999999999995,17.2,19.6,28.400000000000002,29.200000000000003
0.0003505,18.0,19.6,22.8,26.8
0.00035059999999999996,16.400000000000002,18.0,24.400000000000002,26.0
0.0003507,17.2,19.6,25.200000000000003,26.8
0.00035079999999999996,14.0,21.200000000000003,22.8,26.8
0.0003509,16.400000000000002,20.400000000000002,25.200000000000003,26.8
0.00035099999999999997,15.600000000000001,20.400000000000002,22.8,29.200000000000003
0.0003511,16.400000000000002,20.400000000000002,25.200000000000003,28.400000000000002
0.00035119999999999997,16.400000000000002,18.8,23.6,28.400000000000002
0.00035130000000000003,14.8,19.6,24.400000000000002,27.6
0.0003514,14.0,19.6,25.200000000000003,26.8
0.00035150000000000003,18.0,20.400000000000002,22.8,26.8
0.0003516,15.600000000000001,20.400000000000002,25.200000000000003,27.6
0.00035170000000000004,14.0,19.6,26.0,28.400000000000002
0.0003518,14.8,19.6,22.8,27.6
0.00035190000000000004,16.400000000000002,21.200000000000003,23.6,25.200000000000003
0.000352,14.0,22.0,26.0,26.0
0.00035209999999999994,14.8,20.400000000000002,24.400000000000002,27.6
0.0003522,14.8,21.200000000000003,26.0,28.400000000000002
0.00035229999999999994,18.0,20.400000000000002,26.8,29.200000000000003
0.0003524,16.400000000000002,19.6,25.200000000000003,26.8
0.00035249999999999995,16.400000000000002,18.8,25.200000000000003,25.200000000000003
0.0003526,18.8,19.6,23.6,25.200000000000003
0.00035269999999999995,14.8,20.400000000000002,22.8,31.6
0.0003528,18.8,20.400000000000002,23.6,28.400000000000002
0.00035289999999999996,15.600000000000001,19.6,24.400000000000002,26.8
0.000353,15.600000000000001,19.6,24.400000000000002,28.400000000000002
0.00035309999999999996,16.400000000000002,22.0,26.0,30.0
0.0003532,14.0,18.8,26.8,27.6
0.00035329999999999997,16.400000000000002,20.400000000000002,24.400000000000002,26.8
0.0003534,15.600000000000001,19.6,27.6,24.400000000000002
0.0003535,16.400000000000002,18.0,26.0,28.400000000000002
0.00035360000000000003,16.400000000000002,20.400000000000002,24.400000000000002,26.8
0.0003537,16.400000000000002,18.8,24.400000000000002,26.8
0.00035380000000000003,16.400000000000002,19.6,24.400000000000002,26.8
0.0003539,15.600000000000001,20.400000000000002,22.0,26.8
0.00035400000000000004,15.600000000000001,19.6,23.6,25.200000000000003
0.0003541,15.600000000000001,20.400000000000002,26.0,25.200000000000003
0.00035420000000000004,15.600000000000001,20.400000000000002,24.400000000000002,27.6
0.0003543,16.400000000000002,20.400000000000002,24.400000000000002,29.200000000000003
0.00035439999999999994,19.6,19.6,25.200000000000003,26.8
0.0003545,15.600000000000001,22.0,26.8,26.0
0.00035459999999999995,15.600000000000001,19.6,27.6,27.6
0.0003547,16.400000000000002,19.6,26.0,26.0
0.00035479999999999995,15.600000000000001,18.8,22.8,28.400000000000002
0.0003549,13.200000000000001,19.6,22.0,26.8
0.00035499999999999996,18.0,19.6,25.200000000000003,28.400000000000002
0.0003551,18.0,22.8,25.200000000000003,27.6
0.00035519999999999996,16.400000000000002,20.400000000000002,26.8,26.8
0.0003553,16.400000000000002,22.0,25.200000000000003,27.6
0.00035539999999999997,18.8,19.6,26.8,23.6
0.0003555,14.8,20.400000000000002,22.8,27.6
0.00035559999999999997,17.2,19.6,24.400000000000002,29.200000000000003
0.0003557,16.400000000000002,19.6,23.6,25.200000000000003
0.0003558,16.400000000000002,18.8,22.8,26.0
0.00035590000000000003,16.400000000000002,22.0,22.8,26.0
0.000356,15.600000000000001,20.400000000000002,25.200000000000003,28.400000000000002
0.00035610000000000004,16.400000000000002,20.400000000000002,22.8,26.0
0.0003562,14.0,19.6,24.400000000000002,27.6
0.00035630000000000004,15.600000000000001,19.6,22.8,29.200000000000003
0.0003564,17.2,19.6,25.200000000000003,26.0
0.00035650000000000005,16.400000000000002,18.8,25.200000000000003,26.0
0.0003566,16.400000000000002,20.400000000000002,26.0,27.6
0.00035669999999999994,15.600000000000001,18.0,24.400000000000002,24.400000000000002
0.0003568,18.0,19.6,22.0,26.8
0.00035689999999999995,14.8,19.6,23.6,28.400000000000002
0.000357,14.8,20.400000000000002,25.200000000000003,24.400000000000002
0.00035709999999999995,16.400000000000002,19.6,25.200000000000003,26.0
0.0003572,15.600000000000001,18.8,24.400000000000002,26.0
0.00035729999999999996,17.2,18.0,25.200000000000003,26.8
0.0003574,18.0,19.6,23.6,25.200000000000003
0.00035749999999999996,15.600000000000001,21.200000000000003,22.8,28.400000000000002
0.0003576,16.400000000000002,18.0,26.0,29.200000000000003
0.00035769999999999997,15.600000000000001,19.6,24.400000000000002,27.6
0.0003578,16.400000000000002,18.8,25.200000000000003,26.8
0.00035789999999999997,17.2,19.6,24.400000000000002,27.6
0.00035800000000000003,17.2,19.6,26.0,26.0
0.0003581,16.400000000000002,22.0,26.0,25.200000000000003
0.00035820000000000003,16.400000000000002,19.6,27.6,28.400000000000002
0.0003583,18.8,18.0,24.400000000000002,28.400000000000002
0.00035840000000000004,18.0,21.200000000000003,23.6,26.0
0.0003585,16.400000000000002,18.8,23.6,24.400000000000002
0.00035860000000000004,17.2,19.6,25.200000000000003,27.6
0.0003587,15.600000000000001,20.400000000000002,24.400000000000002,26.8
0.00035879999999999994,16.400000000000002,18.8,23.6,26.0
0.0003589,16.400000000000002,18.0,26.0,27.6
0.00035899999999999994,14.8,19.6,26.0,29.200000000000003
0.0003591,16.400000000000002,20.400000000000002,24.400000000000002,27.6
0.00035919999999999995,14.8,20.400000000000002,25.200000000000003,23.6
0.0003593,16.400000000000002,19.6,24.400000000000002,29.200000000000003
0.00035939999999999995,16.400000000000002,20.400000000000002,23.6,26.0
0.0003595,17.2,19.6,26.8,24.400000000000002
0.00035959999999999996,14.8,21.200000000000003,24.400000000000002,26.0
0.0003597,16.400000000000002,22.8,22.0,26.0
0.00035979999999999996,15.600000000000001,20.400000000000002,23.6,26.8
0.0003599,15.600000000000001,17.2,22.8,26.0
0.00035999999999999997,17.2,21.200000000000003,25.200000000000003,27.6
0.0003601,17.2,20.400000000000002,24.400000000000002,26.0
0.0003602,15.600000000000001,19.6,24.400000000000002,28.400000000000002
0.00036030000000000003,15.600000000000001,19.6,24.400000000000002,26.0
0.0003604,17.2,18.8,22.8,26.8
0.00036050000000000003,15.600000000000001,20.400000000000002,24.400000000000002,25.200000000000003
0.0003606,15.600000000000001,20.400000000000002,23.6,26.0
0.00036070000000000004,14.0,20.400000000000002,24.400000000000002,24.400000000000002
0.0003608,16.400000000000002,17.2,23.6,25.200000000000003
0.00036090000000000004,18.0,18.0,25.200000000000003,25.200000000000003
0.000361,17.2,20.400000000000002,25.200000000000003,27.6
0.00036109999999999994,13.200000000000001,19.6,25.200000000000003,28.400000000000002
0.0003612,14.8,18.0,26.8,28.400000000000002
0.00036129999999999995,14.8,21.200000000000003,26.0,27.6
0.0003614,17.2,19.6,21.200000000000003,26.0
0.00036149999999999995,17.2,19.6,26.8,26.0
0.0003616,18.0,18.0,24.400000000000002,22.8
0.00036169999999999996,14.8,18.0,25.200000000000003,26.8
0.0003618,17.2,20.400000000000002,25.200000000000003,26.0
0.00036189999999999996,17.2,19.6,23.6,28.400000000000002
0.000362,18.0,19.6,22.8,26.8
0.00036209999999999997,15.600000000000001,19.6,22.8,27.6
0.0003622,14.8,20.400000000000002,22.8,25.200000000000003
0.00036229999999999997,17.2,19.6,24.400000000000002,29.200000000000003
0.0003624,16.400000000000002,19.6,24.400000000000002,25.200000000000003
0.0003625,14.0,18.0,22.0,26.8
0.00036260000000000003,14.8,21.200000000000003,24.400000000000002,25.200000000000003
0.0003627,16.400000000000002,18.8,24.400000000000002,26.8
0.00036280000000000004,16.400000000000002,19.6,23.6,25.200000000000003
0.0003629,18.0,19.6,25.200000000000003,27.6
0.00036300000000000004,17.2,19.6,23.6,26.0
0.0003631,15.600000000000001,18.8,23.6,28.400000000000002
0.00036320000000000005,14.0,18.0,24.400000000000002,26.8
0.0003633,16.400000000000002,18.8,22.8,24.400000000000002
0.00036339999999999994,14.0,18.8,25.200000000000003,26.8
0.0003635,17.2,19.6,22.0,26.8
0.00036359999999999995,13.200000000000001,18.0,23.6,26.0
0.0003637,16.400000000000002,18.8,23.6,27.6
0.00036379999999999995,14.8,17.2,23.6,26.0
0.0003639,14.8,19.6,23.6,26.8
0.00036399999999999996,14.0,18.0,23.6,25.200000000000003
0.0003641,14.8,18.8,23.6,26.8
0.00036419999999999996,17.2,18.0,26.0,28.400000000000002
0.0003643,16.400000000000002,18.8,24.400000000000002,28.400000000000002
0.00036439999999999997,16.400000000000002,18.8,23.6,28.400000000000002
0.0003645,18.0,18.8,26.0,25.200000000000003
0.00036459999999999997,16.400000000000002,18.8,26.0,28.400000000000002
0.00036470000000000003,15.600000000000001,18.0,22.0,29.200000000000003
0.0003648,12.4,19.6,24.400000000000002,29.200000000000003
0.00036490000000000003,14.8,19.6,23.6,25.200000000000003
0.000365,16.400000000000002,18.8,23.6,24.400000000000002
0.00036510000000000004,14.8,18.0,26.8,26.0
0.0003652,16.400000000000002,20.400000000000002,22.8,26.8
0.00036530000000000004,13.200000000000001,18.8,22.0,26.8
0.0003654,17.2,17.2,23.6,28.400000000000002
0.00036549999999999994,13.200000000000001,18.0,24.400000000000002,26.0
0.0003656,16.400000000000002,21.200000000000003,24.400000000000002,26.0
0.00036569999999999994,14.8,18.0,22.8,26.8
0.0003658,13.200000000000001,16.400000000000002,22.8,28.400000000000002
0.00036589999999999995,15.600000000000001,18.0,26.0,23.6
0.000366,14.8,19.6,23.6,25.200000000000003
0.00036609999999999995,14.8,19.6,23.6,26.0
0.0003662,12.4,18.8,24.400000000000002,26.8
0.00036629999999999996,14.0,18.8,25.200000000000003,26.0
0.0003664,14.8,18.0,26.8,26.0
0.00036649999999999996,14.8,19.6,24.400000000000002,26.8
0.0003666,15.600000000000001,18.8,22.0,26.0
0.00036669999999999997,18.0,18.8,26.0,27.6
0.0003668,14.8,18.8,22.0,24.400000000000002
0.0003669,15.600000000000001,19.6,21.200000000000003,27.6
0.00036700000000000003,14.0,18.8,23.6,27.6
0.0003671,14.8,18.8,24.400000000000002,27.6
0.00036720000000000004,14.0,18.0,21.200000000000003,26.8
0.0003673,15.600000000000001,20.400000000000002,24.400000000000002,25.200000000000003
0.00036740000000000004,16.400000000000002,19.6,24.400000000000002,24.400000000000002
0.0003675,14.8,19.6,22.8,26.0
0.00036760000000000004,17.2,18.8,25.200000000000003,25.200000000000003
0.0003677,16.400000000000002,17.2,23.6,26.8
0.00036779999999999994,15.600000000000001,18.8,24.400000000000002,28.400000000000002
0.0003679,17.2,19.6,22.8,26.8
0.00036799999999999995,14.8,18.0,22.8,27.6
0.0003681,16.400000000000002,18.8,23.6,27.6
0.00036819999999999995,13.200000000000001,19.6,23.6,27.6
0.0003683,14.8,18.0,21.200000000000003,22.8
0.00036839999999999996,14.8,19.6,22.0,26.8
0.0003685,18.0,16.400000000000002,21.200000000000003,26.0
0.00036859999999999996,14.0,18.0,24.400000000000002,26.8
0.0003687,17.2,18.8,25.200000000000003,25.200000000000003
0.00036879999999999997,13.200000000000001,18.8,24.400000000000002,28.400000000000002
0.0003689,18.0,18.8,23.6,25.200000000000003
0.00036899999999999997,15.600000000000001,19.6,25.200000000000003,23.6
0.0003691,14.0,19.6,25.200000000000003,26.0
0.0003692,15.600000000000001,18.0,23.6,26.8
0.00036930000000000003,14.0,21.200000000000003,23.6,24.400000000000002
0.0003694,15.600000000000001,18.8,24.400000000000002,22.8
0.00036950000000000004,14.0,18.8,24.400000000000002,25.200000000000003
0.0003696,15.600000000000001,18.0,22.8,26.0
0.00036970000000000004,14.8,19.6,21.200000000000003,26.0
0.0003698,15.600000000000001,20.400000000000002,22.8,26.8
0.00036989999999999994,14.8,18.0,23.6,27.6
0.00037,15.600000000000001,18.8,24.400000000000002,27.6
0.00037009999999999994,14.8,19.6,22.8,26.8
0.0003702,14.8,19.6,24.400000000000002,26.0
0.00037029999999999995,15.600000000000001,19.6,20.400000000000002,26.8
0.0003704,17.2,17.2,23.6,26.8
0.00037049999999999995,16.400000000000002,17.2,25.200000000000003,27.6
0.0003706,14.0,17.2,24.400000000000002,25.200000000000003
0.00037069999999999996,14.8,15.600000000000001,22.8,26.0
0.0003708,15.600000000000001,19.6,23.6,23.6
0.00037089999999999996,14.8,19.6,25.200000000000003,27.6
0.000371,15.600000000000001,19.6,24.400000000000002,26.8
0.00037109999999999997,12.4,18.0,24.400000000000002,26.8
0.0003712,14.8,17.2,23.6,25.200000000000003
0.00037129999999999997,17.2,19.6,22.0,26.8
0.00037140000000000003,14.8,20.400000000000002,22.8,26.0
0.0003715,14.8,18.0,23.6,26.0
0.00037160000000000003,14.0,19.6,22.0,27.6
0.0003717,14.0,18.8,22.8,26.0
0.00037180000000000004,17.2,18.8,25.200000000000003,26.8
0.0003719,14.0,22.0,25.200000000000003,24.400000000000002
0.00037200000000000004,12.4,18.8,25.200000000000003,24.400000000000002
0.0003721,13.200000000000001,18.8,21.200000000000003,26.0
0.00037219999999999994,14.0,18.8,22.0,26.0
0.0003723,16.400000000000002,19.6,22.8,25.200000000000003
0.00037239999999999994,14.8,18.8,22.8,26.8
0.0003725,14.0,19.6,22.8,26.0
0.00037259999999999995,13.200000000000001,17.2,21.200000000000003,26.0
0.0003727,14.0,17.2,21.200000000000003,26.0
0.00037279999999999995,14.8,19.6,22.0,25.200000000000003
0.0003729,14.0,17.2,24.400000000000002,27.6
0.00037299999999999996,14.8,17.2,23.6,26.0
0.0003731,17.2,18.0,26.0,26.8
0.00037319999999999996,17.2,18.8,23.6,26.8
0.0003733,16.400000000000002,16.400000000000002,23.6,26.0
0.00037339999999999997,16.400000000000002,19.6,25.200000000000003,26.0
0.0003735,14.8,18.8,25.200000000000003,26.0
0.0003736,17.2,18.0,23.6,25.200000000000003
0.00037370000000000003,17.2,19.6,23.6,26.0
0.0003738,15.600000000000001,19.6,22.0,24.400000000000002
0.00037390000000000004,11.600000000000001,19.6,23.6,27.6
0.000374,14.8,19.6,23.6,24.400000000000002
0.00037410000000000004,12.4,18.8,22.8,26.8
0.0003742,16.400000000000002,18.8,22.8,25.200000000000003
0.00037430000000000005,13.200000000000001,19.6,26.0,26.0
0.0003744,14.0,18.0,21.200000000000003,25.200000000000003
0.00037449999999999994,18.0,18.0,22.8,26.8
0.0003746,15.600000000000001,19.6,23.6,26.8
0.00037469999999999995,14.8,18.0,22.8,26.0
0.0003748,16.400000000000002,17.2,24.400000000000002,26.8
0.00037489999999999995,12.4,15.600000000000001,24.400000000000002,24.400000000000002
0.000375,14.0,19.6,24.400000000000002,27.6
0.00037509999999999996,15.600000000000001,19.6,22.0,24.400000000000002
0.0003752,15.600000000000001,18.8,24.400000000000002,25.200000000000003
0.00037529999999999996,14.0,17.2,22.0,26.8
0.0003754,16.400000000000002,17.2,24.400000000000002,26.0
0.00037549999999999997,15.600000000000001,17.2,22.8,26.0
0.0003756,14.0,19.6,22.0,27.6
0.00037569999999999997,16.400000000000002,18.8,23.6,26.0
0.00037580000000000003,15.600000000000001,18.0,24.400000000000002,25.200000000000003
0.0003759,17.2,18.8,24.400000000000002,26.0
0.00037600000000000003,15.600000000000001,20.400000000000002,24.400000000000002,26.0
0.0003761,16.400000000000002,18.8,24.400000000000002,24.400000000000002
0.00037620000000000004,14.8,18.8,22.8,22.8
0.0003763,14.8,19.6,22.8,25.200000000000003
0.00037640000000000004,14.8,17.2,21.200000000000003,25.200000000000003
0.0003765,14.0,17.2,22.8,25.200000000000003
0.00037659999999999994,14.8,18.8,24.400000000000002,27.6
0.0003767,14.8,18.8,22.8,26.0
0.00037679999999999994,13.200000000000001,18.8,23.6,27.6
0.0003769,16.400000000000002,18.8,22.0,25.200000000000003
0.00037699999999999995,13.200000000000001,15.600000000000001,22.0,26.8
0.0003771,14.8,15.600000000000001,22.8,25.200000000000003
0.00037719999999999995,17.2,19.6,23.6,24.400000000000002
0.0003773,14.0,18.8,22.8,26.8
0.00037739999999999996,14.8,16.400000000000002,22.0,27.6
0.0003775,14.0,18.8,22.8,26.0
0.00037759999999999996,14.8,17.2,24.400000000000002,29.200000000000003
0.0003777,14.8,18.0,22.8,25.200000000000003
0.00037779999999999997,14.0,17.2,22.8,26.0
0.0003779,14.0,16.400000000000002,23.6,28.400000000000002
0.00037799999999999997,14.8,19.6,23.6,26.8
0.00037810000000000003,15.600000000000001,18.0,25.200000000000003,26.8
0.0003782,17.2,19.6,23.6,24.400000000000002
0.00037830000000000003,14.0,19.6,23.6,26.8
0.0003784,15.600000000000001,18.0,23.6,25.200000000000003
0.00037850000000000004,15.600000000000001,18.8,23.6,25.200000000000003
0.0003786,14.8,17.2,26.8,26.0
0.00037870000000000004,15.600000000000001,19.6,26.8,26.0
0.0003788,16.400000000000002,19.6,21.200000000000003,25.200000000000003
0.00037889999999999994,13.200000000000001,18.0,22.0,25.200000000000003
0.000379,14.8,18.8,25.200000000000003,26.8
0.00037909999999999994,14.8,17.2,22.0,23.6
0.0003792,13.200000000000001,19.6,24.400000000000002,26.0
0.00037929999999999995,14.0,18.8,22.0,24.400000000000002
0.0003794,12.4,18.0,23.6,25.200000000000003
0.00037949999999999995,15.600000000000001,18.8,25.200000000000003,26.8
0.0003796,13.200000000000001,18.0,22.0,26.0
0.00037969999999999996,15.600000000000001,17.2,22.8,24.400000000000002
0.0003798,15.600000000000001,20.400000000000002,22.0,29.200000000000003
0.00037989999999999996,14.8,18.0,22.8,26.0
0.00038,14.0,18.0,22.8,24.400000000000002
0.00038009999999999997,16.400000000000002,19.6,23.6,26.0
0.0003802,15.600000000000001,18.8,25.200000000000003,22.8
0.0003803,16.400000000000002,18.8,23.6,25.200000000000003
0.00038040000000000003,14.0,18.8,23.6,25.200000000000003
0.0003805,14.0,17.2,22.0,27.6
0.00038060000000000004,14.0,17.2,20.400000000000002,26.0
0.0003807,14.8,18.0,23.6,26.0
0.00038080000000000004,13.200000000000001,17.2,23.6,26.0
0.0003809,17.2,18.8,23.6,26.0
0.00038100000000000005,14.8,19.6,22.0,26.8
0.0003811,11.600000000000001,16.400000000000002,21.200000000000003,26.0
0.00038119999999999994,15.600000000000001,17.2,22.0,26.8
0.0003813,14.8,18.8,23.6,25.200000000000003
0.00038139999999999995,14.8,18.0,22.0,26.8
0.0003815,12.4,17.2,22.8,27.6
0.00038159999999999995,13.200000000000001,18.0,22.8,26.8
0.0003817,15.600000000000001,17.2,22.0,25.200000000000003
0.00038179999999999996,15.600000000000001,17.2,22.8,26.8
0.0003819,14.0,17.2,23.6,28.400000000000002
0.00038199999999999996,14.8,16.400000000000002,23.6,25.200000000000003
0.0003821,14.8,17.2,25.200000000000003,26.8
0.00038219999999999997,14.8,19.6,24.400000000000002,26.0
0.0003823,14.8,16.400000000000002,25.200000000000003,26.0
0.00038239999999999997,15.600000000000001,18.0,23.6,24.400000000000002
0.00038250000000000003,14.0,18.0,24.400000000000002,26.0
0.0003826,14.8,18.8,22.8,25.200000000000003
0.00038270000000000003,13.200000000000001,17.2,22.0,25.200000000000003
0.0003828,14.8,17.2,20.400000000000002,23.6
0.00038290000000000004,15.600000000000001,19.6,24.400000000000002,26.8
0.000383,16.400000000000002,20.400000000000002,21.200000000000003,25.200000000000003
0.00038310000000000004,17.2,18.8,23.6,24.400000000000002
0.0003832,14.0,18.8,22.0,26.0
0.00038329999999999994,15.600000000000001,19.6,22.8,25.200000000000003
0.0003834,14.8,17.2,23.6,23.6
0.00038349999999999994,14.8,19.6,20.400000000000002,26.8
0.0003836,14.0,18.0,22.8,26.8
0.00038369999999999995,15.600000000000001,17.2,22.8,26.8
0.0003838,15.600000000000001,18.0,24.400000000000002,27.6
0.00038389999999999995,16.400000000000002,17.2,23.6,27.6
0.000384,14.0,18.0,22.8,23.6
0.00038409999999999996,16.400000000000002,18.0,23.6,26.0
0.0003842,13.200000000000001,16.400000000000002,22.0,24.400000000000002
0.00038429999999999996,16.400000000000002,19.6,22.8,26.0
0.0003844,14.8,19.6,22.0,23.6
0.00038449999999999997,14.0,18.8,23.6,24.400000000000002
0.0003846,14.0,19.6,22.8,22.8
0.00038469999999999997,14.8,18.0,22.8,25.200000000000003
0.00038480000000000003,12.4,19.6,23.6,26.8
0.0003849,14.0,18.8,22.8,26.8
0.00038500000000000003,15.600000000000001,18.8,22.8,27.6
0.0003851,14.0,19.6,24.400000000000002,26.0
0.00038520000000000004,13.200000000000001,18.0,24.400000000000002,25.200000000000003
0.0003853,13.200000000000001,20.400000000000002,22.8,24.400000000000002
0.00038540000000000004,14.8,19.6,22.8,27.6
0.0003855,16.400000000000002,18.0,23.6,25.200000000000003
0.00038559999999999994,14.8,18.8,23.6,24.400000000000002
0.0003857,13.200000000000001,18.0,24.400000000000002,26.8
0.00038579999999999995,13.200000000000001,18.8,22.8,26.8
0.0003859,14.8,17.2,22.0,25.200000000000003
0.00038599999999999995,14.0,19.6,24.400000000000002,27.6
0.0003861,14.8,17.2,21.200000000000003,25.200000000000003
0.00038619999999999995,15.600000000000001,18.8,23.6,26.0
0.0003863,16.400000000000002,18.8,22.8,29.200000000000003
0.00038639999999999996,14.0,17.2,23.6,26.0
0.0003865,15.600000000000001,17.2,23.6,24.400000000000002
0.00038659999999999996,14.0,18.8,24.400000000000002,26.0
0.0003867,15.600000000000001,18.8,22.8,25.200000000000003
0.00038679999999999997,14.8,18.0,25.200000000000003,23.6
0.0003869,17.2,17.2,22.8,27.6
0.000387,14.8,14.8,23.6,25.200000000000003
0.00038710000000000003,13.200000000000001,18.8,20.400000000000002,25.200000000000003
0.0003872,14.0,18.0,22.8,25.200000000000003
0.00038730000000000004,14.8,18.0,22.0,24.400000000000002
0.0003874,17.2,18.0,24.400000000000002,26.8
0.00038750000000000004,14.8,18.8,23.6,25.200000000000003
0.0003876,12.4,16.400000000000002,22.8,26.8
0.00038769999999999994,14.0,18.8,25.200000000000003,27.6
0.0003878,14.8,17.2,23.6,26.8
0.00038789999999999994,12.4,18.0,22.8,22.8
0.000388,14.0,18.8,23.6,26.0
0.00038809999999999995,12.4,17.2,21.200000000000003,27.6
0.0003882,14.8,18.8,21.200000000000003,24.400000000000002
0.00038829999999999995,13.200000000000001,17.2,22.8,27.6
0.0003884,16.400000000000002,18.8,23.6,28.400000000000002
0.00038849999999999996,16.400000000000002,18.0,22.0,27.6
0.0003886,13.200000000000001,18.0,24.400000000000002,28.400000000000002
0.00038869999999999996,14.8,18.0,23.6,26.8
0.0003888,14.0,16.400000000000002,22.0,25.200000000000003
0.00038889999999999997,13.200000000000001,18.0,22.8,25.200000000000003
0.000389,14.8,19.6,22.8,24.400000000000002
0.00038909999999999997,14.8,19.6,22.0,26.0
0.00038920000000000003,14.0,19.6,22.8,25.200000000000003
0.0003893,13.200000000000001,18.8,21.200000000000003,26.0
0.00038940000000000003,17.2,18.0,23.6,25.200000000000003
0.0003895,12.4,18.0,22.8,24.400000000000002
0.00038960000000000004,13.200000000000001,18.0,22.8,26.0
0.0003897,17.2,18.0,21.200000000000003,28.400000000000002
0.00038980000000000004,14.0,18.0,20.400000000000002,26.0
0.0003899,16.400000000000002,18.8,24.400000000000002,25.200000000000003
0.00038999999999999994,14.8,19.6,22.8,26.0
0.0003901,14.8,18.0,22.8,25.200000000000003
0.00039019999999999994,16.400000000000002,18.0,23.6,26.8
0.0003903,14.8,18.8,20.400000000000002,25.200000000000003
0.00039039999999999995,14.0,17.2,23.6,25.200000000000003
0.0003905,15.600000000000001,17.2,24.400000000000002,25.200000000000003
0.00039059999999999995,14.0,18.8,23.6,26.0
0.0003907,11.600000000000001,17.2,22.8,27.6
0.00039079999999999996,14.0,17.2,23.6,26.0
0.0003909,13.200000000000001,15.600000000000001,22.8,25.200000000000003
0.00039099999999999996,15.600000000000001,18.0,22.8,26.8
0.0003911,14.0,17.2,22.8,25.200000000000003
0.00039119999999999997,14.0,18.0,23.6,24.400000000000002
0.0003913,13.200000000000001,17.2,22.8,26.8
0.00039139999999999997,15.600000000000001,18.8,22.8,23.6
0.00039150000000000003,14.8,15.600000000000001,24.400000000000002,25.200000000000003
0.0003916,15.600000000000001,17.2,23.6,25.200000000000003
0.00039170000000000003,14.0,18.8,24.400000000000002,28.400000000000002
0.0003918,13.200000000000001,18.8,24.400000000000002,25.200000000000003
0.00039190000000000004,15.600000000000001,17.2,26.0,23.6
0.000392,14.8,19.6,24.400000000000002,25.200000000000003
0.00039210000000000004,14.0,18.0,22.0,26.0
0.0003922,15.600000000000001,18.0,22.8,25.200000000000003
0.00039229999999999994,14.8,18.8,23.6,23.6
0.0003924,16.400000000000002,17.2,23.6,25.200000000000003
0.00039249999999999995,13.200000000000001,18.8,22.8,26.8
0.0003926,14.0,18.0,21.200000000000003,23.6
0.00039269999999999995,14.0,18.0,25.200000000000003,26.0
0.0003928,14.8,17.2,22.0,24.400000000000002
0.00039289999999999996,15.600000000000001,19.6,25.200000000000003,24.400000000000002
0.000393,14.0,18.0,22.8,24.400000000000002
0.00039309999999999996,14.0,18.8,22.8,26.8
0.0003932,14.8,18.8,24.400000000000002,22.8
0.00039329999999999996,13.200000000000001,19.6,25.200000000000003,25.200000000000003
0.0003934,14.8,17.2,22.8,23.6
0.00039349999999999997,14.8,18.8,23.6,25.200000000000003
0.0003936,15.600000000000001,18.8,24.400000000000002,25.200000000000003
0.0003937,17.2,19.6,21.200000000000003,24.400000000000002
0.00039380000000000003,13.200000000000001,18.8,22.8,25.200000000000003
0.0003939,14.0,19.6,24.400000000000002,25.200000000000003
0.00039400000000000004,14.0,16.400000000000002,23.6,25.200000000000003
0.0003941,15.600000000000001,19.6,22.8,26.0
0.00039420000000000004,13.200000000000001,18.0,19.6,24.400000000000002
0.0003943,14.8,18.8,21.200000000000003,23.6
0.00039439999999999994,14.0,18.0,20.400000000000002,25.200000000000003
0.0003945,12.4,16.400000000000002,22.8,25.200000000000003
0.00039459999999999994,15.600000000000001,19.6,22.8,26.0
0.0003947,15.600000000000001,16.400000000000002,22.8,23.6
0.00039479999999999995,15.600000000000001,16.400000000000002,25.200000000000003,23.6
0.0003949,14.8,17.2,22.8,26.0
0.00039499999999999995,14.0,18.8,25.200000000000003,30.0
0.0003951,14.8,17.2,23.6,26.0
0.00039519999999999996,13.200000000000001,17.2,22.8,25.200000000000003
0.0003953,14.0,15.600000000000001,22.0,22.8
0.00039539999999999996,14.8,18.8,22.0,26.0
0.0003955,13.200000000000001,18.0,24.400000000000002,26.8
0.00039559999999999997,14.0,19.6,23.6,26.0
0.0003957,16.400000000000002,18.8,23.6,25.200000000000003
0.00039579999999999997,16.400000000000002,18.0,22.0,26.8
0.00039590000000000003,14.8,18.8,22.8,24.400000000000002
0.000396,14.8,19.6,21.200000000000003,25.200000000000003
0.00039610000000000003,17.2,17.2,21.200000000000003,25.200000000000003
0.0003962,14.0,18.0,21.200000000000003,26.8
0.00039630000000000004,13.200000000000001,18.0,25.200000000000003,26.0
0.0003964,16.400000000000002,18.0,18.8,25.200000000000003
0.00039650000000000004,16.400000000000002,18.0,22.0,24.400000000000002
0.0003966,13.200000000000001,16.400000000000002,23.6,24.400000000000002
0.00039669999999999994,14.0,18.0,20.400000000000002,25.200000000000003
0.0003968,16.400000000000002,18.0,23.6,26.0
0.00039689999999999994,14.8,18.8,22.0,26.0
0.000397,15.600000000000001,18.0,22.8,22.0
0.00039709999999999995,13.200000000000001,18.8,22.8,25.200000000000003
0.0003972,14.8,17.2,23.6,24.400000000000002
0.00039729999999999995,14.8,17.2,23.6,28.400000000000002
0.0003974,15.600000000000001,18.8,26.0,22.8
0.00039749999999999996,13.200000000000001,18.0,22.8,26.0
0.0003976,16.400000000000002,17.2,22.8,26.0
0.00039769999999999996,14.8,17.2,23.6,26.8
0.0003978,14.0,17.2,21.200000000000003,27.6
0.00039789999999999997,11.600000000000001,18.0,22.8,26.0
0.000398,14.0,17.2,24.400000000000002,26.0
0.0003981,16.400000000000002,16.400000000000002,21.200000000000003,27.6
0.00039820000000000003,13.200000000000001,19.6,24.400000000000002,26.8
0.0003983,13.200000000000001,18.8,22.8,24.400000000000002
0.00039840000000000003,15.600000000000001,18.0,22.8,25.200000000000003
0.0003985,14.0,15.600000000000001,22.0,26.0
0.00039860000000000004,14.0,17.2,23.6,25.200000000000003
0.0003987,13.200000000000001,18.8,23.6,24.400000000000002
0.00039880000000000004,12.4,17.2,22.0,26.0
0.0003989,13.200000000000001,17.2,24.400000000000002,25.200000000000003
0.00039899999999999994,17.2,17.2,21.200000000000003,26.0
0.0003991,14.0,16.400000000000002,23.6,24.400000000000002
0.00039919999999999995,14.8,18.0,22.8,25.200000000000003
0.0003993,14.0,18.0,22.8,26.0
0.00039939999999999995,15.600000000000001,18.0,22.0,25.200000000000003
0.0003995,14.8,15.600000000000001,24.400000000000002,26.0
0.00039959999999999996,14.0,18.8,23.6,26.0
0.0003997,14.8,17.2,23.6,22.8
0.00039979999999999996,13.200000000000001,18.8,20.400000000000002,24.400000000000002
0.0003999,14.0,14.8,21.200000000000003,25.200000000000003
0.00039999999999999996,14.8,17.2,24.400000000000002,25.200000000000003
0.0004001,15.600000000000001,18.8,22.8,24.400000000000002
0.00040019999999999997,13.200000000000001,17.2,22.0,24.400000000000002
0.0004003,15.600000000000001,17.2,23.6,26.0
0.0004004,12.4,18.8,25.200000000000003,27.6
0.00040050000000000003,11.600000000000001,18.0,25.200000000000003,26.0
0.0004006,15.600000000000001,16.400000000000002,18.8,26.0
0.00040070000000000004,14.8,16.400000000000002,22.0,26.0
0.0004008,14.0,18.0,23.6,26.8
0.00040090000000000004,14.0,19.6,21.200000000000003,25.200000000000003
0.000401,15.600000000000001,19.6,22.0,24.400000000000002
0.00040109999999999994,15.600000000000001,19.6,22.8,26.8
0.0004012,15.600000000000001,18.0,19.6,23.6
0.00040129999999999994,16.400000000000002,17.2,22.0,25.200000000000003
0.0004014,14.0,17.2,21.200000000000003,24.400000000000002
0.00040149999999999995,15.600000000000001,17.2,19.6,25.200000000000003
0.0004016,13.200000000000001,18.8,24.400000000000002,27.6
0.00040169999999999995,14.0,18.0,23.6,26.0
0.0004018,15.600000000000001,18.8,21.200000000000003,22.8
0.00040189999999999996,14.0,17.2,22.8,26.0
0.000402,12.4,16.400000000000002,24.400000000000002,26.8
0.00040209999999999996,12.4,17.2,23.6,25.200000000000003
0.0004022,14.0,17.2,22.0,23.6
0.00040229999999999997,15.600000000000001,17.2,23.6,24.400000000000002
0.0004024,14.8,17.2,24.400000000000002,26.0
0.00040249999999999997,16.400000000000002,17.2,22.0,25.200000000000003
0.00040260000000000003,14.8,19.6,24.400000000000002,26.0
0.0004027,14.8,18.0,23.6,25.200000000000003
0.00040280000000000003,15.600000000000001,18.0,22.8,27.6
0.0004029,14.0,17.2,21.200000000000003,26.0
0.00040300000000000004,13.200000000000001,18.0,22.8,24.400000000000002
0.0004031,13.200000000000001,15.600000000000001,22.0,26.0
0.00040320000000000004,14.0,19.6,21.200000000000003,25.200000000000003
0.0004033,15.600000000000001,18.8,21.200000000000003,25.200000000000003
0.00040339999999999994,15.600000000000001,18.0,22.8,25.200000000000003
0.0004035,14.8,17.2,22.8,28.400000000000002
0.00040359999999999994,14.0,18.8,22.8,24.400000000000002
0.0004037,11.600000000000001,17.2,23.6,24.400000000000002
0.00040379999999999995,14.8,17.2,22.0,28.400000000000002
0.0004039,14.8,19.6,22.8,26.0
0.00040399999999999995,14.0,14.8,22.0,26.8
0.0004041,17.2,18.0,22.0,26.0
0.00040419999999999996,14.8,14.8,22.0,24.400000000000002
0.0004043,12.4,18.8,19.6,24.400000000000002
0.00040439999999999996,14.8,17.2,20.400000000000002,26.8
0.0004045,14.0,18.0,23.6,25.200000000000003
0.00040459999999999997,15.600000000000001,18.0,24.400000000000002,24.400000000000002
0.0004047,15.600000000000001,17.2,23.6,26.0
0.0004048,14.8,16.400000000000002,25.200000000000003,26.0
0.00040490000000000003,14.8,18.8,23.6,24.400000000000002
0.000405,14.8,17.2,22.0,25.200000000000003
0.00040510000000000003,16.400000000000002,18.8,22.8,29.200000000000003
0.0004052,13.200000000000001,17.2,23.6,24.400000000000002
0.00040530000000000004,14.0,19.6,22.0,26.0
0.0004054,14.8,18.0,22.8,26.0
0.00040549999999999994,14.8,18.8,22.0,26.0
0.0004056,17.2,16.400000000000002,22.8,24.400000000000002
0.00040569999999999994,14.8,18.0,23.6,25.200000000000003
0.0004058,14.0,18.0,21.200000000000003,25.200000000000003
0.00040589999999999995,16.400000000000002,19.6,22.0,22.8
0.000406,14.8,18.0,22.8,23.6
0.00040609999999999995,14.8,16.400000000000002,23.6,25.200000000000003
0.0004062,15.600000000000001,19.6,22.0,26.0
0.00040629999999999996,12.4,18.8,22.0,25.200000000000003
0.0004064,13.200000000000001,16.400000000000002,21.200000000000003,23.6
0.00040649999999999996,12.4,16.400000000000002,22.8,23.6
0.0004066,14.0,18.8,23.6,25.200000000000003
0.00040669999999999997,14.8,17.2,22.8,25.200000000000003
0.0004068,14.8,17.2,22.8,25.200000000000003
0.00040689999999999997,14.0,17.2,24.400000000000002,24.400000000000002
0.000407,14.0,18.8,22.8,23.6
0.0004071,11.600000000000001,16.400000000000002,22.8,26.0
0.00040720000000000003,17.2,18.0,22.8,24.400000000000002
0.0004073,15.600000000000001,18.0,22.8,26.0
0.00040740000000000004,13.200000000000001,14.8,22.8,26.0
0.0004075,14.8,17.2,22.0,26.0
0.00040760000000000004,14.0,18.0,23.6,24.400000000000002
0.0004077,16.400000000000002,16.400000000000002,22.8,26.0
0.00040779999999999994,16.400000000000002,15.600000000000001,20.400000000000002,26.0
0.0004079,14.0,15.600000000000001,19.6,24.400000000000002
0.00040799999999999994,12.4,17.2,22.8,26.8
0.0004081,13.200000000000001,17.2,22.8,26.8
0.00040819999999999995,14.0,18.8,22.8,26.8
0.0004083,16.400000000000002,19.6,20.400000000000002,26.8
0.00040839999999999995,15.600000000000001,17.2,23.6,26.0
0.0004085,13.200000000000001,18.0,21.200000000000003,26.8
0.00040859999999999996,13.200000000000001,18.8,22.0,25.200000000000003
0.0004087,14.8,15.600000000000001,23.6,24.400000000000002
0.00040879999999999996,10.8,18.0,24.400000000000002,25.200000000000003
0.0004089,13.200000000000001,19.6,22.8,25.200000000000003
0.00040899999999999997,15.600000000000001,16.400000000000002,22.0,26.0
0.0004091,12.4,18.8,23.6,25.200000000000003
0.00040919999999999997,14.8,16.400000000000002,21.200000000000003,26.0
0.00040930000000000003,14.0,18.8,22.0,24.400000000000002
0.0004094,16.400000000000002,18.8,23.6,25.200000000000003
0.00040950000000000003,14.0,17.2,24.400000000000002,25.200000000000003
0.0004096,14.0,18.0,24.400000000000002,23.6
0.00040970000000000004,12.4,17.2,20.400000000000002,24.400000000000002
0.0004098,14.0,19.6,23.6,25.200000000000003
0.00040990000000000004,17.2,17.2,22.0,24.400000000000002
0.00041,14.0,18.8,22.0,25.200000000000003
0.00041009999999999994,12.4,16.400000000000002,22.8,26.8
0.0004102,12.4,16.400000000000002,22.0,26.0
0.00041029999999999994,14.0,18.0,22.8,26.0
0.0004104,14.0,18.0,22.8,24.400000000000002
0.00041049999999999995,13.200000000000001,17.2,25.200000000000003,24.400000000000002
0.0004106,14.0,16.400000000000002,23.6,26.0
0.00041069999999999995,15.600000000000001,15.600000000000001,23.6,26.0
0.0004108,12.4,16.400000000000002,22.8,24.400000000000002
0.00041089999999999996,14.8,17.2,22.8,25.200000000000003
0.000411,14.8,15.600000000000001,21.200000000000003,27.6
0.00041109999999999996,14.0,18.8,22.0,25.200000000000003
0.0004112,17.2,19.6,22.8,24.400000000000002
0.00041129999999999997,13.200000000000001,17.2,24.400000000000002,25.200000000000003
0.0004114,14.0,19.6,21.200000000000003,26.8
0.0004115,15.600000000000001,18.0,22.8,25.200000000000003
0.00041160000000000003,13.200000000000001,18.0,22.0,26.0
0.0004117,13.200000000000001,18.8,23.6,23.6
0.00041180000000000003,13.200000000000001,16.400000000000002,21.200000000000003,25.200000000000003
0.0004119,14.8,17.2,22.0,27.6
0.00041200000000000004,14.8,18.0,24.400000000000002,23.6
0.0004121,14.0,17.2,22.8,25.200000000000003
0.00041219999999999994,13.200000000000001,18.0,22.8,24.400000000000002
0.0004123,14.0,15.600000000000001,22.8,25.200000000000003
0.00041239999999999994,13.200000000000001,18.8,22.0,25.200000000000003
0.0004125,14.8,17.2,24.400000000000002,24.400000000000002
0.00041259999999999995,15.600000000000001,17.2,22.0,25.200000000000003
0.0004127,15.600000000000001,16.400000000000002,24.400000000000002,26.8
0.00041279999999999995,15.600000000000001,18.8,23.6,26.8
0.0004129,14.0,17.2,22.8,26.0
0.00041299999999999996,12.4,17.2,24.400000000000002,26.0
0.0004131,15.600000000000001,17.2,22.8,24.400000000000002
0.00041319999999999996,16.400000000000002,18.0,19.6,25.200000000000003
0.0004133,11.600000000000001,16.400000000000002,19.6,26.0
0.00041339999999999997,13.200000000000001,18.0,23.6,26.8
0.0004135,14.0,17.2,22.0,23.6
0.00041359999999999997,12.4,17.2,19.6,27.6
0.0004137,17.2,18.8,22.0,25.200000000000003
0.0004138,12.4,18.0,22.0,26.0
0.00041390000000000003,13.200000000000001,16.400000000000002,23.6,28.400000000000002
0.000414,13.200000000000001,17.2,22.0,25.200000000000003
0.00041410000000000004,16.400000000000002,19.6,20.400000000000002,24.400000000000002
0.0004142,15.600000000000001,16.400000000000002,22.8,25.200000000000003
0.00041430000000000004,13.200000000000001,19.6,23.6,27.6
0.0004144,16.400000000000002,15.600000000000001,23.6,24.400000000000002
0.00041449999999999994,15.600000000000001,18.8,22.0,25.200000000000003
0.0004146,14.0,18.0,21.200000000000003,24.400000000000002
0.00041469999999999994,16.400000000000002,19.6,21.200000000000003,25.200000000000003
0.0004148,11.600000000000001,18.0,19.6,22.8
0.00041489999999999995,14.8,17.2,22.0,23.6
0.000415,14.0,18.8,20.400000000000002,26.0
0.00041509999999999995,14.0,15.600000000000001,22.0,25.200000000000003
0.0004152,14.8,19.6,24.400000000000002,26.0
0.00041529999999999996,14.8,18.8,22.0,25.200000000000003
0.0004154,14.0,18.0,25.200000000000003,26.0
0.00041549999999999996,14.0,17.2,22.8,25.200000000000003
0.0004156,12.4,18.0,24.400000000000002,22.8
0.00041569999999999997,14.8,17.2,22.0,23.6
0.0004158,14.8,17.2,22.8,23.6
0.00041589999999999997,15.600000000000001,16.400000000000002,23.6,26.8
0.00041600000000000003,15.600000000000001,18.0,24.400000000000002,27.6
0.0004161,14.0,18.8,22.8,24.400000000000002
0.00041620000000000003,14.8,17.2,23.6,22.8
0.0004163,12.4,18.0,24.400000000000002,24.400000000000002
0.00041640000000000004,13.200000000000001,18.0,22.8,23.6
0.0004165,14.8,18.0,23.6,24.400000000000002
0.00041660000000000004,16.400000000000002,17.2,22.8,24.400000000000002
0.0004167,13.200000000000001,15.600000000000001,21.200000000000003,24.400000000000002
0.00041679999999999994,13.200000000000001,18.8,25.200000000000003,24.400000000000002
0.0004169,14.0,19.6,22.8,25.200000000000003
0.00041699999999999994,13.200000000000001,18.0,22.8,26.8
0.0004171,14.8,18.0,22.0,24.400000000000002
0.00041719999999999995,14.0,15.600000000000001,22.0,26.0
0.0004173,15.600000000000001,14.8,22.8,25.200000000000003
0.00041739999999999995,13.200000000000001,18.0,21.200000000000003,24.400000000000002
0.0004175,16.400000000000002,19.6,22.8,24.400000000000002
0.00041759999999999996,14.0,18.8,22.0,23.6
0.0004177,13.200000000000001,17.2,25.200000000000003,24.400000000000002
0.00041779999999999996,12.4,17.2,22.8,24.400000000000002
0.0004179,14.8,16.400000000000002,22.8,24.400000000000002
0.00041799999999999997,15.600000000000001,19.6,22.8,26.8
0.0004181,14.8,17.2,22.8,22.8
0.0004182,14.0,18.0,22.0,26.0
0.00041830000000000003,13.200000000000001,17.2,23.6,25.200000000000003
0.0004184,14.8,19.6,20.400000000000002,28.400000000000002
0.00041850000000000004,16.400000000000002,16.400000000000002,22.8,24.400000000000002
0.0004186,13.200000000000001,16.400000000000002,23.6,27.6
0.00041870000000000004,14.0,17.2,23.6,26.0
0.0004188,12.4,19.6,23.6,22.8
0.00041889999999999994,12.4,18.8,22.8,26.0
0.000419,15.600000000000001,18.0,25.200000000000003,27.6
0.00041909999999999994,14.8,17.2,22.8,25.200000000000003
0.0004192,16.400000000000002,18.8,22.0,25.200000000000003
0.00041929999999999995,15.600000000000001,16.400000000000002,22.8,23.6
0.0004194,14.0,16.400000000000002,22.0,26.0
0.00041949999999999995,14.0,14.0,23.6,23.6
0.0004196,13.200000000000001,20.400000000000002,22.0,26.0
0.00041969999999999996,14.8,15.600000000000001,21.200000000000003,26.8
0.0004198,14.8,20.400000000000002,20.400000000000002,25.200000000000003
0.00041989999999999996,15.600000000000001,16.400000000000002,21.200000000000003,26.8
0.00042,13.200000000000001,17.2,23.6,25.200000000000003
0.00042009999999999997,15.600000000000001,16.400000000000002,22.8,24.400000000000002
0.0004202,14.8,18.0,24.400000000000002,23.6
0.00042029999999999997,15.600000000000001,18.0,21.200000000000003,25.200000000000003
0.00042040000000000003,11.600000000000001,17.2,21.200000000000003,25.200000000000003
0.0004205,13.200000000000001,16.400000000000002,21.200000000000003,22.8
0.00042060000000000003,13.200000000000001,17.2,22.0,28.400000000000002
0.0004207,14.8,17.2,22.8,24.400000000000002
0.00042080000000000004,13.200000000000001,18.8,23.6,24.400000000000002
0.0004209,13.200000000000001,18.0,22.0,24.400000000000002
0.00042100000000000004,13.200000000000001,18.8,22.0,23.6
0.0004211,15.600000000000001,17.2,22.8,24.400000000000002
0.00042119999999999994,14.8,16.400000000000002,19.6,26.8
0.0004213,12.4,17.2,21.200000000000003,25.200000000000003
0.00042139999999999994,14.0,17.2,22.8,24.400000000000002
0.0004215,14.8,17.2,21.200000000000003,24.400000000000002
0.00042159999999999995,14.0,19.6,20.400000000000002,26.0
0.0004217,13.200000000000001,16.400000000000002,20.400000000000002,25.200000000000003
0.00042179999999999995,13.200000000000001,18.0,22.8,25.200000000000003
0.0004219,13.200000000000001,18.0,20.400000000000002,23.6
0.00042199999999999996,14.0,16.400000000000002,20.400000000000002,25.200000000000003
0.0004221,12.4,17.2,24.400000000000002,26.0
0.00042219999999999996,14.0,18.8,22.0,24.400000000000002
0.0004223,13.200000000000001,14.8,23.6,26.0
0.00042239999999999997,14.8,17.2,22.0,25.200000000000003
0.0004225,14.0,18.8,23.6,22.8
0.00042259999999999997,16.400000000000002,15.600000000000001,22.8,24.400000000000002
0.00042270000000000003,16.400000000000002,18.8,21.200000000000003,23.6
0.0004228,16.400000000000002,18.0,23.6,25.200000000000003
0.00042290000000000003,12.4,17.2,20.400000000000002,24.400000000000002
0.000423,14.0,18.0,22.0,25.200000000000003
0.00042310000000000004,13.200000000000001,16.400000000000002,23.6,26.8
0.0004232,14.8,16.400000000000002,23.6,26.8
0.00042330000000000004,14.0,14.8,23.6,25.200000000000003
0.0004234,14.8,18.0,22.8,26.8
0.00042349999999999994,14.0,15.600000000000001,22.8,25.200000000000003
0.0004236,13.200000000000001,17.2,21.200000000000003,24.400000000000002
0.00042369999999999994,12.4,16.400000000000002,24.400000000000002,23.6
0.0004238,14.8,16.400000000000002,22.8,26.0
0.00042389999999999995,11.600000000000001,18.0,23.6,24.400000000000002
0.000424,13.200000000000001,19.6,22.8,28.400000000000002
0.00042409999999999995,14.8,17.2,23.6,27.6
0.0004242,14.8,19.6,22.8,26.0
0.00042429999999999996,14.8,18.0,22.8,25.200000000000003
0.0004244,14.0,18.8,22.8,25.200000000000003
0.00042449999999999996,10.8,17.2,24.400000000000002,27.6
0.0004246,14.8,18.0,23.6,26.0
0.00042469999999999997,11.600000000000001,17.2,21.200000000000003,26.0
0.0004248,14.0,17.2,23.6,25.200000000000003
0.0004249,15.600000000000001,18.0,22.8,26.0
0.00042500000000000003,13.200000000000001,16.400000000000002,23.6,26.0
0.0004251,12.4,14.0,21.200000000000003,24.400000000000002
0.00042520000000000004,12.4,16.400000000000002,21.200000000000003,25.200000000000003
0.0004253,13.200000000000001,17.2,23.6,23.6
0.00042540000000000004,14.0,18.8,19.6,25.200000000000003
0.0004255,13.200000000000001,16.400000000000002,21.200000000000003,24.400000000000002
0.00042559999999999994,14.8,19.6,21.200000000000003,27.6
0.0004257,13.200000000000001,17.2,22.0,25.200000000000003
0.00042579999999999994,14.0,18.8,22.0,25.200000000000003
0.0004259,13.200000000000001,18.8,22.0,26.0
0.00042599999999999995,12.4,19.6,22.8,26.8
0.0004261,14.8,18.0,22.8,25.200000000000003
0.00042619999999999995,13.200000000000001,18.0,22.0,24.400000000000002
0.0004263,14.8,18.0,20.400000000000002,25.200000000000003
0.00042639999999999996,14.0,18.8,22.0,23.6
0.0004265,13.200000000000001,16.400000000000002,25.200000000000003,25.200000000000003
0.00042659999999999996,13.200000000000001,16.400000000000002,23.6,23.6
0.0004267,14.0,16.400000000000002,22.8,23.6
0.00042679999999999997,14.0,18.0,24.400000000000002,22.8
0.0004269,17.2,19.6,22.0,23.6
0.00042699999999999997,12.4,17.2,19.6,23.6
0.00042710000000000003,13.200000000000001,16.400000000000002,20.400000000000002,28.400000000000002
0.0004272,13.200000000000001,18.8,22.0,24.400000000000002
0.00042730000000000003,14.0,17.2,23.6,26.0
0.0004274,12.4,18.0,22.0,23.6
0.00042750000000000004,14.0,18.0,21.200000000000003,25.200000000000003
0.0004276,13.200000000000001,17.2,22.0,25.200000000000003
0.00042770000000000004,15.600000000000001,14.8,20.400000000000002,25.200000000000003
0.0004278,14.0,18.0,21.200000000000003,25.200000000000003
0.00042789999999999994,15.600000000000001,16.400000000000002,22.8,25.200000000000003
0.000428,13.200000000000001,18.8,21.200000000000003,23.6
0.00042809999999999994,13.200000000000001,18.0,22.0,26.0
0.0004282,13.200000000000001,15.600000000000001,23.6,26.0
0.00042829999999999995,14.0,20.400000000000002,20.400000000000002,24.400000000000002
0.0004284,15.600000000000001,17.2,21.200000000000003,24.400000000000002
0.00042849999999999995,14.0,18.0,21.200000000000003,27.6
0.0004286,14.0,15.600000000000001,22.0,26.0
0.00042869999999999996,14.0,16.400000000000002,22.0,22.8
0.0004288,15.600000000000001,18.0,22.0,24.400000000000002
0.00042889999999999996,13.200000000000001,16.400000000000002,22.8,22.8
0.000429,14.0,17.2,23.6,24.400000000000002
0.00042909999999999997,13.200000000000001,18.0,22.0,26.0
0.0004292,14.0,18.0,22.0,22.8
0.00042929999999999997,13.200000000000001,17.2,24.400000000000002,26.0
0.00042940000000000003,13.200000000000001,16.400000000000002,23.6,24.400000000000002
0.0004295,15.600000000000001,18.8,23.6,25.200000000000003
0.00042960000000000003,12.4,16.400000000000002,24.400000000000002,26.0
0.0004297,14.0,17.2,22.8,23.6
0.00042980000000000004,13.200000000000001,18.8,22.0,26.0
0.0004299,14.0,18.0,22.8,26.0
0.00042999999999999994,15.600000000000001,17.2,23.6,25.200000000000003
0.0004301,15.600000000000001,18.0,23.6,22.8
0.00043019999999999994,17.2,18.8,22.0,25.200000000000003
0.0004303,13.200000000000001,18.0,23.6,26.0
0.00043039999999999994,15.600000000000001,18.0,22.0,25.200000000000003
0.0004305,12.4,16.400000000000002,22.0,23.6
0.00043059999999999995,14.0,17.2,23.6,25.200000000000003
0.0004307,13.200000000000001,16.400000000000002,23.6,26.0
0.00043079999999999995,14.8,17.2,22.8,25.200000000000003
0.0004309,12.4,19.6,25.200000000000003,24.400000000000002
0.00043099999999999996,13.200000000000001,16.400000000000002,24.400000000000002,26.8
0.0004311,14.8,19.6,22.8,25.200000000000003
0.00043119999999999996,14.0,16.400000000000002,22.8,24.400000000000002
0.0004313,17.2,17.2,22.0,24.400000000000002
0.00043139999999999997,14.8,19.6,22.8,26.0
0.0004315,12.4,17.2,22.8,22.8
0.0004316,12.4,18.0,23.6,23.6
0.00043170000000000003,14.8,18.8,24.400000000000002,25.200000000000003
0.0004318,14.0,17.2,21.200000000000003,25.200000000000003
0.00043190000000000004,13.200000000000001,18.8,22.0,25.200000000000003
0.000432,14.8,18.8,21.200000000000003,23.6
0.00043210000000000004,14.0,18.8,24.400000000000002,26.8
0.0004322,12.4,18.8,22.8,25.200000000000003
0.00043229999999999994,11.600000000000001,17.2,21.200000000000003,22.8
0.0004324,13.200000000000001,17.2,23.6,25.200000000000003
0.00043249999999999994,14.0,18.8,22.8,24.400000000000002
0.0004326,14.8,16.400000000000002,22.0,26.8
0.00043269999999999995,13.200000000000001,15.600000000000001,23.6,25.200000000000003
0.0004328,14.0,16.400000000000002,20.400000000000002,26.0
0.00043289999999999995,12.4,16.400000000000002,22.0,25.200000000000003
0.000433,14.0,19.6,21.200000000000003,26.0
0.00043309999999999996,13.200000000000001,14.8,22.8,24.400000000000002
0.0004332,17.2,18.0,21.200000000000003,25.200000000000003
0.00043329999999999996,10.8,17.2,22.8,26.0
0.0004334,14.0,18.0,20.400000000000002,23.6
0.00043349999999999997,13.200000000000001,15.600000000000001,22.8,26.8
0.0004336,14.0,17.2,20.400000000000002,23.6
0.00043369999999999997,14.0,16.400000000000002,22.0,26.8
0.00043380000000000003,18.0,17.2,22.8,24.400000000000002
0.0004339,14.8,15.600000000000001,21.200000000000003,26.0
0.00043400000000000003,13.200000000000001,16.400000000000002,22.0,24.400000000000002
0.0004341,14.8,17.2,22.8,24.400000000000002
0.00043420000000000004,12.4,17.2,22.0,26.8
0.0004343,13.200000000000001,19.6,19.6,27.6
0.00043440000000000004,13.200000000000001,18.0,22.0,23.6
0.0004345,13.200000000000001,17.2,22.0,26.0
0.00043459999999999994,14.8,16.400000000000002,22.0,23.6
0.0004347,14.0,17.2,19.6,24.400000000000002
0.00043479999999999994,14.8,17.2,22.0,26.8
0.0004349,13.200000000000001,16.400000000000002,22.0,22.8
0.00043499999999999995,14.0,16.400000000000002,22.0,25.200000000000003
0.0004351,14.0,18.8,22.8,26.0
0.00043519999999999995,13.200000000000001,17.2,20.400000000000002,26.8
0.0004353,14.8,17.2,22.0,23.6
0.00043539999999999996,12.4,17.2,23.6,24.400000000000002
0.0004355,14.8,19.6,23.6,25.200000000000003
0.00043559999999999996,14.8,18.8,20.400000000000002,24.400000000000002
0.0004357,13.200000000000001,19.6,21.200000000000003,22.8
0.00043579999999999997,13.200000000000001,17.2,21.200000000000003,26.8
0.0004359,14.0,16.400000000000002,22.0,22.8
0.00043599999999999997,13.200000000000001,17.2,22.8,23.6
0.00043610000000000003,14.8,18.8,22.8,26.0
0.0004362,13.200000000000001,14.8,25.200000000000003,26.0
0.00043630000000000003,14.0,19.6,22.0,22.8
0.0004364,14.0,15.600000000000001,22.8,23.6
0.00043650000000000004,14.0,19.6,23.6,26.0
0.0004366,13.200000000000001,18.8,19.6,22.8
0.00043669999999999994,14.0,18.0,22.8,23.6
0.0004368,13.200000000000001,17.2,21.200000000000003,25.200000000000003
0.00043689999999999994,14.0,19.6,20.400000000000002,25.200000000000003
0.000437,14.8,18.8,23.6,24.400000000000002
0.00043709999999999995,16.400000000000002,17.2,22.8,24.400000000000002
0.0004372,14.8,18.8,23.6,26.0
0.00043729999999999995,12.4,17.2,21.200000000000003,22.8
0.0004374,14.0,15.600000000000001,21.200000000000003,25.200000000000003
0.00043749999999999995,14.8,18.0,22.0,24.400000000000002
0.0004376,13.200000000000001,18.8,22.0,26.0
0.00043769999999999996,14.0,15.600000000000001,22.8,26.0
0.0004378,12.4,18.0,22.8,24.400000000000002
0.00043789999999999996,12.4,16.400000000000002,24.400000000000002,26.0
0.000438,14.8,17.2,22.8,25.200000000000003
0.00043809999999999997,14.8,16.400000000000002,22.8,25.200000000000003
0.0004382,14.0,16.400000000000002,21.200000000000003,25.200000000000003
0.0004383,15.600000000000001,17.2,22.8,26.0
0.00043840000000000003,14.0,17.2,23.6,25.200000000000003
0.0004385,13.200000000000001,18.0,21.200000000000003,26.0
0.00043860000000000004,12.4,15.600000000000001,22.8,23.6
0.0004387,12.4,19.6,22.0,24.400000000000002
0.00043880000000000004,13.200000000000001,18.0,21.200000000000003,25.200000000000003
0.0004389,12.4,18.0,22.8,25.200000000000003
0.00043899999999999994,14.0,18.0,23.6,26.0
0.0004391,13.200000000000001,17.2,21.200000000000003,24.400000000000002
0.00043919999999999994,15.600000000000001,16.400000000000002,22.0,26.8
0.0004393,15.600000000000001,15.600000000000001,24.400000000000002,26.0
0.00043939999999999995,13.200000000000001,17.2,20.400000000000002,25.200000000000003
0.0004395,14.0,18.0,22.0,25.200000000000003
0.00043959999999999995,13.200000000000001,17.2,22.8,25.200000000000003
0.0004397,15.600000000000001,16.400000000000002,22.8,25.200000000000003
0.00043979999999999996,14.0,16.400000000000002,22.0,26.0
0.0004399,12.4,14.8,22.0,24.400000000000002
0.00043999999999999996,14.8,18.0,22.0,25.200000000000003
0.0004401,14.8,18.0,21.200000000000003,24.400000000000002
0.00044019999999999997,13.200000000000001,18.0,22.8,24.400000000000002
0.0004403,14.8,18.0,22.0,22.0
0.00044039999999999997,14.0,18.0,22.0,25.200000000000003
0.00044050000000000003,13.200000000000001,17.2,22.8,26.8
0.0004406,14.0,16.400000000000002,22.0,25.200000000000003
0.00044070000000000003,14.0,17.2,21.200000000000003,22.8
0.0004408,10.8,17.2,21.200000000000003,26.8
0.00044090000000000004,13.200000000000001,16.400000000000002,22.8,22.8
0.000441,16.400000000000002,18.0,25.200000000000003,22.8
0.00044110000000000004,14.0,15.600000000000001,22.8,27.6
0.0004412,13.200000000000001,18.0,22.8,28.400000000000002
0.00044129999999999994,14.0,17.2,22.8,24.400000000000002
0.0004414,13.200000000000001,18.8,22.0,24.400000000000002
0.00044149999999999994,14.0,16.400000000000002,18.0,26.0
0.0004416,13.200000000000001,19.6,22.8,26.0
0.00044169999999999995,10.0,16.400000000000002,22.8,24.400000000000002
0.0004418,13.200000000000001,18.0,20.400000000000002,26.0
0.00044189999999999995,14.0,16.400000000000002,20.400000000000002,26.0
0.000442,16.400000000000002,17.2,20.400000000000002,24.400000000000002
0.00044209999999999996,13.200000000000001,18.8,22.0,25.200000000000003
0.0004422,14.8,18.0,22.8,23.6
0.00044229999999999996,11.600000000000001,17.2,21.200000000000003,24.400000000000002
0.0004424,12.4,16.400000000000002,22.0,26.0
0.00044249999999999997,14.0,18.0,23.6,25.200000000000003
0.0004426,15.600000000000001,16.400000000000002,22.8,24.400000000000002
0.00044269999999999997,12.4,14.8,22.0,26.0
0.00044280000000000003,14.0,18.8,22.8,25.200000000000003
0.0004429,11.600000000000001,18.8,23.6,23.6
0.00044300000000000003,14.8,18.0,21.200000000000003,22.8
0.0004431,14.8,18.0,21.200000000000003,22.8
0.00044320000000000004,14.8,17.2,21.200000000000003,23.6
0.0004433,11.600000000000001,17.2,24.400000000000002,23.6
0.00044339999999999994,13.200000000000001,15.600000000000001,22.0,26.0
0.0004435,15.600000000000001,17.2,23.6,25.200000000000003
0.00044359999999999994,13.200000000000001,14.8,20.400000000000002,22.0
0.0004437,14.0,17.2,21.200000000000003,25.200000000000003
0.00044379999999999995,13.200000000000001,19.6,22.0,26.0
0.0004439,12.4,16.400000000000002,18.8,24.400000000000002
0.00044399999999999995,14.8,14.8,23.6,25.200000000000003
0.0004441,14.8,14.8,21.200000000000003,26.8
0.00044419999999999996,14.8,17.2,21.200000000000003,24.400000000000002
0.0004443,15.600000000000001,17.2,22.8,23.6
0.00044439999999999996,14.0,18.0,22.8,26.8
0.0004445,14.0,17.2,22.8,26.8
0.00044459999999999996,13.200000000000001,15.600000000000001,20.400000000000002,25.200000000000003
0.0004447,13.200000000000001,16.400000000000002,22.8,25.200000000000003
0.00044479999999999997,14.8,18.0,24.400000000000002,24.400000000000002
0.0004449,13.200000000000001,14.8,22.8,26.0
0.000445,13.200000000000001,17.2,20.400000000000002,23.6
0.00044510000000000003,13.200000000000001,15.600000000000001,21.200000000000003,25.200000000000003
0.0004452,16.400000000000002,17.2,22.8,25.200000000000003
0.00044530000000000004,13.200000000000001,16.400000000000002,19.6,22.8
0.0004454,13.200000000000001,18.8,22.8,26.0
0.00044550000000000004,13.200000000000001,19.6,22.8,22.8
0.0004456,14.0,18.8,18.8,25.200000000000003
0.00044569999999999994,13.200000000000001,18.0,22.8,26.8
0.0004458,17.2,15.600000000000001,22.0,26.8
0.00044589999999999994,14.0,18.8,22.0,26.0
0.000446,14.0,18.0,23.6,24.400000000000002
0.00044609999999999995,14.8,19.6,20.400000000000002,26.8
0.0004462,14.0,17.2,23.6,25.200000000000003
0.00044629999999999995,12.4,17.2,22.0,26.0
0.0004464,16.400000000000002,17.2,22.0,25.200000000000003
0.00044649999999999996,13.200000000000001,15.600000000000001,21.200000000000003,23.6
0.0004466,11.600000000000001,17.2,22.8,25.200000000000003
0.00044669999999999996,10.8,17.2,24.400000000000002,24.400000000000002
0.0004468,14.8,15.600000000000001,20.400000000000002,25.200000000000003
0.00044689999999999997,15.600000000000001,17.2,23.6,23.6
0.000447,14.8,15.600000000000001,21.200000000000003,23.6
0.00044709999999999997,14.8,18.0,21.200000000000003,24.400000000000002
0.00044720000000000003,11.600000000000001,15.600000000000001,22.8,26.0
0.0004473,14.0,15.600000000000001,23.6,26.0
0.00044740000000000003,13.200000000000001,17.2,22.0,25.200000000000003
0.0004475,14.8,16.400000000000002,21.200000000000003,26.0
0.00044760000000000004,14.8,17.2,22.8,28.400000000000002
0.0004477,14.0,19.6,20.400000000000002,25.200000000000003
0.00044779999999999993,13.200000000000001,17.2,22.8,22.8
0.0004479,13.200000000000001,17.2,22.8,25.200000000000003
0.00044799999999999994,16.400000000000002,18.0,19.6,26.8
0.0004481,12.4,17.2,22.8,26.0
0.00044819999999999994,14.8,16.400000000000002,22.8,24.400000000000002
0.0004483,13.200000000000001,18.0,20.400000000000002,25.200000000000003
0.00044839999999999995,15.600000000000001,17.2,22.8,25.200000000000003
0.0004485,12.4,14.8,24.400000000000002,24.400000000000002
0.00044859999999999995,13.200000000000001,17.2,22.0,24.400000000000002
0.0004487,17.2,16.400000000000002,23.6,24.400000000000002
0.00044879999999999996,14.0,14.8,21.200000000000003,24.400000000000002
0.0004489,14.0,18.8,22.0,25.200000000000003
0.00044899999999999996,13.200000000000001,13.200000000000001,23.6,24.400000000000002
0.0004491,13.200000000000001,15.600000000000001,22.0,22.8
0.00044919999999999997,14.8,17.2,22.0,25.200000000000003
0.0004493,14.8,17.2,22.0,26.0
0.0004494,12.4,16.400000000000002,22.0,24.400000000000002
0.00044950000000000003,14.0,17.2,22.0,25.200000000000003
0.0004496,13.200000000000001,15.600000000000001,22.0,23.6
0.00044970000000000003,12.4,16.400000000000002,22.8,25.200000000000003
0.0004498,13.200000000000001,18.0,22.8,24.400000000000002
0.00044990000000000004,14.0,18.0,22.8,26.0
0.00045,15.600000000000001,16.400000000000002,23.6,26.8
0.00045009999999999994,14.0,18.0,21.200000000000003,25.200000000000003
0.0004502,14.0,16.400000000000002,24.400000000000002,21.200000000000003
0.00045029999999999994,14.0,16.400000000000002,22.0,25.200000000000003
0.0004504,14.8,16.400000000000002,21.200000000000003,25.200000000000003
0.00045049999999999995,14.0,19.6,22.0,22.0
0.0004506,14.8,18.8,21.200000000000003,24.400000000000002
0.00045069999999999995,11.600000000000001,16.400000000000002,22.8,26.0
0.0004508,15.600000000000001,16.400000000000002,23.6,25.200000000000003
0.00045089999999999996,16.400000000000002,16.400000000000002,24.400000000000002,26.0
0.000451,14.0,18.0,21.200000000000003,25.200000000000003
0.00045109999999999996,13.200000000000001,18.0,22.8,23.6
0.0004512,12.4,18.0,22.0,22.8
0.00045129999999999997,11.600000000000001,18.8,21.200000000000003,22.8
0.0004514,13.200000000000001,15.600000000000001,20.400000000000002,23.6
0.00045149999999999997,15.600000000000001,17.2,22.8,26.8
0.0004516,14.0,16.400000000000002,22.8,26.0
0.0004517,13.200000000000001,17.2,22.0,23.6
0.00045180000000000003,14.0,16.400000000000002,21.200000000000003,25.200000000000003
0.0004519,13.200000000000001,16.400000000000002,22.0,25.200000000000003
0.00045200000000000004,14.8,18.8,22.0,22.8
0.0004521,13.200000000000001,18.0,22.0,24.400000000000002
0.00045220000000000004,12.4,15.600000000000001,21.200000000000003,22.0
0.0004523,14.0,17.2,22.0,24.400000000000002
0.00045239999999999994,15.600000000000001,16.400000000000002,22.0,25.200000000000003
0.0004525,13.200000000000001,18.8,20.400000000000002,23.6
0.00045259999999999994,14.8,18.0,22.0,25.200000000000003
0.0004527,14.0,17.2,22.8,26.0
0.00045279999999999995,12.4,16.400000000000002,22.0,23.6
0.0004529,14.8,19.6,21.200000000000003,24.400000000000002
0.00045299999999999995,13.200000000000001,17.2,22.8,26.0
0.0004531,13.200000000000001,16.400000000000002,20.400000000000002,26.0
0.00045319999999999996,14.8,17.2,21.200000000000003,22.8
0.0004533,16.400000000000002,15.600000000000001,20.400000000000002,26.0
0.00045339999999999996,15.600000000000001,17.2,20.400000000000002,26.0
0.0004535,14.8,17.2,24.400000000000002,23.6
0.00045359999999999997,17.2,18.0,22.0,24.400000000000002
0.0004537,14.0,18.0,21.200000000000003,23.6
0.00045379999999999997,14.8,16.400000000000002,22.0,25.200000000000003
0.00045390000000000003,13.200000000000001,17.2,20.400000000000002,24.400000000000002
0.000454,14.8,16.400000000000002,22.8,26.8
0.00045410000000000003,14.0,15.600000000000001,21.200000000000003,25.200000000000003
0.0004542,10.8,15.600000000000001,22.8,26.0
0.00045430000000000004,16.400000000000002,15.600000000000001,26.0,22.8
0.0004544,14.0,16.400000000000002,22.8,25.200000000000003
0.00045449999999999993,12.4,17.2,23.6,26.0
0.0004546,14.0,16.400000000000002,21.200000000000003,22.8
0.00045469999999999994,14.8,15.600000000000001,22.0,24.400000000000002
0.0004548,14.8,17.2,21.200000000000003,25.200000000000003
0.00045489999999999994,12.4,17.2,22.8,26.0
0.000455,14.0,15.600000000000001,21.200000000000003,23.6
0.00045509999999999995,12.4,19.6,20.400000000000002,26.0
0.0004552,13.200000000000001,18.0,21.200000000000003,22.8
0.00045529999999999995,12.4,14.8,22.8,22.0
0.0004554,14.0,17.2,21.200000000000003,26.0
0.00045549999999999996,14.8,18.0,20.400000000000002,27.6
0.0004556,15.600000000000001,17.2,21.200000000000003,22.8
0.00045569999999999996,12.4,17.2,22.8,25.200000000000003
0.0004558,14.0,17.2,21.200000000000003,23.6
0.00045589999999999997,14.0,18.0,19.6,25.200000000000003
0.000456,10.8,16.400000000000002,22.8,23.6
0.0004561,12.4,17.2,22.0,22.8
0.00045620000000000003,14.0,16.400000000000002,23.6,26.0
0.0004563,14.0,17.2,20.400000000000002,25.200000000000003
0.00045640000000000003,10.0,16.400000000000002,21.200000000000003,27.6
0.0004565,12.4,18.0,24.400000000000002,23.6
0.00045660000000000004,13.200000000000001,15.600000000000001,22.0,26.0
0.0004567,13.200000000000001,18.0,21.200000000000003,24.400000000000002
0.00045679999999999994,14.8,18.8,22.8,25.200000000000003
0.0004569,14.0,14.8,24.400000000000002,25.200000000000003
0.00045699999999999994,14.0,17.2,21.200000000000003,21.200000000000003
0.0004571,14.8,18.0,20.400000000000002,23.6
0.00045719999999999995,12.4,18.8,22.8,23.6
0.0004573,10.8,15.600000000000001,21.200000000000003,24.400000000000002
0.00045739999999999995,14.0,17.2,22.0,22.0
0.0004575,16.400000000000002,16.400000000000002,22.0,25.200000000000003
0.00045759999999999996,16.400000000000002,18.8,21.200000000000003,24.400000000000002
0.0004577,16.400000000000002,15.600000000000001,20.400000000000002,22.8
0.00045779999999999996,14.8,16.400000000000002,23.6,26.0
0.0004579,13.200000000000001,14.8,22.8,26.0
0.00045799999999999997,14.0,15.600000000000001,23.6,24.400000000000002
0.0004581,14.0,14.0,21.200000000000003,25.200000000000003
0.00045819999999999997,14.0,15.600000000000001,20.400000000000002,26.0
0.0004583,12.4,17.2,22.0,26.0
0.0004584,14.8,16.400000000000002,21.200000000000003,24.400000000000002
0.00045850000000000003,11.600000000000001,14.8,21.200000000000003,23.6
0.0004586,14.0,18.0,21.200000000000003,24.400000000000002
0.00045870000000000004,13.200000000000001,17.2,22.0,28.400000000000002
0.0004588,14.8,18.8,21.200000000000003,24.400000000000002
0.00045890000000000004,14.0,16.400000000000002,22.0,24.400000000000002
0.000459,14.0,18.0,22.8,24.400000000000002
0.00045909999999999994,11.600000000000001,14.0,25.200000000000003,23.6
0.0004592,14.0,16.400000000000002,22.8,22.8
0.00045929999999999994,13.200000000000001,17.2,21.200000000000003,26.0
0.0004594,14.0,14.0,22.8,25.200000000000003
0.00045949999999999995,13.200000000000001,15.600000000000001,19.6,23.6
0.0004596,13.200000000000001,17.2,22.0,21.200000000000003
0.00045969999999999995,13.200000000000001,16.400000000000002,23.6,23.6
0.0004598,14.0,16.400000000000002,23.6,23.6
0.00045989999999999996,13.200000000000001,18.8,20.400000000000002,24.400000000000002
0.00046,10.8,18.8,22.0,25.200000000000003
0.00046009999999999996,14.8,17.2,22.0,24.400000000000002
0.0004602,11.600000000000001,19.6,20.400000000000002,24.400000000000002
0.00046029999999999997,14.0,17.2,23.6,25.200000000000003
0.0004604,13.200000000000001,19.6,19.6,24.400000000000002
0.00046049999999999997,13.200000000000001,18.0,21.200000000000003,26.0
0.00046060000000000003,13.200000000000001,17.2,23.6,26.0
0.0004607,12.4,16.400000000000002,22.0,27.6
0.00046080000000000003,13.200000000000001,14.8,22.8,24.400000000000002
0.0004609,13.200000000000001,17.2,21.200000000000003,25.200000000000003
0.00046100000000000004,18.0,16.400000000000002,21.200000000000003,26.0
0.0004611,13.200000000000001,17.2,22.0,25.200000000000003
0.00046119999999999993,14.8,19.6,21.200000000000003,26.0
0.0004613,14.8,17.2,24.400000000000002,23.6
0.00046139999999999994,14.0,17.2,22.8,27.6
0.0004615,12.4,15.600000000000001,22.0,26.0
0.00046159999999999994,12.4,15.600000000000001,22.8,24.400000000000002
0.0004617,14.0,15.600000000000001,19.6,24.400000000000002
0.00046179999999999995,14.0,18.8,22.0,23.6
0.0004619,14.0,18.0,21.200000000000003,22.8
0.00046199999999999995,13.200000000000001,16.400000000000002,22.0,26.0
0.0004621,14.8,15.600000000000001,20.400000000000002,25.200000000000003
0.00046219999999999996,13.200000000000001,18.0,22.8,26.0
0.0004623,16.400000000000002,14.0,22.0,25.200000000000003
0.00046239999999999996,12.4,17.2,20.400000000000002,25.200000000000003
0.0004625,13.200000000000001,17.2,19.6,23.6
0.00046259999999999997,14.0,15.600000000000001,20.400000000000002,24.400000000000002
0.0004627,13.200000000000001,17.2,22.8,22.8
0.0004628,13.200000000000001,18.8,22.0,24.400000000000002
0.00046290000000000003,13.200000000000001,18.8,21.200000000000003,22.0
0.000463,14.8,18.8,22.0,25.200000000000003
0.00046310000000000004,11.600000000000001,19.6,22.0,26.0
0.0004632,14.8,18.0,23.6,26.0
0.00046330000000000004,16.400000000000002,17.2,22.8,22.8
0.0004634,13.200000000000001,16.400000000000002,22.0,23.6
0.00046349999999999994,15.600000000000001,17.2,20.400000000000002,24.400000000000002
0.0004636,12.4,14.8,22.0,26.0
0.00046369999999999994,14.8,16.400000000000002,22.8,27.6
0.0004638,14.0,15.600000000000001,22.0,24.400000000000002
0.00046389999999999995,14.0,15.600000000000001,22.8,24.400000000000002
0.000464,14.0,18.0,21.200000000000003,24.400000000000002
0.00046409999999999995,14.0,17.2,20.400000000000002,25.200000000000003
0.0004642,13.200000000000001,15.600000000000001,20.400000000000002,23.6
0.00046429999999999996,15.600000000000001,16.400000000000002,18.8,25.200000000000003
0.0004644,14.0,16.400000000000002,23.6,25.200000000000003
0.00046449999999999996,14.8,16.400000000000002,24.400000000000002,24.400000000000002
0.0004646,14.8,17.2,21.200000000000003,25.200000000000003
0.00046469999999999997,13.200000000000001,17.2,23.6,26.0
0.0004648,11.600000000000001,17.2,21.200000000000003,24.400000000000002
0.00046489999999999997,13.200000000000001,17.2,20.400000000000002,25.200000000000003
0.000465,13.200000000000001,16.400000000000002,23.6,22.8
0.0004651,14.8,16.400000000000002,22.0,25.200000000000003
0.00046520000000000003,13.200000000000001,15.600000000000001,20.400000000000002,22.8
0.0004653,13.200000000000001,16.400000000000002,21.200000000000003,23.6
0.00046540000000000004,12.4,18.8,21.200000000000003,25.200000000000003
0.0004655,14.8,16.400000000000002,22.8,26.8
0.00046559999999999993,14.8,15.600000000000001,21.200000000000003,24.400000000000002
0.0004657,14.0,17.2,23.6,26.0
0.00046579999999999994,14.0,14.0,23.6,25.200000000000003
0.0004659,13.200000000000001,16.400000000000002,22.0,24.400000000000002
0.00046599999999999994,13.200000000000001,17.2,20.400000000000002,23.6
0.0004661,13.200000000000001,16.400000000000002,18.8,28.400000000000002
0.00046619999999999995,13.200000000000001,18.0,22.8,24.400000000000002
0.0004663,14.8,14.8,23.6,27.6
0.00046639999999999995,13.200000000000001,17.2,22.0,26.0
0.0004665,15.600000000000001,18.0,21.200000000000003,25.200000000000003
0.00046659999999999996,14.0,17.2,22.8,24.400000000000002
0.0004667,14.0,16.400000000000002,22.8,22.8
0.00046679999999999996,14.0,16.400000000000002,22.0,24.400000000000002
0.0004669,12.4,15.600000000000001,21.200000000000003,26.0
0.00046699999999999997,14.0,17.2,22.0,25.200000000000003
0.0004671,14.0,17.2,22.0,24.400000000000002
0.00046719999999999997,14.0,17.2,22.8,24.400000000000002
0.00046730000000000003,12.4,19.6,24.400000000000002,26.0
0.0004674,14.8,16.400000000000002,21.200000000000003,26.8
0.00046750000000000003,14.8,17.2,21.200000000000003,24.400000000000002
0.0004676,10.8,19.6,21.200000000000003,25.200000000000003
0.00046770000000000004,14.0,17.2,21.200000000000003,22.8
0.0004678,13.200000000000001,15.600000000000001,22.0,22.8
0.00046789999999999993,14.8,18.0,19.6,24.400000000000002
0.000468,14.0,18.0,20.400000000000002,24.400000000000002
0.00046809999999999994,12.4,16.400000000000002,23.6,26.0
0.0004682,11.600000000000001,18.8,23.6,25.200000000000003
0.00046829999999999994,14.8,17.2,19.6,23.6
0.0004684,13.200000000000001,16.400000000000002,22.0,24.400000000000002
0.00046849999999999995,14.0,18.0,21.200000000000003,24.400000000000002
0.0004686,13.200000000000001,17.2,22.0,26.0
0.00046869999999999995,14.8,16.400000000000002,20.400000000000002,22.0
0.0004688,14.0,18.0,22.0,25.200000000000003
0.00046889999999999996,14.0,17.2,23.6,22.8
0.000469,14.8,14.0,21.200000000000003,24.400000000000002
0.00046909999999999996,14.8,15.600000000000001,19.6,22.8
0.0004692,12.4,14.0,18.0,23.6
0.00046929999999999997,13.200000000000001,17.2,21.200000000000003,24.400000000000002
0.0004694,13.200000000000001,18.0,23.6,24.400000000000002
0.0004695,14.8,16.400000000000002,21.200000000000003,24.400000000000002
0.00046960000000000003,15.600000000000001,16.400000000000002,21.200000000000003,22.8
0.0004697,14.0,15.600000000000001,22.8,26.0
0.00046980000000000004,12.4,16.400000000000002,22.0,24.400000000000002
0.0004699,13.200000000000001,18.0,22.0,24.400000000000002
0.00047000000000000004,14.0,19.6,21.200000000000003,24.400000000000002
0.0004701,10.0,16.400000000000002,22.0,24.400000000000002
0.00047019999999999994,12.4,17.2,20.400000000000002,26.0
0.0004703,11.600000000000001,14.0,22.0,26.0
0.00047039999999999994,14.0,16.400000000000002,23.6,22.8
0.0004705,13.200000000000001,18.8,21.200000000000003,22.8
0.00047059999999999995,14.0,15.600000000000001,23.6,23.6
0.0004707,12.4,18.8,23.6,26.8
0.00047079999999999995,14.0,17.2,26.8,24.400000000000002
0.0004709,13.200000000000001,16.400000000000002,22.0,22.8
0.00047099999999999996,14.0,17.2,23.6,26.0
0.0004711,13.200000000000001,16.400000000000002,22.8,25.200000000000003
0.00047119999999999996,14.8,16.400000000000002,23.6,25.200000000000003
0.0004713,14.0,14.8,22.0,22.8
0.00047139999999999997,10.8,15.600000000000001,19.6,24.400000000000002
0.0004715,14.8,15.600000000000001,21.200000000000003,26.0
0.00047159999999999997,14.8,17.2,20.400000000000002,24.400000000000002
0.00047170000000000003,14.8,17.2,20.400000000000002,26.0
0.0004718,11.600000000000001,15.600000000000001,22.8,26.8
0.00047190000000000003,13.200000000000001,17.2,19.6,24.400000000000002
0.000472,13.200000000000001,16.400000000000002,22.8,26.0
0.00047210000000000004,14.8,17.2,22.8,24.400000000000002
0.0004722,13.200000000000001,16.400000000000002,22.8,22.8
0.00047229999999999993,13.200000000000001,18.0,20.400000000000002,24.400000000000002
0.0004724,14.0,18.0,21.200000000000003,25.200000000000003
0.00047249999999999994,14.8,17.2,20.400000000000002,26.8
0.0004726,15.600000000000001,15.600000000000001,22.0,23.6
0.00047269999999999994,14.8,15.600000000000001,20.400000000000002,22.8
0.0004728,14.0,15.600000000000001,22.8,24.400000000000002
0.00047289999999999995,12.4,18.0,20.400000000000002,25.200000000000003
0.000473,13.200000000000001,14.0,20.400000000000002,25.200000000000003
0.00047309999999999995,12.4,13.200000000000001,20.400000000000002,27.6
0.0004732,14.0,17.2,20.400000000000002,24.400000000000002
0.00047329999999999996,12.4,16.400000000000002,21.200000000000003,24.400000000000002
0.0004734,14.8,15.600000000000001,20.400000000000002,23.6
0.00047349999999999996,10.0,16.400000000000002,21.200000000000003,25.200000000000003
0.0004736,14.0,18.0,21.200000000000003,25.200000000000003
0.00047369999999999997,11.600000000000001,16.400000000000002,21.200000000000003,25.200000000000003
0.0004738,14.8,18.0,21.200000000000003,24.400000000000002
0.00047389999999999997,15.600000000000001,14.8,23.6,25.200000000000003
0.00047400000000000003,13.200000000000001,16.400000000000002,23.6,22.0
0.0004741,11.600000000000001,18.8,23.6,25.200000000000003
0.00047420000000000003,14.8,15.600000000000001,20.400000000000002,23.6
0.0004743,11.600000000000001,17.2,21.200000000000003,24.400000000000002
0.00047440000000000004,12.4,16.400000000000002,22.8,26.0
0.0004745,13.200000000000001,17.2,22.0,23.6
0.00047459999999999994,14.0,14.8,22.0,27.6
0.0004747,13.200000000000001,18.0,23.6,22.0
0.00047479999999999994,13.200000000000001,16.400000000000002,20.400000000000002,24.400000000000002
0.0004749,11.600000000000001,18.0,22.0,23.6
0.00047499999999999994,14.0,14.8,20.400000000000002,25.200000000000003
0.0004751,10.8,15.600000000000001,22.8,23.6
0.00047519999999999995,14.0,15.600000000000001,22.0,23.6
0.0004753,14.0,17.2,22.8,25.200000000000003
0.00047539999999999995,13.200000000000001,16.400000000000002,23.6,22.8
0.0004755,14.0,14.8,24.400000000000002,23.6
0.00047559999999999996,14.8,16.400000000000002,23.6,24.400000000000002
0.0004757,14.0,19.6,23.6,22.8
0.00047579999999999996,17.2,18.0,22.0,25.200000000000003
0.0004759,16.400000000000002,15.600000000000001,22.0,25.200000000000003
0.00047599999999999997,11.600000000000001,18.8,22.8,23.6
0.0004761,11.600000000000001,17.2,22.0,22.8
0.0004762,12.4,19.6,20.400000000000002,25.200000000000003
0.00047630000000000003,13.200000000000001,16.400000000000002,20.400000000000002,22.8
0.0004764,13.200000000000001,19.6,18.8,23.6
0.00047650000000000004,12.4,17.2,21.200000000000003,22.8
0.0004766,14.0,16.400000000000002,22.8,25.200000000000003
0.00047670000000000004,13.200000000000001,15.600000000000001,19.6,25.200000000000003
0.0004768,12.4,18.0,22.0,25.200000000000003
0.00047689999999999994,12.4,16.400000000000002,22.0,24.400000000000002
0.000477,14.0,15.600000000000001,21.200000000000003,25.200000000000003
0.00047709999999999994,14.8,16.400000000000002,21.200000000000003,24.400000000000002
0.0004772,14.0,19.6,22.0,23.6
0.00047729999999999995,14.8,18.0,21.200000000000003,26.0
0.0004774,10.0,17.2,21.200000000000003,25.200000000000003
0.00047749999999999995,13.200000000000001,16.400000000000002,22.0,26.0
0.0004776,13.200000000000001,14.8,23.6,25.200000000000003
0.00047769999999999996,11.600000000000001,17.2,22.8,26.0
0.0004778,14.0,15.600000000000001,22.8,26.0
0.00047789999999999996,14.0,16.400000000000002,22.8,22.8
0.000478,11.600000000000001,19.6,21.200000000000003,22.8
0.00047809999999999997,14.0,18.0,18.0,25.200000000000003
0.0004782,10.8,18.0,21.200000000000003,23.6
0.00047829999999999997,12.4,17.2,21.200000000000003,24.400000000000002
0.00047840000000000003,13.200000000000001,15.600000000000001,21.200000000000003,23.6
0.0004785,13.200000000000001,18.0,21.200000000000003,25.200000000000003
0.00047860000000000003,14.0,18.0,22.0,25.200000000000003
0.0004787,11.600000000000001,17.2,22.0,26.0
0.00047880000000000004,12.4,16.400000000000002,22.8,25.200000000000003
0.0004789,13.200000000000001,18.0,20.400000000000002,25.200000000000003
0.00047899999999999993,12.4,15.600000000000001,22.0,25.200000000000003
0.0004791,12.4,17.2,22.8,26.0
0.00047919999999999994,12.4,17.2,22.8,26.8
0.0004793,14.0,14.0,21.200000000000003,23.6
0.00047939999999999994,14.8,14.0,22.0,24.400000000000002
0.0004795,14.8,18.0,22.8,25.200000000000003
0.00047959999999999995,14.0,18.0,20.400000000000002,24.400000000000002
0.0004797,16.400000000000002,17.2,23.6,23.6
0.00047979999999999995,13.200000000000001,15.600000000000001,24.400000000000002,24.400000000000002
0.0004799,14.8,15.600000000000001,23.6,22.8
0.00047999999999999996,14.8,18.8,19.6,25.200000000000003
0.0004801,12.4,18.0,18.8,25.200000000000003
0.00048019999999999996,14.0,17.2,22.0,27.6
0.0004803,11.600000000000001,17.2,22.0,21.200000000000003
0.00048039999999999997,10.0,16.400000000000002,20.400000000000002,24.400000000000002
0.0004805,10.8,15.600000000000001,22.0,24.400000000000002
0.00048059999999999997,14.8,16.400000000000002,22.0,23.6
0.00048070000000000003,13.200000000000001,15.600000000000001,20.400000000000002,23.6
0.0004808,14.8,17.2,21.200000000000003,25.200000000000003
0.00048090000000000003,11.600000000000001,18.0,22.0,26.8
0.000481,13.200000000000001,14.8,20.400000000000002,22.8
0.00048110000000000004,13.200000000000001,16.400000000000002,21.200000000000003,23.6
0.0004812,14.0,16.400000000000002,22.0,23.6
0.00048129999999999994,13.200000000000001,16.400000000000002,21.200000000000003,25.200000000000003
0.0004814,14.8,18.8,21.200000000000003,26.8
0.00048149999999999994,15.600000000000001,18.0,22.0,24.400000000000002
0.0004816,13.200000000000001,16.400000000000002,19.6,25.200000000000003
0.00048169999999999995,12.4,18.0,18.8,26.0
0.0004818,14.0,19.6,23.6,26.0
0.00048189999999999995,14.0,17.2,20.400000000000002,26.0
0.000482,13.200000000000001,17.2,22.8,22.8
0.00048209999999999995,10.8,16.400000000000002,22.8,24.400000000000002
0.0004822,13.200000000000001,15.600000000000001,19.6,22.8
0.00048229999999999996,12.4,18.8,20.400000000000002,23.6
0.0004824,13.200000000000001,16.400000000000002,22.8,22.8
0.00048249999999999996,11.600000000000001,17.2,20.400000000000002,22.0
0.0004826,13.200000000000001,14.0,22.8,26.0
0.00048269999999999997,14.0,18.0,22.8,25.200000000000003
0.0004828,13.200000000000001,16.400000000000002,22.0,23.6
0.0004829,14.8,16.400000000000002,22.0,27.6
0.00048300000000000003,14.8,17.2,22.0,25.200000000000003
0.0004831,12.4,16.400000000000002,22.8,24.400000000000002
0.00048320000000000004,15.600000000000001,16.400000000000002,23.6,23.6
0.0004833,12.4,15.600000000000001,22.8,25.200000000000003
0.00048340000000000004,11.600000000000001,17.2,20.400000000000002,23.6
0.0004835,13.200000000000001,18.8,22.8,25.200000000000003
0.00048359999999999994,14.0,18.0,22.0,25.200000000000003
0.0004837,13.200000000000001,16.400000000000002,22.8,25.200000000000003
0.00048379999999999994,11.600000000000001,18.0,21.200000000000003,22.8
0.0004839,14.0,17.2,22.0,24.400000000000002
0.00048399999999999995,13.200000000000001,14.8,22.0,24.400000000000002
0.0004841,13.200000000000001,15.600000000000001,22.0,25.200000000000003
0.00048419999999999995,13.200000000000001,17.2,20.400000000000002,22.8
0.0004843,12.4,17.2,21.200000000000003,24.400000000000002
0.00048439999999999996,10.8,16.400000000000002,21.200000000000003,21.200000000000003
0.0004845,14.8,18.0,22.8,20.400000000000002
0.00048459999999999996,13.200000000000001,15.600000000000001,24.400000000000002,22.8
0.0004847,11.600000000000001,16.400000000000002,23.6,22.8
0.00048479999999999997,12.4,16.400000000000002,21.200000000000003,26.0
0.0004849,17.2,15.600000000000001,22.8,27.6
0.00048499999999999997,12.4,16.400000000000002,21.200000000000003,26.0
0.00048510000000000003,11.600000000000001,18.0,23.6,25.200000000000003
0.0004852,13.200000000000001,17.2,21.200000000000003,26.0
0.00048530000000000003,12.4,15.600000000000001,20.400000000000002,23.6
0.0004854,11.600000000000001,14.0,22.0,26.0
0.00048550000000000004,12.4,14.8,24.400000000000002,26.8
0.0004856,12.4,18.8,22.0,23.6
0.00048569999999999993,14.8,18.0,20.400000000000002,24.400000000000002
0.0004858,12.4,15.600000000000001,24.400000000000002,23.6
0.00048589999999999994,15.600000000000001,16.400000000000002,22.0,26.0
0.000486,14.0,17.2,22.0,22.8
0.00048609999999999994,16.400000000000002,14.8,21.200000000000003,26.8
0.0004862,12.4,15.600000000000001,21.200000000000003,21.200000000000003
0.00048629999999999995,14.0,15.600000000000001,20.400000000000002,22.0
0.0004864,13.200000000000001,15.600000000000001,23.6,24.400000000000002
0.00048649999999999995,13.200000000000001,17.2,22.0,26.0
0.0004866,13.200000000000001,15.600000000000001,22.8,23.6
0.00048669999999999996,14.0,17.2,22.0,24.400000000000002
0.0004868,13.200000000000001,16.400000000000002,20.400000000000002,22.8
0.00048689999999999996,13.200000000000001,17.2,22.0,23.6
0.000487,11.600000000000001,15.600000000000001,23.6,24.400000000000002
0.00048709999999999997,13.200000000000001,18.0,22.0,22.8
0.0004872,12.4,18.0,22.8,24.400000000000002
0.00048729999999999997,14.8,14.8,21.200000000000003,24.400000000000002
0.00048740000000000003,12.4,15.600000000000001,20.400000000000002,21.200000000000003
0.0004875,11.600000000000001,17.2,19.6,22.0
0.00048760000000000003,12.4,17.2,20.400000000000002,24.400000000000002
0.0004877,14.8,17.2,22.8,25.200000000000003
0.00048780000000000004,11.600000000000001,17.2,24.400000000000002,23.6
0.0004879,10.8,14.8,22.0,22.8
0.00048799999999999994,12.4,15.600000000000001,19.6,25.200000000000003
0.0004881,13.200000000000001,16.400000000000002,22.8,26.0
0.00048819999999999994,12.4,17.2,22.8,22.8
0.0004883,15.600000000000001,19.6,18.8,23.6
0.0004883999999999999,13.200000000000001,15.600000000000001,21.200000000000003,22.0
0.0004885,11.600000000000001,16.400000000000002,22.8,25.200000000000003
0.0004886,11.600000000000001,15.600000000000001,21.200000000000003,22.8
0.0004887,14.8,17.2,22.8,25.200000000000003
0.0004888,13.200000000000001,16.400000000000002,22.0,25.200000000000003
0.0004889,12.4,20.400000000000002,21.200000000000003,24.400000000000002
0.000489,12.4,15.600000000000001,22.0,26.0
0.0004891,11.600000000000001,17.2,24.400000000000002,23.6
0.0004892,14.0,15.600000000000001,22.0,23.6
0.0004893,14.8,18.0,20.400000000000002,23.6
0.0004894,11.600000000000001,17.2,20.400000000000002,25.200000000000003
0.0004895,12.4,18.8,24.400000000000002,25.200000000000003
0.0004896,14.0,14.8,20.400000000000002,21.200000000000003
0.0004897,12.4,17.2,24.400000000000002,24.400000000000002
0.0004898,12.4,18.8,20.400000000000002,27.6
0.0004899,11.600000000000001,15.600000000000001,20.400000000000002,26.0
0.00049,14.8,18.0,19.6,24.400000000000002
0.0004900999999999999,12.4,18.0,23.6,22.8
0.0004902,14.8,17.2,22.8,26.0
0.0004902999999999999,14.0,17.2,19.6,24.400000000000002
0.0004904,14.0,14.0,23.6,25.200000000000003
0.0004904999999999999,10.0,14.8,18.8,24.400000000000002
0.0004906,13.200000000000001,16.400000000000002,21.200000000000003,22.8
0.0004907,13.200000000000001,16.400000000000002,22.0,26.0
0.0004908,12.4,14.8,22.0,26.0
0.0004909,14.0,16.400000000000002,22.0,24.400000000000002
0.000491,14.8,16.400000000000002,20.400000000000002,26.0
0.0004911,11.600000000000001,17.2,20.400000000000002,24.400000000000002
0.0004912,12.4,17.2,22.0,26.8
0.0004913,14.8,17.2,22.8,26.0
0.0004914,12.4,16.400000000000002,23.6,25.200000000000003
0.0004915,14.0,16.400000000000002,21.200000000000003,25.200000000000003
0.0004916,14.0,17.2,22.0,19.6
0.0004917,12.4,13.200000000000001,22.0,25.200000000000003
0.0004918,11.600000000000001,15.600000000000001,20.400000000000002,26.0
0.0004919,12.4,17.2,22.8,23.6
0.000492,13.200000000000001,15.600000000000001,22.8,26.8
0.0004921,14.8,17.2,22.0,24.400000000000002
0.0004922,13.200000000000001,16.400000000000002,22.8,26.0
0.0004923,12.4,16.400000000000002,20.400000000000002,24.400000000000002
0.0004923999999999999,12.4,18.0,21.200000000000003,24.400000000000002
0.0004925,14.0,15.600000000000001,22.0,22.8
0.0004925999999999999,13.200000000000001,16.400000000000002,18.0,24.400000000000002
0.0004927,14.0,17.2,19.6,25.200000000000003
0.0004927999999999999,13.200000000000001,15.600000000000001,21.200000000000003,23.6
0.0004929,14.0,15.600000000000001,21.200000000000003,23.6
0.000493,12.4,18.8,22.0,24.400000000000002
0.0004931,12.4,17.2,22.0,23.6
0.0004932,12.4,16.400000000000002,21.200000000000003,26.0
0.0004933,12.4,17.2,22.0,24.400000000000002
0.0004934,11.600000000000001,18.0,20.400000000000002,24.400000000000002
0.0004935,12.4,15.600000000000001,20.400000000000002,23.6
0.0004936,10.8,15.600000000000001,22.8,21.200000000000003
0.0004937,10.8,16.400000000000002,21.200000000000003,26.0
0.0004938,12.4,15.600000000000001,20.400000000000002,22.8
0.0004939,16.400000000000002,18.8,21.200000000000003,25.200000000000003
0.000494,14.0,15.600000000000001,19.6,23.6
0.0004941,13.200000000000001,15.600000000000001,19.6,26.0
0.0004942,14.0,17.2,20.400000000000002,26.8
0.0004943,12.4,16.400000000000002,21.200000000000003,23.6
0.0004944,12.4,16.400000000000002,22.8,24.400000000000002
0.0004945,13.200000000000001,18.8,19.6,26.8
0.0004946,11.600000000000001,16.400000000000002,22.8,24.400000000000002
0.0004946999999999999,14.8,15.600000000000001,20.400000000000002,23.6
0.0004948,14.0,18.0,24.400000000000002,22.8
0.0004948999999999999,10.0,18.0,21.200000000000003,26.0
0.000495,14.8,18.0,20.400000000000002,25.200000000000003
0.0004950999999999999,11.600000000000001,14.8,22.8,22.8
0.0004952,13.200000000000001,16.400000000000002,22.0,22.8
0.0004953,12.4,16.400000000000002,21.200000000000003,24.400000000000002
0.0004954,12.4,15.600000000000001,22.0,23.6
0.0004955,13.200000000000001,16.400000000000002,19.6,22.8
0.0004956,12.4,17.2,23.6,25.200000000000003
0.0004957,14.0,15.600000000000001,22.0,25.200000000000003
0.0004958,10.8,18.0,21.200000000000003,25.200000000000003
0.0004959,14.0,16.400000000000002,20.400000000000002,23.6
0.000496,13.200000000000001,16.400000000000002,23.6,23.6
0.0004961,11.600000000000001,16.400000000000002,20.400000000000002,24.400000000000002
0.0004962,14.0,16.400000000000002,21.200000000000003,22.8
0.0004963,12.4,14.0,22.8,25.200000000000003
0.0004964,12.4,19.6,22.0,25.200000000000003
0.0004965,12.4,17.2,18.8,24.400000000000002
0.0004966,10.0,17.2,20.400000000000002,24.400000000000002
0.0004967,11.600000000000001,15.600000000000001,20.400000000000002,24.400000000000002
0.0004967999999999999,12.4,18.0,22.0,25.200000000000003
0.0004969,14.8,17.2,18.8,21.200000000000003
0.0004969999999999999,12.4,17.2,22.0,22.8
0.0004971,12.4,17.2,22.8,23.6
0.0004971999999999999,12.4,16.400000000000002,21.200000000000003,22.8
0.0004973,14.0,18.8,22.8,23.6
0.0004974,11.600000000000001,15.600000000000001,21.200000000000003,23.6
0.0004975,14.0,14.8,20.400000000000002,22.8
0.0004976,13.200000000000001,15.600000000000001,22.0,24.400000000000002
0.0004977,14.0,17.2,20.400000000000002,25.200000000000003
0.0004978,13.200000000000001,15.600000000000001,21.200000000000003,25.200000000000003
0.0004979,14.0,17.2,21.200000000000003,24.400000000000002
0.000498,13.200000000000001,17.2,22.0,22.8
0.0004981,12.4,17.2,22.0,24.400000000000002
0.0004982,12.4,14.0,22.0,23.6
0.0004983,13.200000000000001,16.400000000000002,21.200000000000003,22.8
0.0004984,12.4,15.600000000000001,22.0,26.0
0.0004985,14.8,18.0,22.0,24.400000000000002
0.0004986,13.200000000000001,14.8,21.200000000000003,26.0
0.0004987,15.600000000000001,18.8,22.8,24.400000000000002
0.0004988,14.0,18.0,18.0,24.400000000000002
0.0004989,13.200000000000001,16.400000000000002,25.200000000000003,26.0
0.000499,12.4,16.400000000000002,19.6,23.6
0.0004990999999999999,12.4,16.400000000000002,21.200000000000003,22.0
0.0004992,10.8,17.2,21.200000000000003,21.200000000000003
0.0004992999999999999,13.200000000000001,17.2,21.200000000000003,22.0
0.0004994,13.200000000000001,15.600000000000001,19.6,24.400000000000002
0.0004994999999999999,15.600000000000001,16.400000000000002,20.400000000000002,24.400000000000002
0.0004996,14.8,18.0,22.0,26.0
0.0004997,9.200000000000001,18.0,23.6,26.0
0.0004998,13.200000000000001,17.2,18.8,24.400000000000002
0.0004999,13.200000000000001,16.400000000000002,20.400000000000002,23.6
0.0005,14.0,18.0,22.0,23.6
0.0005001,14.0,17.2,21.200000000000003,24.400000000000002
0.0005002,13.200000000000001,16.400000000000002,20.400000000000002,24.400000000000002
0.0005003,13.200000000000001,16.400000000000002,21.200000000000003,24.400000000000002
0.0005004,12.4,18.0,21.200000000000003,24.400000000000002
0.0005005,14.0,16.400000000000002,22.8,24.400000000000002
0.0005006,11.600000000000001,16.400000000000002,19.6,23.6
0.0005007,13.200000000000001,16.400000000000002,21.200000000000003,22.8
0.0005008,12.4,14.0,22.0,22.0
0.0005009,12.4,18.0,20.400000000000002,22.0
0.000501,10.0,15.600000000000001,21.200000000000003,25.200000000000003
0.0005011,14.0,16.400000000000002,21.200000000000003,23.6
0.0005012,11.600000000000001,18.0,20.400000000000002,22.8
0.0005013,13.200000000000001,16.400000000000002,18.8,26.0
0.0005013999999999999,11.600000000000001,17.2,19.6,26.0
0.0005015,14.0,15.600000000000001,23.6,24.400000000000002
0.0005015999999999999,11.600000000000001,17.2,22.0,22.8
0.0005017,14.8,16.400000000000002,20.400000000000002,26.0
0.0005017999999999999,14.8,17.2,20.400000000000002,23.6
0.0005019,12.4,14.0,22.8,24.400000000000002
0.000502,11.600000000000001,18.8,19.6,24.400000000000002
0.0005021,14.0,17.2,20.400000000000002,23.6
0.0005022,10.8,14.8,20.400000000000002,24.400000000000002
0.0005023,14.0,16.400000000000002,18.0,25.200000000000003
0.0005024,14.0,15.600000000000001,20.400000000000002,25.200000000000003
0.0005025,14.8,17.2,21.200000000000003,23.6
0.0005026,14.8,15.600000000000001,21.200000000000003,26.0
0.0005027,10.8,14.8,19.6,21.200000000000003
0.0005028,13.200000000000001,19.6,21.200000000000003,23.6
0.0005029,13.200000000000001,14.8,22.0,23.6
0.000503,12.4,18.8,22.8,22.8
0.0005031,13.200000000000001,16.400000000000002,19.6,23.6
0.0005032,10.0,15.600000000000001,22.0,24.400000000000002
0.0005033,15.600000000000001,14.0,21.200000000000003,24.400000000000002
0.0005034,14.0,17.2,22.0,25.200000000000003
0.0005034999999999999,14.0,14.0,23.6,25.200000000000003
0.0005036,12.4,16.400000000000002,22.8,22.8
0.0005036999999999999,12.4,16.400000000000002,22.8,25.200000000000003
0.0005038,10.8,15.600000000000001,22.8,22.8
0.0005038999999999999,12.4,14.0,21.200000000000003,26.8
0.000504,10.8,17.2,19.6,26.0
0.0005041,10.0,16.400000000000002,20.400000000000002,22.0
0.0005042,14.0,17.2,22.0,26.0
0.0005043,13.200000000000001,17.2,20.400000000000002,23.6
0.0005044,14.0,17.2,22.0,25.200000000000003
0.0005045,14.0,17.2,21.200000000000003,24.400000000000002
0.0005046,16.400000000000002,17.2,21.200000000000003,22.8
0.0005047,15.600000000000001,17.2,20.400000000000002,22.8
0.0005048,10.0,14.0,21.200000000000003,24.400000000000002
0.0005049,15.600000000000001,15.600000000000001,23.6,23.6
0.000505,13.200000000000001,17.2,20.400000000000002,22.8
0.0005051,13.200000000000001,16.400000000000002,19.6,25.200000000000003
0.0005052,13.200000000000001,14.0,21.200000000000003,22.8
0.0005053,14.8,15.600000000000001,20.400000000000002,26.0
0.0005054,15.600000000000001,16.400000000000002,22.0,26.8
0.0005055,12.4,14.0,21.200000000000003,24.400000000000002
0.0005056,13.200000000000001,16.400000000000002,22.0,25.200000000000003
0.0005057,12.4,16.400000000000002,18.8,23.6
0.0005057999999999999,11.600000000000001,18.0,21.200000000000003,26.8
0.0005059,12.4,17.2,20.400000000000002,26.0
0.0005059999999999999,11.600000000000001,14.8,20.400000000000002,24.400000000000002
0.0005061,14.0,17.2,20.400000000000002,23.6
0.0005061999999999999,10.8,17.2,19.6,26.0
0.0005063,13.200000000000001,15.600000000000001,20.400000000000002,25.200000000000003
0.0005064,14.8,16.400000000000002,21.200000000000003,24.400000000000002
0.0005065,15.600000000000001,15.600000000000001,21.200000000000003,25.200000000000003
0.0005066,14.0,16.400000000000002,19.6,25.200000000000003
0.0005067,13.200000000000001,17.2,21.200000000000003,25.200000000000003
0.0005068,12.4,17.2,21.200000000000003,26.0
0.0005069,13.200000000000001,14.0,23.6,24.400000000000002
0.000507,12.4,14.8,22.8,22.0
0.0005071,12.4,17.2,19.6,25.200000000000003
0.0005072,14.8,18.0,20.400000000000002,23.6
0.0005073,13.200000000000001,17.2,22.8,22.0
0.0005074,9.200000000000001,14.8,21.200000000000003,22.8
0.0005075,14.0,16.400000000000002,22.8,24.400000000000002
0.0005076,16.400000000000002,18.8,22.8,26.0
0.0005077,12.4,16.400000000000002,20.400000000000002,26.0
0.0005078,14.0,16.400000000000002,22.0,24.400000000000002
0.0005078999999999999,10.8,17.2,19.6,26.8
0.000508,10.8,16.400000000000002,21.200000000000003,24.400000000000002
0.0005080999999999999,12.4,14.8,22.0,24.400000000000002
0.0005082,12.4,17.2,23.6,23.6
0.0005082999999999999,14.0,17.2,21.200000000000003,25.200000000000003
0.0005084,13.200000000000001,17.2,20.400000000000002,22.8
0.0005085,11.600000000000001,17.2,20.400000000000002,25.200000000000003
0.0005086,11.600000000000001,14.8,20.400000000000002,22.8
0.0005087,12.4,16.400000000000002,20.400000000000002,24.400000000000002
0.0005088,13.200000000000001,17.2,21.200000000000003,22.8
0.0005089,14.0,15.600000000000001,22.0,23.6
0.000509,11.600000000000001,18.8,19.6,24.400000000000002
0.0005091,13.200000000000001,15.600000000000001,19.6,23.6
0.0005092,11.600000000000001,17.2,20.400000000000002,23.6
0.0005093,13.200000000000001,14.8,21.200000000000003,26.0
0.0005094,11.600000000000001,14.0,20.400000000000002,23.6
0.0005095,10.8,16.400000000000002,21.200000000000003,24.400000000000002
0.0005096,14.0,14.8,22.8,24.400000000000002
0.0005097,14.0,15.600000000000001,20.400000000000002,22.8
0.0005098,13.200000000000001,16.400000000000002,21.200000000000003,25.200000000000003
0.0005099,14.0,16.400000000000002,22.0,24.400000000000002
0.00051,13.200000000000001,17.2,20.400000000000002,25.200000000000003
0.0005101,14.0,16.400000000000002,19.6,22.8
0.0005101999999999999,14.0,16.400000000000002,18.0,22.0
0.0005103,13.200000000000001,15.600000000000001,22.0,24.400000000000002
0.0005103999999999999,10.8,15.600000000000001,22.0,24.400000000000002
0.0005105,11.600000000000001,17.2,18.8,23.6
0.0005105999999999999,13.200000000000001,15.600000000000001,20.400000000000002,24.400000000000002
0.0005107,12.4,15.600000000000001,21.200000000000003,23.6
0.0005108,13.200000000000001,14.8,22.0,25.200000000000003
0.0005109,13.200000000000001,14.8,22.0,22.8
0.000511,14.0,16.400000000000002,19.6,23.6
0.0005111,12.4,14.8,21.200000000000003,23.6
0.0005112,14.8,16.400000000000002,19.6,24.400000000000002
0.0005113,13.200000000000001,17.2,21.200000000000003,25.200000000000003
0.0005114,13.200000000000001,16.400000000000002,20.400000000000002,25.200000000000003
0.0005115,13.200000000000001,16.400000000000002,22.8,24.400000000000002
0.0005116,13.200000000000001,16.400000000000002,18.8,24.400000000000002
0.0005117,11.600000000000001,17.2,19.6,25.200000000000003
0.0005118,12.4,17.2,22.8,24.400000000000002
0.0005119,15.600000000000001,17.2,22.0,22.0
0.000512,14.0,16.400000000000002,20.400000000000002,22.8
0.0005121,16.400000000000002,17.2,19.6,26.8
0.0005122,14.8,17.2,23.6,23.6
0.0005123,15.600000000000001,17.2,22.0,24.400000000000002
0.0005124,11.600000000000001,17.2,20.400000000000002,22.8
0.0005124999999999999,12.4,16.400000000000002,22.0,22.8
0.0005126,13.200000000000001,16.400000000000002,20.400000000000002,25.200000000000003
0.0005126999999999999,13.200000000000001,17.2,22.0,21.200000000000003
0.0005128,12.4,16.400000000000002,22.8,22.8
0.0005128999999999999,13.200000000000001,18.8,19.6,22.8
0.000513,13.200000000000001,15.600000000000001,21.200000000000003,25.200000000000003
0.0005131,10.8,17.2,20.400000000000002,22.0
0.0005132,13.200000000000001,16.400000000000002,20.400000000000002,22.8
0.0005133,12.4,15.600000000000001,20.400000000000002,22.8
0.0005134,13.200000000000001,16.400000000000002,23.6,22.8
0.0005135,10.8,17.2,20.400000000000002,22.8
0.0005136,13.200000000000001,17.2,22.0,23.6
0.0005137,13.200000000000001,18.0,21.200000000000003,24.400000000000002
0.0005138,13.200000000000001,15.600000000000001,22.8,22.8
0.0005139,13.200000000000001,16.400000000000002,22.0,23.6
0.000514,14.0,18.0,22.0,25.200000000000003
0.0005141,13.200000000000001,14.8,21.200000000000003,23.6
0.0005142,11.600000000000001,15.600000000000001,21.200000000000003,23.6
0.0005143,10.8,15.600000000000001,22.0,23.6
0.0005144,11.600000000000001,16.400000000000002,19.6,23.6
0.0005145,13.200000000000001,15.600000000000001,19.6,22.8
0.0005145999999999999,11.600000000000001,16.400000000000002,22.0,23.6
0.0005147,11.600000000000001,14.8,21.200000000000003,24.400000000000002
0.0005147999999999999,14.8,17.2,21.200000000000003,24.400000000000002
0.0005149,11.600000000000001,16.400000000000002,20.400000000000002,23.6
0.0005149999999999999,13.200000000000001,16.400000000000002,18.0,24.400000000000002
0.0005151,13.200000000000001,15.600000000000001,22.0,25.200000000000003
0.0005152,14.0,18.0,20.400000000000002,24.400000000000002
0.0005153,13.200000000000001,15.600000000000001,22.8,24.400000000000002
0.0005154,12.4,18.0,22.0,22.0
0.0005155,13.200000000000001,17.2,20.400000000000002,26.8
0.0005156,12.4,17.2,20.400000000000002,22.0
0.0005157,14.0,15.600000000000001,18.8,22.8
0.0005158,13.200000000000001,17.2,20.400000000000002,23.6
0.0005159,11.600000000000001,17.2,22.8,22.8
0.000516,13.200000000000001,16.400000000000002,24.400000000000002,26.8
0.0005161,13.200000000000001,17.2,21.200000000000003,22.8
0.0005162,11.600000000000001,17.2,20.400000000000002,26.0
0.0005163,14.0,16.400000000000002,21.200000000000003,22.8
0.0005164,13.200000000000001,17.2,21.200000000000003,23.6
0.0005165,12.4,15.600000000000001,22.8,22.0
0.0005166,13.200000000000001,14.8,22.8,22.8
0.0005167,13.200000000000001,14.8,23.6,22.8
0.0005168,13.200000000000001,14.8,21.200000000000003,22.8
0.0005168999999999999,10.8,16.400000000000002,22.8,23.6
0.000517,12.4,18.0,23.6,24.400000000000002
0.0005170999999999999,10.8,15.600000000000001,20.400000000000002,24.400000000000002
0.0005172,13.200000000000001,14.8,19.6,22.0
0.0005172999999999999,10.8,17.2,22.0,24.400000000000002
0.0005174,12.4,17.2,19.6,22.0
0.0005175,14.8,14.8,22.0,22.8
0.0005176,12.4,14.8,19.6,25.200000000000003
0.0005177,11.600000000000001,17.2,21.200000000000003,23.6
0.0005178,12.4,14.8,18.8,23.6
0.0005179,12.4,15.600000000000001,23.6,22.8
0.000518,14.0,15.600000000000001,20.400000000000002,24.400000000000002
0.0005181,11.600000000000001,17.2,19.6,24.400000000000002
0.0005182,15.600000000000001,16.400000000000002,21.200000000000003,24.400000000000002
0.0005183,14.0,15.600000000000001,20.400000000000002,22.8
0.0005184,10.8,15.600000000000001,21.200000000000003,23.6
0.0005185,12.4,16.400000000000002,23.6,23.6
0.0005186,10.0,19.6,22.8,25.200000000000003
0.0005187,14.8,16.400000000000002,21.200000000000003,25.200000000000003
0.0005188,13.200000000000001,14.0,21.200000000000003,22.0
0.0005189,14.8,12.4,20.400000000000002,24.400000000000002
0.000519,12.4,15.600000000000001,18.0,25.200000000000003
0.0005191,12.4,16.400000000000002,19.6,22.0
0.0005191999999999999,11.600000000000001,14.8,22.0,25.200000000000003
0.0005193,13.200000000000001,17.2,20.400000000000002,26.0
0.0005193999999999999,11.600000000000001,15.600000000000001,20.400000000000002,24.400000000000002
0.0005195,13.200000000000001,16.400000000000002,23.6,22.8
0.0005195999999999999,13.200000000000001,16.400000000000002,20.400000000000002,25.200000000000003
0.0005197,12.4,14.8,21.200000000000003,22.8
0.0005198,10.0,16.400000000000002,20.400000000000002,22.0
0.0005199,12.4,14.0,22.0,24.400000000000002
0.00052,13.200000000000001,15.600000000000001,18.8,25.200000000000003
0.0005201,11.600000000000001,16.400000000000002,20.400000000000002,24.400000000000002
0.0005202,14.8,16.400000000000002,19.6,23.6
0.0005203,11.600000000000001,18.0,22.0,23.6
0.0005204,14.0,15.600000000000001,20.400000000000002,25.200000000000003
0.0005205,12.4,15.600000000000001,20.400000000000002,26.0
0.0005206,10.8,16.400000000000002,21.200000000000003,25.200000000000003
0.0005207,12.4,16.400000000000002,22.0,25.200000000000003
0.0005208,13.200000000000001,14.0,21.200000000000003,24.400000000000002
0.0005209,12.4,17.2,20.400000000000002,22.8
0.000521,14.0,16.400000000000002,21.200000000000003,24.400000000000002
0.0005211,13.200000000000001,18.0,20.400000000000002,23.6
0.0005212,13.200000000000001,15.600000000000001,22.0,26.8
0.0005212999999999999,13.200000000000001,17.2,21.200000000000003,22.0
0.0005214,12.4,18.8,20.400000000000002,22.0
0.0005214999999999999,12.4,14.8,24.400000000000002,23.6
0.0005216,11.600000000000001,16.400000000000002,21.200000000000003,24.400000000000002
0.0005216999999999999,13.200000000000001,17.2,20.400000000000002,23.6
0.0005218,11.600000000000001,14.8,18.8,22.0
0.0005219,13.200000000000001,15.600000000000001,22.0,23.6
0.000522,11.600000000000001,17.2,21.200000000000003,23.6
0.0005221,12.4,14.8,18.8,24.400000000000002
0.0005222,14.0,17.2,19.6,25.200000000000003
0.0005223,14.8,16.400000000000002,19.6,24.400000000000002
0.0005224,13.200000000000001,15.600000000000001,19.6,25.200000000000003
0.0005225,12.4,15.600000000000001,20.400000000000002,23.6
0.0005226,14.0,16.400000000000002,20.400000000000002,22.0
0.0005227,14.8,15.600000000000001,19.6,22.8
0.0005228,14.0,15.600000000000001,22.8,22.8
0.0005229,14.0,16.400000000000002,21.200000000000003,22.8
0.000523,13.200000000000001,14.8,21.200000000000003,24.400000000000002
0.0005231,14.0,15.600000000000001,20.400000000000002,23.6
0.0005232,10.8,14.8,21.200000000000003,22.8
0.0005233,16.400000000000002,15.600000000000001,20.400000000000002,23.6
0.0005234,13.200000000000001,15.600000000000001,22.0,22.0
0.0005235,12.4,17.2,20.400000000000002,22.0
0.0005235999999999999,10.8,14.0,19.6,24.400000000000002
0.0005237,12.4,16.400000000000002,22.8,25.200000000000003
0.0005237999999999999,12.4,15.600000000000001,22.8,22.8
0.0005239,13.200000000000001,16.400000000000002,21.200000000000003,22.0
0.0005239999999999999,13.200000000000001,17.2,20.400000000000002,25.200000000000003
0.0005241,12.4,14.0,20.400000000000002,24.400000000000002
0.0005242,13.200000000000001,15.600000000000001,22.0,24.400000000000002
0.0005243,13.200000000000001,14.8,22.0,21.200000000000003
0.0005244,12.4,16.400000000000002,21.200000000000003,23.6
0.0005245,12.4,17.2,22.8,24.400000000000002
0.0005246,10.8,16.400000000000002,21.200000000000003,25.200000000000003
0.0005247,13.200000000000001,14.0,19.6,22.8
0.0005248,12.4,14.0,19.6,25.200000000000003
0.0005249,12.4,12.4,22.0,24.400000000000002
0.000525,12.4,17.2,22.0,24.400000000000002
0.0005251,13.200000000000001,15.600000000000001,18.8,24.400000000000002
0.0005252,12.4,16.400000000000002,19.6,22.8
0.0005253,14.0,14.0,22.0,22.8
0.0005254,13.200000000000001,16.400000000000002,18.8,25.200000000000003
0.0005255,11.600000000000001,16.400000000000002,20.400000000000002,25.200000000000003
0.0005256,14.8,15.600000000000001,20.400000000000002,25.200000000000003
0.0005257,12.4,14.8,20.400000000000002,23.6
0.0005258,13.200000000000001,17.2,20.400000000000002,23.6
0.0005258999999999999,13.200000000000001,15.600000000000001,18.0,22.8
0.000526,11.600000000000001,17.2,20.400000000000002,25.200000000000003
0.0005260999999999999,12.4,17.2,19.6,22.0
0.0005262,12.4,15.600000000000001,21.200000000000003,24.400000000000002
0.0005262999999999999,13.200000000000001,18.0,19.6,22.8
0.0005264,13.200000000000001,17.2,21.200000000000003,24.400000000000002
0.0005265,15.600000000000001,16.400000000000002,20.400000000000002,22.8
0.0005266,12.4,14.8,23.6,22.0
0.0005267,13.200000000000001,14.0,21.200000000000003,21.200000000000003
0.0005268,13.200000000000001,15.600000000000001,21.200000000000003,24.400000000000002
0.0005269,11.600000000000001,15.600000000000001,21.200000000000003,25.200000000000003
0.000527,13.200000000000001,14.0,21.200000000000003,23.6
0.0005271,11.600000000000001,16.400000000000002,22.8,21.200000000000003
0.0005272,15.600000000000001,17.2,21.200000000000003,26.0
0.0005273,12.4,17.2,20.400000000000002,24.400000000000002
0.0005274,13.200000000000001,17.2,22.8,24.400000000000002
0.0005275,10.8,15.600000000000001,19.6,25.200000000000003
0.0005276,14.8,17.2,22.8,22.0
0.0005277,10.8,13.200000000000001,22.0,21.200000000000003
0.0005278,12.4,17.2,20.400000000000002,22.8
0.0005279,15.600000000000001,15.600000000000001,18.8,23.6
0.0005279999999999999,11.600000000000001,14.8,22.0,22.8
0.0005281,12.4,16.400000000000002,22.0,22.0
0.0005281999999999999,12.4,16.400000000000002,20.400000000000002,22.0
0.0005283,14.0,15.600000000000001,19.6,23.6
0.0005283999999999999,11.600000000000001,16.400000000000002,20.400000000000002,23.6
0.0005285,12.4,18.0,20.400000000000002,26.0
0.0005286,12.4,16.400000000000002,20.400000000000002,23.6
0.0005287,12.4,16.400000000000002,21.200000000000003,22.8
0.0005288,14.8,14.0,18.8,26.0
0.0005289,13.200000000000001,17.2,22.8,22.0
0.000529,11.600000000000001,15.600000000000001,20.400000000000002,25.200000000000003
0.0005291,13.200000000000001,18.0,22.0,25.200000000000003
0.0005292,12.4,16.400000000000002,19.6,23.6
0.0005293,10.0,16.400000000000002,18.8,24.400000000000002
0.0005294,12.4,18.8,21.200000000000003,25.200000000000003
0.0005295,14.0,16.400000000000002,18.8,24.400000000000002
0.0005296,14.8,14.0,19.6,23.6
0.0005297,12.4,15.600000000000001,23.6,22.8
0.0005298,12.4,15.600000000000001,20.400000000000002,23.6
0.0005299,14.0,17.2,19.6,25.200000000000003
0.00053,13.200000000000001,13.200000000000001,22.0,23.6
0.0005301,13.200000000000001,16.400000000000002,21.200000000000003,24.400000000000002
0.0005302,14.0,18.0,20.400000000000002,25.200000000000003
0.0005302999999999999,14.0,15.600000000000001,19.6,24.400000000000002
0.0005304,14.0,16.400000000000002,22.8,23.6
0.0005304999999999999,12.4,14.0,22.0,22.8
0.0005306,12.4,13.200000000000001,22.0,26.0
0.0005306999999999999,10.0,15.600000000000001,20.400000000000002,23.6
0.0005308,14.0,17.2,21.200000000000003,23.6
0.0005309,13.200000000000001,14.8,21.200000000000003,22.0
0.000531,12.4,15.600000000000001,22.8,24.400000000000002
0.0005311,10.8,15.600000000000001,18.8,26.8
0.0005312,12.4,15.600000000000001,18.8,25.200000000000003
0.0005313,13.200000000000001,15.600000000000001,22.8,23.6
0.0005314,12.4,17.2,19.6,24.400000000000002
0.0005315,10.8,17.2,22.0,26.0
0.0005316,12.4,16.400000000000002,21.200000000000003,23.6
0.0005317,12.4,14.8,21.200000000000003,25.200000000000003
0.0005318,12.4,16.400000000000002,22.0,26.0
0.0005319,14.0,15.600000000000001,19.6,25.200000000000003
0.000532,14.0,14.8,19.6,22.8
0.0005321,13.200000000000001,16.400000000000002,21.200000000000003,22.8
0.0005322,12.4,14.8,20.400000000000002,22.8
0.0005323,13.200000000000001,13.200000000000001,19.6,23.6
0.0005323999999999999,10.8,17.2,18.8,23.6
0.0005325,12.4,16.400000000000002,21.200000000000003,22.0
0.0005325999999999999,13.200000000000001,18.8,20.400000000000002,24.400000000000002
0.0005327,10.8,14.0,21.200000000000003,25.200000000000003
0.0005327999999999999,11.600000000000001,18.0,20.400000000000002,22.0
0.0005329,11.600000000000001,14.8,18.0,24.400000000000002
0.0005329999999999999,12.4,16.400000000000002,21.200000000000003,24.400000000000002
0.0005331,11.600000000000001,14.8,20.400000000000002,22.8
0.0005332,13.200000000000001,15.600000000000001,22.0,24.400000000000002
0.0005333,11.600000000000001,17.2,20.400000000000002,25.200000000000003
0.0005334,13.200000000000001,17.2,22.0,22.8
0.0005335,11.600000000000001,17.2,22.8,22.0
0.0005336,14.0,18.8,18.0,23.6
0.0005337,14.0,14.0,21.200000000000003,24.400000000000002
0.0005338,15.600000000000001,15.600000000000001,22.0,24.400000000000002
0.0005339,14.0,18.0,21.200000000000003,25.200000000000003
0.000534,11.600000000000001,18.0,19.6,26.8
0.0005341,10.8,14.0,20.400000000000002,24.400000000000002
0.0005342,9.200000000000001,14.8,21.200000000000003,24.400000000000002
0.0005343,13.200000000000001,17.2,20.400000000000002,23.6
0.0005344,11.600000000000001,14.8,20.400000000000002,26.0
0.0005345,13.200000000000001,14.0,19.6,24.400000000000002
0.0005346,12.4,14.8,20.400000000000002,21.200000000000003
0.0005346999999999999,14.0,17.2,20.400000000000002,25.200000000000003
0.0005348,10.8,16.400000000000002,21.200000000000003,24.400000000000002
0.0005348999999999999,10.8,16.400000000000002,18.8,21.200000000000003
0.000535,10.8,14.8,21.200000000000003,22.8
0.0005350999999999999,10.8,18.0,21.200000000000003,24.400000000000002
0.0005352,11.600000000000001,12.4,21.200000000000003,23.6
0.0005353,13.200000000000001,17.2,22.0,25.200000000000003
0.0005354,11.600000000000001,14.8,21.200000000000003,26.8
0.0005355,10.8,15.600000000000001,20.400000000000002,22.8
0.0005356,10.0,16.400000000000002,20.400000000000002,21.200000000000003
0.0005357,12.4,18.0,18.0,23.6
0.0005358,11.600000000000001,14.8,20.400000000000002,22.8
0.0005359,13.200000000000001,15.600000000000001,21.200000000000003,21.200000000000003
0.000536,13.200000000000001,16.400000000000002,22.0,25.200000000000003
0.0005361,13.200000000000001,16.400000000000002,22.0,23.6
0.0005362,12.4,14.8,18.0,23.6
0.0005363,12.4,14.0,19.6,23.6
0.0005364,10.0,17.2,20.400000000000002,23.6
0.0005365,13.200000000000001,14.8,21.200000000000003,25.200000000000003
0.0005366,10.8,16.400000000000002,19.6,22.8
0.0005367,13.200000000000001,17.2,22.8,23.6
0.0005368,10.0,14.8,22.0,24.400000000000002
0.0005369,10.8,14.8,22.0,24.400000000000002
0.0005369999999999999,13.200000000000001,14.8,20.400000000000002,24.400000000000002
0.0005371,11.600000000000001,17.2,21.200000000000003,22.8
0.0005371999999999999,12.4,16.400000000000002,19.6,25.200000000000003
0.0005373,14.8,17.2,17.2,23.6
0.0005373999999999999,12.4,12.4,19.6,24.400000000000002
0.0005375,13.200000000000001,14.8,21.200000000000003,22.0
0.0005376,10.8,16.400000000000002,22.0,22.0
0.0005377,12.4,17.2,19.6,23.6
0.0005378,13.200000000000001,16.400000000000002,19.6,23.6
0.0005379,10.8,17.2,18.8,22.0
0.000538,10.0,17.2,19.6,22.8
0.0005381,10.8,17.2,22.8,22.0
0.0005382,12.4,16.400000000000002,18.8,22.0
0.0005383,12.4,16.400000000000002,20.400000000000002,21.200000000000003
0.0005384,11.600000000000001,14.0,22.0,25.200000000000003
0.0005385,12.4,16.400000000000002,19.6,26.8
0.0005386,11.600000000000001,14.8,20.400000000000002,23.6
0.0005387,13.200000000000001,15.600000000000001,19.6,21.200000000000003
0.0005388,11.600000000000001,16.400000000000002,23.6,23.6
0.0005389,13.200000000000001,14.8,22.0,23.6
0.000539,15.600000000000001,16.400000000000002,21.200000000000003,26.8
0.0005390999999999999,14.0,16.400000000000002,20.400000000000002,22.8
0.0005392,14.0,15.600000000000001,22.0,26.0
0.0005392999999999999,10.0,16.400000000000002,22.0,24.400000000000002
0.0005394,10.8,18.0,22.0,24.400000000000002
0.0005394999999999999,11.600000000000001,15.600000000000001,21.200000000000003,24.400000000000002
0.0005396,12.4,15.600000000000001,22.0,22.8
0.0005396999999999999,13.200000000000001,18.0,22.8,22.8
0.0005398,14.8,15.600000000000001,20.400000000000002,24.400000000000002
0.0005399,10.8,14.8,19.6,23.6
0.00054,11.600000000000001,17.2,21.200000000000003,22.8
0.0005401,11.600000000000001,16.400000000000002,22.0,24.400000000000002
0.0005402,11.600000000000001,14.8,20.400000000000002,22.8
0.0005403,12.4,15.600000000000001,20.400000000000002,22.8
0.0005404,13.200000000000001,14.8,21.200000000000003,22.8
0.0005405,9.200000000000001,15.600000000000001,21.200000000000003,26.0
0.0005406,10.0,17.2,20.400000000000002,22.8
0.0005407,11.600000000000001,14.8,19.6,24.400000000000002
0.0005408,14.8,17.2,22.0,22.0
0.0005409,14.0,16.400000000000002,20.400000000000002,25.200000000000003
0.000541,13.200000000000001,17.2,22.0,22.8
0.0005411,14.0,16.400000000000002,20.400000000000002,22.8
0.0005412,13.200000000000001,15.600000000000001,18.8,24.400000000000002
0.0005413,13.200000000000001,16.400000000000002,21.200000000000003,24.400000000000002
0.0005413999999999999,10.8,16.400000000000002,19.6,24.400000000000002
0.0005415,10.0,16.400000000000002,21.200000000000003,24.400000000000002
0.0005415999999999999,12.4,17.2,18.0,23.6
0.0005417,13.200000000000001,15.600000000000001,21.200000000000003,24.400000000000002
0.0005417999999999999,14.8,14.0,22.8,23.6
0.0005419,11.600000000000001,15.600000000000001,20.400000000000002,23.6
0.000542,11.600000000000001,14.0,20.400000000000002,22.8
0.0005421,10.8,15.600000000000001,18.0,22.8
0.0005422,10.0,14.0,21.200000000000003,26.0
0.0005423,14.0,13.200000000000001,18.0,26.0
0.0005424,14.0,16.400000000000002,19.6,24.400000000000002
0.0005425,14.0,15.600000000000001,20.400000000000002,24.400000000000002
0.0005426,13.200000000000001,14.0,18.8,23.6
0.0005427,13.200000000000001,16.400000000000002,21.200000000000003,23.6
0.0005428,10.0,17.2,20.400000000000002,24.400000000000002
0.0005429,14.0,13.200000000000001,20.400000000000002,24.400000000000002
0.000543,10.8,14.0,21.200000000000003,22.0
0.0005431,13.200000000000001,16.400000000000002,21.200000000000003,25.200000000000003
0.0005432,13.200000000000001,16.400000000000002,21.200000000000003,22.8
0.0005433,13.200000000000001,15.600000000000001,22.0,23.6
0.0005434,12.4,17.2,21.200000000000003,23.6
0.0005435,10.8,17.2,22.0,25.200000000000003
0.0005436,12.4,16.400000000000002,20.400000000000002,22.0
0.0005436999999999999,12.4,17.2,22.0,23.6
0.0005438,14.0,15.600000000000001,21.200000000000003,26.8
0.0005438999999999999,11.600000000000001,15.600000000000001,18.0,22.8
0.000544,13.200000000000001,18.0,22.8,23.6
0.0005440999999999999,14.0,14.8,18.8,26.0
0.0005442,14.0,14.8,21.200000000000003,24.400000000000002
0.0005443,14.0,14.8,22.8,22.0
0.0005444,14.0,16.400000000000002,19.6,25.200000000000003
0.0005445,11.600000000000001,14.0,18.8,27.6
0.0005446,10.0,14.0,20.400000000000002,21.200000000000003
0.0005447,13.200000000000001,16.400000000000002,20.400000000000002,25.200000000000003
0.0005448,10.0,17.2,22.0,22.0
0.0005449,10.0,15.600000000000001,17.2,22.8
0.000545,12.4,16.400000000000002,18.8,20.400000000000002
0.0005451,11.600000000000001,14.0,21.200000000000003,21.200000000000003
0.0005452,12.4,14.8,18.8,22.8
0.0005453,12.4,15.600000000000001,19.6,23.6
0.0005454,14.0,15.600000000000001,20.400000000000002,20.400000000000002
0.0005455,11.600000000000001,15.600000000000001,19.6,22.8
0.0005456,13.200000000000001,16.400000000000002,19.6,22.8
0.0005457,16.400000000000002,16.400000000000002,19.6,25.200000000000003
0.0005457999999999999,13.200000000000001,14.8,22.0,22.8
0.0005459,16.400000000000002,14.8,20.400000000000002,24.400000000000002
0.0005459999999999999,12.4,15.600000000000001,22.8,23.6
0.0005461,9.200000000000001,14.0,20.400000000000002,24.400000000000002
0.0005461999999999999,10.0,15.600000000000001,16.400000000000002,22.8
0.0005463,14.8,16.400000000000002,19.6,22.0
0.0005463999999999999,12.4,16.400000000000002,19.6,26.0
0.0005465,11.600000000000001,18.8,20.400000000000002,21.200000000000003
0.0005466,11.600000000000001,16.400000000000002,22.0,22.8
0.0005467,10.8,17.2,20.400000000000002,25.200000000000003
0.0005468,13.200000000000001,16.400000000000002,19.6,22.8
0.0005469,12.4,16.400000000000002,22.0,22.8
0.000547,10.8,15.600000000000001,18.8,23.6
0.0005471,13.200000000000001,14.0,18.8,26.0
0.0005472,10.0,13.200000000000001,19.6,23.6
0.0005473,13.200000000000001,15.600000000000001,21.200000000000003,24.400000000000002
0.0005474,10.0,16.400000000000002,18.8,22.8
0.0005475,12.4,18.0,21.200000000000003,25.200000000000003
0.0005476,11.600000000000001,17.2,19.6,22.8
0.0005477,10.0,16.400000000000002,21.200000000000003,22.8
0.0005478,13.200000000000001,17.2,23.6,22.8
0.0005479,12.4,17.2,23.6,24.400000000000002
0.000548,10.0,14.8,21.200000000000003,23.6
0.0005480999999999999,13.200000000000001,16.400000000000002,22.0,25.200000000000003
0.0005482,14.0,15.600000000000001,22.0,23.6
0.0005482999999999999,14.0,16.400000000000002,19.6,23.6
0.0005484,13.200000000000001,16.400000000000002,21.200000000000003,26.0
0.0005484999999999999,14.0,14.8,21.200000000000003,22.0
0.0005486,10.8,14.0,20.400000000000002,21.200000000000003
0.0005487,12.4,16.400000000000002,21.200000000000003,21.200000000000003
0.0005488,10.8,15.600000000000001,20.400000000000002,24.400000000000002
0.0005489,12.4,16.400000000000002,18.8,22.0
0.000549,13.200000000000001,14.0,22.8,25.200000000000003
0.0005491,11.600000000000001,18.8,20.400000000000002,25.200000000000003
0.0005492,12.4,15.600000000000001,22.8,23.6
0.0005493,12.4,15.600000000000001,20.400000000000002,22.8
0.0005494,12.4,16.400000000000002,21.200000000000003,23.6
0.0005495,12.4,12.4,22.8,25.200000000000003
0.0005496,8.4,15.600000000000001,20.400000000000002,22.0
0.0005497,10.8,16.400000000000002,18.8,26.0
0.0005498,12.4,17.2,18.0,22.8
0.0005499,10.0,15.600000000000001,18.0,23.6
0.00055,11.600000000000001,14.8,19.6,22.0
0.0005501,11.600000000000001,15.600000000000001,18.8,22.0
0.0005501999999999999,10.8,14.0,20.400000000000002,22.0
0.0005503,11.600000000000001,18.0,22.8,24.400000000000002
0.0005503999999999999,13.200000000000001,16.400000000000002,20.400000000000002,23.6
0.0005505,12.4,16.400000000000002,22.0,21.200000000000003
0.0005505999999999999,10.8,16.400000000000002,22.0,22.8
0.0005507,11.600000000000001,17.2,21.200000000000003,24.400000000000002
0.0005507999999999999,10.0,14.0,20.400000000000002,22.0
0.0005509,10.8,15.600000000000001,19.6,22.0
0.000551,14.0,15.600000000000001,20.400000000000002,25.200000000000003
0.0005511,13.200000000000001,15.600000000000001,23.6,23.6
0.0005512,12.4,15.600000000000001,20.400000000000002,22.0
0.0005513,10.8,14.8,18.0,24.400000000000002
0.0005514,10.8,14.0,20.400000000000002,23.6
0.0005515,13.200000000000001,16.400000000000002,20.400000000000002,21.200000000000003
0.0005516,10.8,15.600000000000001,22.0,21.200000000000003
0.0005517,13.200000000000001,15.600000000000001,22.0,21.200000000000003
0.0005518,11.600000000000001,17.2,20.400000000000002,22.8
0.0005519,10.8,15.600000000000001,19.6,23.6
0.000552,9.200000000000001,14.0,22.0,22.0
0.0005521,13.200000000000001,16.400000000000002,20.400000000000002,23.6
0.0005522,10.0,16.400000000000002,22.0,22.0
0.0005523,14.0,14.0,18.8,22.8
0.0005524,11.600000000000001,15.600000000000001,21.200000000000003,22.8
0.0005524999999999999,13.200000000000001,14.8,20.400000000000002,23.6
0.0005526,12.4,16.400000000000002,21.200000000000003,22.8
0.0005526999999999999,10.0,16.400000000000002,20.400000000000002,24.400000000000002
0.0005528,12.4,13.200000000000001,19.6,23.6
0.0005528999999999999,14.0,14.8,21.200000000000003,22.8
0.000553,11.600000000000001,14.0,19.6,24.400000000000002
0.0005531,14.0,15.600000000000001,22.8,22.0
0.0005532,10.8,14.8,21.200000000000003,19.6
0.0005533,11.600000000000001,14.0,20.400000000000002,25.200000000000003
0.0005534,14.0,15.600000000000001,21.200000000000003,21.200000000000003
0.0005535,13.200000000000001,18.0,19.6,21.200000000000003
0.0005536,13.200000000000001,15.600000000000001,21.200000000000003,23.6
0.0005537,14.0,17.2,19.6,22.8
0.0005538,13.200000000000001,15.600000000000001,18.8,24.400000000000002
0.0005539,11.600000000000001,14.0,18.8,25.200000000000003
0.000554,10.0,16.400000000000002,22.0,24.400000000000002
0.0005541,13.200000000000001,15.600000000000001,18.0,23.6
0.0005542,10.8,16.400000000000002,19.6,22.8
0.0005543,12.4,14.8,21.200000000000003,22.8
0.0005544,12.4,16.400000000000002,19.6,25.200000000000003
0.0005545,13.200000000000001,14.0,21.200000000000003,23.6
0.0005546,13.200000000000001,16.400000000000002,19.6,25.200000000000003
0.0005547,10.0,15.600000000000001,20.400000000000002,23.6
0.0005547999999999999,12.4,16.400000000000002,20.400000000000002,21.200000000000003
0.0005549,13.200000000000001,17.2,20.400000000000002,24.400000000000002
0.0005549999999999999,13.200000000000001,15.600000000000001,19.6,22.8
0.0005551,11.600000000000001,14.8,20.400000000000002,22.8
0.0005551999999999999,13.200000000000001,16.400000000000002,18.8,22.8
0.0005553,12.4,13.200000000000001,22.0,22.0
0.0005554,11.600000000000001,16.400000000000002,22.8,22.0
0.0005555,12.4,14.8,18.8,24.400000000000002
0.0005556,13.200000000000001,16.400000000000002,20.400000000000002,23.6
0.0005557,14.0,13.200000000000001,22.8,22.8
0.0005558,14.8,14.0,22.8,22.0
0.0005559,11.600000000000001,16.400000000000002,19.6,25.200000000000003
0.000556,10.0,17.2,18.8,25.200000000000003
0.0005561,13.200000000000001,16.400000000000002,20.400000000000002,23.6
0.0005562,9.200000000000001,14.8,21.200000000000003,22.0
0.0005563,13.200000000000001,17.2,20.400000000000002,22.8
0.0005564,12.4,16.400000000000002,21.200000000000003,20.400000000000002
0.0005565,10.8,14.0,20.400000000000002,24.400000000000002
0.0005566,11.600000000000001,15.600000000000001,19.6,22.8
0.0005567,10.8,17.2,19.6,22.0
0.0005568,12.4,14.8,19.6,22.0
0.0005568999999999999,11.600000000000001,17.2,21.200000000000003,23.6
0.000557,12.4,17.2,21.200000000000003,24.400000000000002
0.0005570999999999999,13.200000000000001,14.0,18.8,22.8
0.0005572,11.600000000000001,16.400000000000002,20.400000000000002,23.6
0.0005572999999999999,12.4,16.400000000000002,19.6,24.400000000000002
0.0005574,11.600000000000001,16.400000000000002,21.200000000000003,23.6
0.0005574999999999999,10.8,16.400000000000002,20.400000000000002,22.0
0.0005576,13.200000000000001,18.0,22.8,25.200000000000003
0.0005577,12.4,14.8,19.6,24.400000000000002
0.0005578,10.8,14.8,21.200000000000003,22.8
0.0005579,9.200000000000001,14.0,20.400000000000002,21.200000000000003
0.000558,12.4,16.400000000000002,19.6,22.8
0.0005581,13.200000000000001,15.600000000000001,19.6,23.6
0.0005582,11.600000000000001,14.8,19.6,23.6
0.0005583,12.4,14.8,22.0,22.8
0.0005584,13.200000000000001,15.600000000000001,21.200000000000003,22.0
0.0005585,12.4,16.400000000000002,21.200000000000003,22.8
0.0005586,10.0,16.400000000000002,20.400000000000002,23.6
0.0005587,12.4,15.600000000000001,19.6,24.400000000000002
0.0005588,13.200000000000001,14.8,18.0,24.400000000000002
0.0005589,12.4,14.8,21.200000000000003,24.400000000000002
0.000559,13.200000000000001,14.0,18.8,21.200000000000003
0.0005591,12.4,14.8,18.0,22.8
0.0005591999999999999,11.600000000000001,16.400000000000002,22.8,23.6
0.0005593,10.8,14.8,20.400000000000002,18.8
0.0005593999999999999,10.0,14.0,23.6,23.6
0.0005595,10.8,14.0,21.200000000000003,26.0
0.0005595999999999999,14.0,14.0,21.200000000000003,23.6
0.0005597,10.0,14.8,22.0,24.400000000000002
0.0005598,11.600000000000001,16.400000000000002,21.200000000000003,22.8
0.0005599,10.8,15.600000000000001,18.8,22.8
0.00056,12.4,14.8,22.8,24.400000000000002
0.0005601,10.0,13.200000000000001,20.400000000000002,22.8
0.0005602,11.600000000000001,15.600000000000001,19.6,22.8
0.0005603,10.8,14.0,22.0,23.6
0.0005604,13.200000000000001,15.600000000000001,20.400000000000002,21.200000000000003
0.0005605,11.600000000000001,16.400000000000002,18.0,21.200000000000003
0.0005606,13.200000000000001,14.8,21.200000000000003,24.400000000000002
0.0005607,11.600000000000001,16.400000000000002,21.200000000000003,22.8
0.0005608,13.200000000000001,18.0,22.0,22.0
0.0005609,10.0,15.600000000000001,19.6,22.8
0.000561,11.600000000000001,16.400000000000002,19.6,24.400000000000002
0.0005611,14.8,15.600000000000001,16.400000000000002,24.400000000000002
0.0005612,12.4,15.600000000000001,19.6,21.200000000000003
0.0005613,10.0,13.200000000000001,19.6,22.0
0.0005614,12.4,16.400000000000002,22.8,22.8
0.0005614999999999999,11.600000000000001,17.2,18.8,22.8
0.0005616,12.4,13.200000000000001,19.6,22.8
0.0005616999999999999,10.0,16.400000000000002,17.2,23.6
0.0005618,11.600000000000001,17.2,18.8,26.0
0.0005618999999999999,14.0,13.200000000000001,23.6,24.400000000000002
0.000562,12.4,14.0,21.200000000000003,22.8
0.0005621,10.8,17.2,22.0,22.8
0.0005622,10.0,18.0,22.0,24.400000000000002
0.0005623,12.4,15.600000000000001,20.400000000000002,22.8
0.0005624,13.200000000000001,14.8,18.0,24.400000000000002
0.0005625,10.8,15.600000000000001,22.0,22.8
0.0005626,14.8,14.8,22.0,24.400000000000002
0.0005627,9.200000000000001,15.600000000000001,19.6,20.400000000000002
0.0005628,13.200000000000001,14.0,19.6,25.200000000000003
0.0005629,10.0,14.8,21.200000000000003,22.0
0.000563,11.600000000000001,18.0,18.0,22.0
0.0005631,12.4,14.0,18.0,22.8
0.0005632,10.8,13.200000000000001,19.6,23.6
0.0005633,13.200000000000001,14.8,20.400000000000002,24.400000000000002
0.0005634,10.8,14.8,20.400000000000002,21.200000000000003
0.0005635,10.8,17.2,18.8,23.6
0.0005635999999999999,11.600000000000001,14.8,20.400000000000002,22.8
0.0005637,11.600000000000001,14.0,18.0,22.8
0.0005637999999999999,10.8,15.600000000000001,19.6,22.8
0.0005639,12.4,15.600000000000001,19.6,22.0
0.0005639999999999999,10.0,15.600000000000001,20.400000000000002,22.8
0.0005641,11.600000000000001,14.8,18.8,25.200000000000003
0.0005641999999999999,13.200000000000001,17.2,19.6,22.8
0.0005643,11.600000000000001,14.8,22.8,23.6
0.0005644,12.4,17.2,20.400000000000002,22.0
0.0005645,11.600000000000001,15.600000000000001,19.6,22.0
0.0005646,13.200000000000001,15.600000000000001,20.400000000000002,21.200000000000003
0.0005647,13.200000000000001,13.200000000000001,21.200000000000003,24.400000000000002
0.0005648,10.8,16.400000000000002,21.200000000000003,22.0
0.0005649,13.200000000000001,15.600000000000001,19.6,22.0
0.000565,10.8,18.0,22.0,22.8
0.0005651,11.600000000000001,16.400000000000002,20.400000000000002,21.200000000000003
0.0005652,13.200000000000001,16.400000000000002,18.8,22.8
0.0005653,11.600000000000001,12.4,20.400000000000002,21.200000000000003
0.0005654,11.600000000000001,18.8,21.200000000000003,22.0
0.0005655,13.200000000000001,14.8,20.400000000000002,24.400000000000002
0.0005656,10.8,13.200000000000001,18.8,22.0
0.0005657,10.8,12.4,20.400000000000002,24.400000000000002
0.0005658,11.600000000000001,17.2,19.6,22.0
0.0005658999999999999,9.200000000000001,14.8,20.400000000000002,24.400000000000002
0.000566,11.600000000000001,13.200000000000001,20.400000000000002,22.8
0.0005660999999999999,10.0,16.400000000000002,23.6,24.400000000000002
0.0005662,14.0,14.8,19.6,23.6
0.0005662999999999999,13.200000000000001,17.2,20.400000000000002,23.6
0.0005664,13.200000000000001,15.600000000000001,18.8,25.200000000000003
0.0005665,11.600000000000001,14.8,18.8,22.8
0.0005666,11.600000000000001,15.600000000000001,20.400000000000002,22.8
0.0005667,11.600000000000001,14.0,20.400000000000002,20.400000000000002
0.0005668,12.4,16.400000000000002,19.6,22.8
0.0005669,10.0,12.4,19.6,23.6
0.000567,10.0,16.400000000000002,20.400000000000002,22.8
0.0005671,10.8,14.8,18.8,22.0
0.0005672,10.0,15.600000000000001,21.200000000000003,25.200000000000003
0.0005673,12.4,14.0,19.6,23.6
0.0005674,13.200000000000001,11.600000000000001,20.400000000000002,22.0
0.0005675,11.600000000000001,17.2,19.6,23.6
0.0005676,13.200000000000001,14.0,20.400000000000002,23.6
0.0005677,10.8,16.400000000000002,19.6,23.6
0.0005678,12.4,15.600000000000001,20.400000000000002,22.8
0.0005679,13.200000000000001,14.8,18.0,22.8
0.000568,13.200000000000001,18.0,20.400000000000002,22.8
0.0005681,9.200000000000001,15.600000000000001,17.2,21.200000000000003
0.0005681999999999999,11.600000000000001,17.2,20.400000000000002,24.400000000000002
0.0005683,14.0,15.600000000000001,20.400000000000002,25.200000000000003
0.0005683999999999999,9.200000000000001,13.200000000000001,21.200000000000003,22.8
0.0005685,11.600000000000001,14.0,20.400000000000002,23.6
0.0005685999999999999,10.0,13.200000000000001,21.200000000000003,22.8
0.0005687,10.0,16.400000000000002,19.6,22.8
0.0005688,14.8,14.8,20.400000000000002,23.6
0.0005689,10.8,12.4,20.400000000000002,21.200000000000003
0.000569,10.8,16.400000000000002,20.400000000000002,23.6
0.0005691,13.200000000000001,14.8,19.6,21.200000000000003
0.0005692,13.200000000000001,16.400000000000002,18.8,23.6
0.0005693,13.200000000000001,15.600000000000001,20.400000000000002,22.0
0.0005694,10.8,15.600000000000001,21.200000000000003,24.400000000000002
0.0005695,9.200000000000001,16.400000000000002,19.6,22.8
0.0005696,10.8,13.200000000000001,20.400000000000002,25.200000000000003
0.0005697,13.200000000000001,14.0,22.0,22.8
0.0005698,12.4,14.0,19.6,22.0
0.0005699,10.0,17.2,17.2,22.8
0.00057,12.4,15.600000000000001,20.400000000000002,22.0
0.0005701,10.8,14.0,19.6,22.0
0.0005702,10.8,14.8,20.400000000000002,21.200000000000003
0.0005702999999999999,11.600000000000001,15.600000000000001,19.6,25.200000000000003
0.0005704,9.200000000000001,16.400000000000002,20.400000000000002,22.8
0.0005704999999999999,12.4,14.8,21.200000000000003,24.400000000000002
0.0005706,9.200000000000001,16.400000000000002,16.400000000000002,24.400000000000002
0.0005706999999999999,10.8,18.0,17.2,22.0
0.0005708,13.200000000000001,13.200000000000001,18.0,24.400000000000002
0.0005708999999999999,10.0,14.0,19.6,22.8
0.000571,10.0,14.8,21.200000000000003,23.6
0.0005711,11.600000000000001,14.8,19.6,23.6
0.0005712,13.200000000000001,15.600000000000001,20.400000000000002,22.0
0.0005713,10.8,14.0,20.400000000000002,22.0
0.0005714,9.200000000000001,15.600000000000001,19.6,22.8
0.0005715,12.4,13.200000000000001,19.6,23.6
0.0005716,13.200000000000001,15.600000000000001,19.6,21.200000000000003
0.0005717,13.200000000000001,14.0,19.6,23.6
0.0005718,10.8,14.8,21.200000000000003,24.400000000000002
0.0005719,13.200000000000001,17.2,20.400000000000002,23.6
0.000572,10.0,16.400000000000002,20.400000000000002,22.8
0.0005721,10.0,14.8,20.400000000000002,23.6
0.0005722,11.600000000000001,15.600000000000001,21.200000000000003,21.200000000000003
0.0005723,10.8,14.0,19.6,22.8
0.0005724,11.600000000000001,14.8,19.6,22.8
0.0005725,11.600000000000001,13.200000000000001,18.8,22.0
0.0005725999999999999,11.600000000000001,13.200000000000001,19.6,24.400000000000002
0.0005727,10.8,16.400000000000002,18.8,21.200000000000003
0.0005727999999999999,11.600000000000001,14.0,18.8,21.200000000000003
0.0005729,10.0,16.400000000000002,18.0,24.400000000000002
0.0005729999999999999,11.600000000000001,14.8,20.400000000000002,23.6
0.0005731,11.600000000000001,13.200000000000001,19.6,23.6
0.0005732,12.4,14.0,19.6,22.8
0.0005733,13.200000000000001,15.600000000000001,19.6,22.8
0.0005734,14.0,15.600000000000001,20.400000000000002,25.200000000000003
0.0005735,12.4,14.0,18.8,25.200000000000003
0.0005736,8.4,15.600000000000001,20.400000000000002,22.8
0.0005737,13.200000000000001,15.600000000000001,21.200000000000003,26.0
0.0005738,13.200000000000001,18.0,19.6,24.400000000000002
0.0005739,13.200000000000001,13.200000000000001,21.200000000000003,22.0
0.000574,10.0,16.400000000000002,20.400000000000002,23.6
0.0005741,11.600000000000001,16.400000000000002,19.6,22.8
0.0005742,10.8,16.400000000000002,20.400000000000002,26.0
0.0005743,11.600000000000001,12.4,20.400000000000002,23.6
0.0005744,11.600000000000001,13.200000000000001,22.0,19.6
0.0005745,13.200000000000001,16.400000000000002,20.400000000000002,22.8
0.0005746,12.4,13.200000000000001,18.8,22.0
0.0005746999999999999,13.200000000000001,14.8,22.0,24.400000000000002
0.0005748,11.600000000000001,14.8,19.6,22.0
0.0005748999999999999,10.0,14.8,20.400000000000002,23.6
0.000575,11.600000000000001,14.8,19.6,23.6
0.0005750999999999999,12.4,17.2,20.400000000000002,22.8
0.0005752,11.600000000000001,14.0,18.8,22.8
0.0005752999999999999,14.0,16.400000000000002,21.200000000000003,22.8
0.0005754,13.200000000000001,14.8,21.200000000000003,24.400000000000002
0.0005755,10.0,16.400000000000002,20.400000000000002,23.6
0.0005756,10.8,15.600000000000001,18.8,22.8
0.0005757,10.0,17.2,21.200000000000003,22.8
0.0005758,10.8,17.2,18.8,23.6
0.0005759,13.200000000000001,17.2,18.8,22.0
0.000576,11.600000000000001,14.0,18.0,22.0
0.0005761,10.8,14.8,18.0,25.200000000000003
0.0005762,11.600000000000001,16.400000000000002,18.0,22.0
0.0005763,11.600000000000001,14.0,19.6,22.0
0.0005764,12.4,14.0,20.400000000000002,23.6
0.0005765,10.8,16.400000000000002,19.6,24.400000000000002
0.0005766,11.600000000000001,15.600000000000001,19.6,23.6
0.0005767,13.200000000000001,14.0,22.8,22.8
0.0005768,11.600000000000001,14.0,22.0,22.8
0.0005769,13.200000000000001,12.4,19.6,22.0
0.0005769999999999999,11.600000000000001,16.400000000000002,18.0,22.8
0.0005771,12.4,14.8,18.8,23.6
0.0005771999999999999,12.4,14.8,18.8,22.0
0.0005773,13.200000000000001,16.400000000000002,20.400000000000002,25.200000000000003
0.0005773999999999999,12.4,14.0,18.0,24.400000000000002
0.0005775,11.600000000000001,14.8,21.200000000000003,22.8
0.0005775999999999999,12.4,15.600000000000001,19.6,21.200000000000003
0.0005777,11.600000000000001,15.600000000000001,19.6,20.400000000000002
0.0005778,11.600000000000001,14.8,20.400000000000002,23.6
0.0005779,9.200000000000001,16.400000000000002,18.0,22.0
0.000578,13.200000000000001,14.0,22.8,24.400000000000002
0.0005781,13.200000000000001,14.0,19.6,23.6
0.0005782,10.8,15.600000000000001,18.8,19.6
0.0005783,13.200000000000001,16.400000000000002,18.8,22.8
0.0005784,11.600000000000001,15.600000000000001,21.200000000000003,22.8
0.0005785,8.4,14.0,23.6,22.8
0.0005786,10.8,14.0,19.6,24.400000000000002
0.0005787,10.8,15.600000000000001,22.0,22.0
0.0005788,12.4,15.600000000000001,19.6,23.6
0.0005789,12.4,14.8,18.0,22.0
0.000579,12.4,14.0,21.200000000000003,22.0
0.0005791,11.600000000000001,12.4,19.6,22.8
0.0005792,12.4,14.8,19.6,24.400000000000002
0.0005792999999999999,12.4,16.400000000000002,21.200000000000003,22.8
0.0005794,11.600000000000001,14.0,20.400000000000002,24.400000000000002
0.0005794999999999999,11.600000000000001,15.600000000000001,20.400000000000002,20.400000000000002
0.0005796,10.8,14.8,20.400000000000002,22.8
0.0005796999999999999,12.4,14.8,20.400000000000002,22.0
0.0005798,11.600000000000001,14.8,20.400000000000002,25.200000000000003
0.0005799,11.600000000000001,12.4,18.8,23.6
0.00058,11.600000000000001,15.600000000000001,17.2,25.200000000000003
0.0005801,9.200000000000001,16.400000000000002,20.400000000000002,23.6
0.0005802,10.0,14.0,22.0,21.200000000000003
0.0005803,11.600000000000001,15.600000000000001,20.400000000000002,22.8
0.0005804,12.4,14.8,21.200000000000003,22.8
0.0005805,11.600000000000001,13.200000000000001,21.200000000000003,24.400000000000002
0.0005806,13.200000000000001,16.400000000000002,22.0,21.200000000000003
0.0005807,11.600000000000001,15.600000000000001,20.400000000000002,22.8
0.0005808,11.600000000000001,17.2,19.6,22.8
0.0005809,10.0,15.600000000000001,21.200000000000003,22.0
0.000581,11.600000000000001,15.600000000000001,22.8,22.8
0.0005811,10.0,16.400000000000002,20.400000000000002,22.0
0.0005812,12.4,14.8,20.400000000000002,22.0
0.0005813,10.0,14.8,19.6,22.8
0.0005813999999999999,12.4,15.600000000000001,19.6,22.0
0.0005815,11.600000000000001,13.200000000000001,17.2,23.6
0.0005815999999999999,13.200000000000001,14.0,20.400000000000002,22.0
0.0005817,10.0,14.8,20.400000000000002,22.0
0.0005817999999999999,11.600000000000001,14.0,18.8,20.400000000000002
0.0005819,9.200000000000001,15.600000000000001,21.200000000000003,23.6
0.0005819999999999999,12.4,14.0,19.6,22.8
0.0005821,10.0,14.8,21.200000000000003,23.6
0.0005822,12.4,13.200000000000001,21.200000000000003,22.8
0.0005823,13.200000000000001,14.8,19.6,21.200000000000003
0.0005824,10.0,16.400000000000002,21.200000000000003,22.8
0.0005825,12.4,16.400000000000002,20.400000000000002,22.0
0.0005826,10.8,15.600000000000001,19.6,21.200000000000003
0.0005827,13.200000000000001,14.8,19.6,22.0
0.0005828,14.0,16.400000000000002,20.400000000000002,20.400000000000002
0.0005829,11.600000000000001,18.0,18.8,22.8
0.000583,10.0,16.400000000000002,18.8,24.400000000000002
0.0005831,11.600000000000001,11.600000000000001,19.6,22.8
0.0005832,10.0,12.4,19.6,23.6
0.0005833,10.8,14.0,19.6,22.8
0.0005834,10.8,14.0,19.6,23.6
0.0005835,14.0,16.400000000000002,19.6,22.0
0.0005836,10.8,14.0,20.400000000000002,24.400000000000002
0.0005836999999999999,11.600000000000001,15.600000000000001,18.8,23.6
0.0005838,11.600000000000001,14.8,20.400000000000002,22.0
0.0005838999999999999,10.0,13.200000000000001,20.400000000000002,22.8
0.000584,10.0,15.600000000000001,22.0,22.0
0.0005840999999999999,8.4,16.400000000000002,18.0,22.8
0.0005842,11.600000000000001,16.400000000000002,19.6,23.6
0.0005842999999999999,13.200000000000001,14.0,18.8,24.400000000000002
0.0005844,10.8,15.600000000000001,17.2,22.0
0.0005845,9.200000000000001,12.4,20.400000000000002,26.0
0.0005846,12.4,15.600000000000001,21.200000000000003,22.8
0.0005847,10.8,17.2,20.400000000000002,23.6
0.0005848,10.8,15.600000000000001,18.8,24.400000000000002
0.0005849,12.4,17.2,19.6,21.200000000000003
0.000585,12.4,14.8,19.6,21.200000000000003
0.0005851,14.0,14.0,19.6,23.6
0.0005852,10.0,13.200000000000001,18.0,25.200000000000003
0.0005853,11.600000000000001,15.600000000000001,18.0,20.400000000000002
0.0005854,11.600000000000001,14.0,19.6,24.400000000000002
0.0005855,11.600000000000001,16.400000000000002,18.8,22.0
0.0005856,12.4,14.0,20.400000000000002,22.0
0.0005857,12.4,13.200000000000001,21.200000000000003,25.200000000000003
0.0005858,13.200000000000001,16.400000000000002,18.8,22.8
0.0005859,11.600000000000001,14.8,18.0,23.6
0.0005859999999999999,12.4,14.8,19.6,22.0
0.0005861,12.4,19.6,18.0,22.8
0.0005861999999999999,9.200000000000001,14.8,22.0,20.400000000000002
0.0005863,10.8,14.0,21.200000000000003,21.200000000000003
0.0005863999999999999,14.8,13.200000000000001,18.8,22.0
0.0005865,10.0,14.0,18.0,23.6
0.0005866,9.200000000000001,14.0,20.400000000000002,26.0
0.0005867,11.600000000000001,15.600000000000001,18.8,22.8
0.0005868,10.8,14.0,18.8,22.0
0.0005869,12.4,16.400000000000002,18.8,22.0
0.000587,11.600000000000001,14.0,20.400000000000002,22.0
0.0005871,11.600000000000001,11.600000000000001,19.6,21.200000000000003
0.0005872,11.600000000000001,16.400000000000002,21.200000000000003,22.8
0.0005873,10.8,14.8,18.0,21.200000000000003
0.0005874,13.200000000000001,15.600000000000001,19.6,21.200000000000003
0.0005875,10.0,12.4,19.6,23.6
0.0005876,11.600000000000001,14.0,18.8,24.400000000000002
0.0005877,12.4,14.8,22.0,22.0
0.0005878,10.0,14.8,18.0,22.0
0.0005879,12.4,12.4,19.6,23.6
0.000588,11.600000000000001,12.4,22.8,21.200000000000003
0.0005880999999999999,10.8,11.600000000000001,19.6,22.8
0.0005882,11.600000000000001,17.2,18.8,22.8
0.0005882999999999999,11.600000000000001,14.0,20.400000000000002,23.6
0.0005884,12.4,16.400000000000002,19.6,23.6
0.0005884999999999999,9.200000000000001,16.400000000000002,20.400000000000002,23.6
0.0005886,11.600000000000001,13.200000000000001,19.6,24.400000000000002
0.0005886999999999999,10.0,14.0,16.400000000000002,23.6
0.0005888,11.600000000000001,14.0,20.400000000000002,22.8
0.0005889,12.4,15.600000000000001,20.400000000000002,24.400000000000002
0.000589,10.8,14.8,18.0,24.400000000000002
0.0005891,13.200000000000001,15.600000000000001,19.6,23.6
0.0005892,12.4,16.400000000000002,18.8,22.0
0.0005893,10.0,14.0,18.0,24.400000000000002
0.0005894,13.200000000000001,15.600000000000001,19.6,22.8
0.0005895,10.0,15.600000000000001,22.0,20.400000000000002
0.0005896,10.8,15.600000000000001,20.400000000000002,22.0
0.0005897,10.0,16.400000000000002,18.0,22.8
0.0005898,11.600000000000001,14.8,18.8,26.0
0.0005899,14.8,14.0,19.6,22.8
0.00059,12.4,16.400000000000002,18.0,25.200000000000003
0.0005901,12.4,14.8,18.0,22.0
0.0005902,10.8,15.600000000000001,18.8,20.400000000000002
0.0005903,12.4,14.8,21.200000000000003,23.6
0.0005903999999999999,12.4,15.600000000000001,18.8,22.0
0.0005905,13.200000000000001,14.8,19.6,21.200000000000003
0.0005905999999999999,11.600000000000001,15.600000000000001,20.400000000000002,22.8
0.0005907,11.600000000000001,10.8,20.400000000000002,24.400000000000002
0.0005907999999999999,10.0,14.0,19.6,22.8
0.0005909,11.600000000000001,15.600000000000001,18.8,22.8
0.0005909999999999999,9.200000000000001,14.8,20.400000000000002,22.0
0.0005911,11.600000000000001,15.600000000000001,19.6,22.0
0.0005912,10.0,14.8,22.0,25.200000000000003
0.0005913,14.0,12.4,20.400000000000002,22.0
0.0005914,12.4,14.8,18.0,22.0
0.0005915,10.8,16.400000000000002,22.0,21.200000000000003
0.0005916,12.4,15.600000000000001,20.400000000000002,22.0
0.0005917,11.600000000000001,13.200000000000001,22.0,20.400000000000002
0.0005918,13.200000000000001,14.8,17.2,24.400000000000002
0.0005919,10.8,15.600000000000001,18.8,22.0
0.000592,13.200000000000001,15.600000000000001,20.400000000000002,23.6
0.0005921,11.600000000000001,14.8,22.0,22.8
0.0005922,10.8,16.400000000000002,18.0,26.0
0.0005923,12.4,14.8,20.400000000000002,22.8
0.0005924,13.200000000000001,13.200000000000001,18.0,25.200000000000003
0.0005924999999999999,9.200000000000001,14.8,18.0,23.6
0.0005926,10.0,14.8,18.8,22.8
0.0005926999999999999,11.600000000000001,18.0,18.0,22.8
0.0005928,13.200000000000001,12.4,20.400000000000002,24.400000000000002
0.0005928999999999999,10.8,15.600000000000001,20.400000000000002,23.6
0.000593,13.200000000000001,14.8,21.200000000000003,22.8
0.0005930999999999999,10.0,16.400000000000002,19.6,24.400000000000002
0.0005932,13.200000000000001,14.8,21.200000000000003,23.6
0.0005933,11.600000000000001,14.8,20.400000000000002,23.6
0.0005934,14.0,14.0,20.400000000000002,22.8
0.0005935,12.4,15.600000000000001,20.400000000000002,22.8
0.0005936,10.0,17.2,17.2,22.8
0.0005937,12.4,14.0,20.400000000000002,23.6
0.0005938,10.8,14.8,20.400000000000002,23.6
0.0005939,10.0,14.0,21.200000000000003,22.8
0.000594,10.0,14.8,18.0,25.200000000000003
0.0005941,11.600000000000001,14.0,20.400000000000002,23.6
0.0005942,10.8,13.200000000000001,20.400000000000002,24.400000000000002
0.0005943,11.600000000000001,14.0,18.8,23.6
0.0005944,11.600000000000001,17.2,17.2,22.0
0.0005945,12.4,18.0,17.2,20.400000000000002
0.0005946,10.0,16.400000000000002,18.8,22.8
0.0005947,10.0,15.600000000000001,20.400000000000002,22.8
0.0005947999999999999,9.200000000000001,16.400000000000002,21.200000000000003,21.200000000000003
0.0005949,13.200000000000001,14.0,19.6,23.6
0.0005949999999999999,12.4,14.0,20.400000000000002,23.6
0.0005951,10.0,16.400000000000002,18.8,22.8
0.0005951999999999999,9.200000000000001,15.600000000000001,18.0,24.400000000000002
0.0005953,10.8,14.8,19.6,22.0
0.0005953999999999999,10.0,16.400000000000002,19.6,24.400000000000002
0.0005955,11.600000000000001,13.200000000000001,18.0,22.8
0.0005956,10.8,15.600000000000001,20.400000000000002,22.8
0.0005957,12.4,14.0,19.6,22.0
0.0005958,7.6000000000000005,14.0,21.200000000000003,20.400000000000002
0.0005959,10.0,16.400000000000002,20.400000000000002,22.0
0.000596,11.600000000000001,15.600000000000001,16.400000000000002,22.8
0.0005961,11.600000000000001,14.8,21.200000000000003,22.8
0.0005962,10.8,13.200000000000001,18.8,22.0
0.0005963,12.4,14.0,18.8,19.6
0.0005964,10.8,13.200000000000001,20.400000000000002,21.200000000000003
0.0005965,10.0,13.200000000000001,20.400000000000002,23.6
0.0005966,11.600000000000001,14.8,18.8,23.6
0.0005967,10.8,14.0,19.6,22.0
0.0005968,10.8,13.200000000000001,18.8,24.400000000000002
0.0005969,10.8,12.4,20.400000000000002,24.400000000000002
0.000597,10.8,14.0,18.8,23.6
0.0005970999999999999,10.0,15.600000000000001,21.200000000000003,23.6
0.0005972,11.600000000000001,14.0,18.0,24.400000000000002
0.0005972999999999999,13.200000000000001,17.2,19.6,22.8
0.0005974,10.0,16.400000000000002,19.6,20.400000000000002
0.0005974999999999999,11.600000000000001,15.600000000000001,18.8,23.6
0.0005976,10.8,13.200000000000001,20.400000000000002,22.0
0.0005976999999999999,10.8,17.2,19.6,21.200000000000003
0.0005978,9.200000000000001,14.0,20.400000000000002,24.400000000000002
0.0005979,8.4,14.0,18.8,23.6
0.000598,12.4,17.2,20.400000000000002,24.400000000000002
0.0005981,12.4,13.200000000000001,22.0,22.8
0.0005982,13.200000000000001,14.0,18.0,20.400000000000002
0.0005983,12.4,15.600000000000001,20.400000000000002,22.8
0.0005984,10.0,13.200000000000001,20.400000000000002,24.400000000000002
0.0005985,12.4,15.600000000000001,18.8,24.400000000000002
0.0005986,13.200000000000001,15.600000000000001,18.8,22.8
0.0005987,10.8,14.0,18.0,23.6
0.0005988,11.600000000000001,15.600000000000001,20.400000000000002,21.200000000000003
0.0005989,13.200000000000001,15.600000000000001,17.2,22.8
0.000599,11.600000000000001,15.600000000000001,20.400000000000002,22.0
0.0005991,10.0,15.600000000000001,20.400000000000002,23.6
0.0005991999999999999,11.600000000000001,14.0,19.6,21.200000000000003
0.0005993,10.8,15.600000000000001,19.6,21.200000000000003
0.0005993999999999999,10.8,14.0,19.6,21.200000000000003
0.0005995,13.200000000000001,14.0,20.400000000000002,21.200000000000003
0.0005995999999999999,14.8,14.0,20.400000000000002,22.8
0.0005997,11.600000000000001,11.600000000000001,22.0,22.0
0.0005997999999999999,10.8,14.8,19.6,24.400000000000002
0.0005999,13.200000000000001,14.8,18.8,22.8
0.0006,12.4,14.8,17.2,22.0
0.0006001,10.8,15.600000000000001,20.400000000000002,23.6
0.0006002,14.0,14.0,19.6,20.400000000000002
0.0006003,13.200000000000001,15.600000000000001,19.6,24.400000000000002
0.0006004,12.4,15.600000000000001,20.400000000000002,23.6
0.0006005,12.4,14.0,18.0,22.0
0.0006006,10.8,14.8,18.8,23.6
0.0006007,8.4,15.600000000000001,19.6,24.400000000000002
0.0006008,10.8,13.200000000000001,19.6,22.8
0.0006009,12.4,14.8,19.6,22.8
0.000601,12.4,14.0,18.0,20.400000000000002
0.0006011,13.200000000000001,16.400000000000002,20.400000000000002,24.400000000000002
0.0006012,11.600000000000001,14.0,18.8,21.200000000000003
0.0006013,14.0,13.200000000000001,19.6,22.0
0.0006014,10.8,13.200000000000001,20.400000000000002,20.400000000000002
0.0006014999999999999,10.0,13.200000000000001,20.400000000000002,22.0
0.0006016,10.0,14.8,18.8,21.200000000000003
0.0006016999999999999,12.4,14.8,18.0,21.200000000000003
0.0006018,11.600000000000001,15.600000000000001,21.200000000000003,22.8
0.0006018999999999999,13.200000000000001,15.600000000000001,22.8,22.8
0.000602,10.0,12.4,18.8,21.200000000000003
0.0006020999999999999,12.4,14.0,17.2,22.8
0.0006022,12.4,15.600000000000001,19.6,19.6
0.0006023,12.4,14.0,18.0,19.6
0.0006024,14.0,14.0,20.400000000000002,21.200000000000003
0.0006025,12.4,13.200000000000001,22.0,23.6
0.0006026,12.4,14.8,20.400000000000002,22.0
0.0006027,11.600000000000001,15.600000000000001,20.400000000000002,22.8
0.0006028,12.4,13.200000000000001,20.400000000000002,25.200000000000003
0.0006029,10.8,14.8,18.8,21.200000000000003
0.000603,11.600000000000001,14.8,20.400000000000002,24.400000000000002
0.0006031,12.4,14.0,20.400000000000002,22.0
0.0006032,11.600000000000001,14.0,18.0,22.0
0.0006033,13.200000000000001,14.8,20.400000000000002,20.400000000000002
0.0006034,10.0,15.600000000000001,18.8,22.0
0.0006035,10.8,16.400000000000002,18.0,22.8
0.0006036,10.0,14.8,18.0,22.0
0.0006037,11.600000000000001,15.600000000000001,20.400000000000002,23.6
0.0006037999999999999,10.8,14.8,17.2,22.0
0.0006039,9.200000000000001,14.0,21.200000000000003,22.0
0.0006039999999999999,10.0,15.600000000000001,19.6,22.0
0.0006041,11.600000000000001,15.600000000000001,18.8,22.0
0.0006041999999999999,10.8,14.0,19.6,22.0
0.0006043,12.4,14.8,20.400000000000002,20.400000000000002
0.0006044,10.8,14.8,18.8,24.400000000000002
0.0006045,10.8,14.0,20.400000000000002,23.6
0.0006046,11.600000000000001,16.400000000000002,21.200000000000003,22.8
0.0006047,10.0,14.8,17.2,21.200000000000003
0.0006048,12.4,13.200000000000001,21.200000000000003,22.8
0.0006049,10.8,13.200000000000001,18.8,22.8
0.000605,11.600000000000001,14.0,16.400000000000002,25.200000000000003
0.0006051,9.200000000000001,14.8,19.6,22.8
0.0006052,12.4,14.0,20.400000000000002,23.6
0.0006053,12.4,13.200000000000001,18.8,21.200000000000003
0.0006054,10.0,13.200000000000001,20.400000000000002,23.6
0.0006055,10.0,14.8,20.400000000000002,20.400000000000002
0.0006056,11.600000000000001,15.600000000000001,20.400000000000002,22.8
0.0006057,10.0,14.0,21.200000000000003,26.0
0.0006058,12.4,15.600000000000001,19.6,21.200000000000003
0.0006058999999999999,10.8,12.4,18.0,23.6
0.000606,10.8,14.0,16.400000000000002,21.200000000000003
0.0006060999999999999,13.200000000000001,11.600000000000001,18.0,22.0
0.0006062,10.0,13.200000000000001,17.2,22.8
0.0006062999999999999,13.200000000000001,14.0,19.6,22.0
0.0006064,13.200000000000001,14.8,16.400000000000002,22.8
0.0006064999999999999,12.4,14.0,20.400000000000002,22.0
0.0006066,10.0,14.8,18.8,19.6
0.0006067,10.8,17.2,18.0,22.8
0.0006068,10.8,16.400000000000002,19.6,22.8
0.0006069,10.0,17.2,19.6,22.8
0.000607,11.600000000000001,16.400000000000002,18.8,24.400000000000002
0.0006071,11.600000000000001,13.200000000000001,17.2,22.8
0.0006072,10.8,15.600000000000001,20.400000000000002,24.400000000000002
0.0006073,13.200000000000001,14.0,20.400000000000002,22.0
0.0006074,10.8,14.8,21.200000000000003,22.8
0.0006075,10.8,17.2,18.0,20.400000000000002
0.0006076,12.4,14.0,19.6,24.400000000000002
0.0006077,10.8,12.4,20.400000000000002,22.8
0.0006078,11.600000000000001,13.200000000000001,18.8,23.6
0.0006079,11.600000000000001,14.8,22.0,21.200000000000003
0.000608,10.8,13.200000000000001,19.6,21.200000000000003
0.0006081,10.0,14.8,18.8,22.8
0.0006081999999999999,12.4,14.0,17.2,22.0
0.0006083,8.4,13.200000000000001,20.400000000000002,24.400000000000002
0.0006083999999999999,11.600000000000001,15.600000000000001,21.200000000000003,22.8
0.0006085,10.8,14.8,18.8,25.200000000000003
0.0006085999999999999,10.8,15.600000000000001,18.8,24.400000000000002
0.0006087,10.8,14.8,22.0,21.200000000000003
0.0006087999999999999,9.200000000000001,16.400000000000002,19.6,22.8
0.0006089,10.8,15.600000000000001,18.8,23.6
0.000609,10.8,14.8,20.400000000000002,21.200000000000003
0.0006091,14.0,15.600000000000001,18.8,22.0
0.0006092,10.0,14.8,18.8,22.8
0.0006093,10.8,14.8,20.400000000000002,23.6
0.0006094,10.8,16.400000000000002,17.2,24.400000000000002
0.0006095,12.4,14.8,18.0,22.8
0.0006096,11.600000000000001,15.600000000000001,19.6,20.400000000000002
0.0006097,14.8,14.8,20.400000000000002,21.200000000000003
0.0006098,10.0,13.200000000000001,19.6,22.8
0.0006099,10.0,15.600000000000001,18.8,23.6
0.00061,6.800000000000001,14.0,19.6,22.8
0.0006101,11.600000000000001,14.0,18.0,22.8
0.0006102,8.4,14.8,20.400000000000002,22.8
0.0006102999999999999,13.200000000000001,13.200000000000001,20.400000000000002,22.8
0.0006104,8.4,16.400000000000002,19.6,25.200000000000003
0.0006104999999999999,10.0,14.8,21.200000000000003,22.8
0.0006106,10.8,14.0,21.200000000000003,22.8
0.0006106999999999999,12.4,14.0,20.400000000000002,23.6
0.0006108,10.8,14.8,18.8,25.200000000000003
0.0006108999999999999,10.8,15.600000000000001,21.200000000000003,24.400000000000002
0.000611,11.600000000000001,13.200000000000001,18.8,22.8
0.0006111,12.4,14.0,20.400000000000002,21.200000000000003
0.0006112,13.200000000000001,15.600000000000001,21.200000000000003,22.8
0.0006113,10.0,13.200000000000001,19.6,21.200000000000003
0.0006114,13.200000000000001,17.2,19.6,23.6
0.0006115,10.0,15.600000000000001,18.0,22.0
0.0006116,12.4,15.600000000000001,20.400000000000002,24.400000000000002
0.0006117,9.200000000000001,15.600000000000001,21.200000000000003,22.0
0.0006118,11.600000000000001,14.0,18.8,22.8
0.0006119,14.0,14.8,18.8,20.400000000000002
0.000612,12.4,13.200000000000001,18.0,20.400000000000002
0.0006121,12.4,14.0,20.400000000000002,22.0
0.0006122,14.0,13.200000000000001,18.8,22.8
0.0006123,10.0,14.0,19.6,22.0
0.0006124,9.200000000000001,15.600000000000001,22.0,22.0
0.0006125,13.200000000000001,14.0,18.8,23.6
0.0006125999999999999,10.0,16.400000000000002,20.400000000000002,21.200000000000003
0.0006127,13.200000000000001,14.8,18.8,22.0
0.0006127999999999999,13.200000000000001,14.8,20.400000000000002,22.8
0.0006129,10.8,15.600000000000001,14.0,22.0
0.0006129999999999999,12.4,12.4,19.6,20.400000000000002
0.0006131,10.8,15.600000000000001,17.2,22.0
0.0006131999999999999,8.4,12.4,18.8,22.0
0.0006133,12.4,14.0,18.8,23.6
0.0006134,10.8,13.200000000000001,18.8,22.0
0.0006135,11.600000000000001,17.2,17.2,22.8
0.0006136,10.8,14.8,21.200000000000003,22.8
0.0006137,10.8,13.200000000000001,18.8,23.6
0.0006138,10.8,14.8,20.400000000000002,21.200000000000003
0.0006139,10.8,14.8,22.0,22.0
0.000614,10.8,17.2,20.400000000000002,22.0
0.0006141,10.0,14.8,19.6,22.8
0.0006142,8.4,13.200000000000001,17.2,22.0
0.0006143,10.0,12.4,20.400000000000002,21.200000000000003
0.0006144,10.0,13.200000000000001,19.6,24.400000000000002
0.0006145,10.8,15.600000000000001,18.0,21.200000000000003
0.0006146,13.200000000000001,12.4,22.0,22.8
0.0006147,10.0,12.4,18.8,23.6
0.0006148,10.0,15.600000000000001,19.6,22.0
0.0006148999999999999,11.600000000000001,15.600000000000001,20.400000000000002,22.0
0.000615,10.8,14.8,17.2,22.8
0.0006150999999999999,10.0,14.0,19.6,20.400000000000002
0.0006152,12.4,14.8,19.6,22.8
0.0006152999999999999,10.0,18.0,21.200000000000003,23.6
0.0006154,10.8,15.600000000000001,18.8,22.8
0.0006154999999999999,10.0,14.8,19.6,22.0
0.0006156,10.8,14.0,17.2,22.0
0.0006157,10.8,14.8,19.6,22.0
0.0006158,13.200000000000001,15.600000000000001,18.8,21.200000000000003
0.0006159,10.8,15.600000000000001,21.200000000000003,23.6
0.000616,12.4,12.4,19.6,24.400000000000002
0.0006161,10.0,15.600000000000001,21.200000000000003,22.8
0.0006162,11.600000000000001,14.8,19.6,21.200000000000003
0.0006163,9.200000000000001,15.600000000000001,18.0,24.400000000000002
0.0006164,11.600000000000001,14.0,19.6,21.200000000000003
0.0006165,10.0,15.600000000000001,18.0,22.0
0.0006166,12.4,14.0,19.6,24.400000000000002
0.0006167,11.600000000000001,14.8,18.8,22.0
0.0006168,10.0,13.200000000000001,19.6,21.200000000000003
0.0006169,10.0,11.600000000000001,17.2,22.8
0.0006169999999999999,14.0,14.8,18.0,22.8
0.0006171,10.8,13.200000000000001,17.2,21.200000000000003
0.0006171999999999999,11.600000000000001,14.8,18.0,22.0
0.0006173,9.200000000000001,14.0,18.0,22.8
0.0006173999999999999,9.200000000000001,14.0,19.6,22.8
0.0006175,11.600000000000001,14.0,18.0,22.8
0.0006175999999999999,13.200000000000001,15.600000000000001,19.6,21.200000000000003
0.0006177,11.600000000000001,13.200000000000001,19.6,22.8
0.0006178,11.600000000000001,17.2,17.2,23.6
0.0006179,10.0,15.600000000000001,21.200000000000003,22.8
0.000618,12.4,14.0,21.200000000000003,22.8
0.0006181,11.600000000000001,16.400000000000002,19.6,22.8
0.0006182,12.4,15.600000000000001,21.200000000000003,24.400000000000002
0.0006183,10.8,14.8,18.8,19.6
0.0006184,9.200000000000001,16.400000000000002,21.200000000000003,20.400000000000002
0.0006185,10.0,15.600000000000001,21.200000000000003,22.0
0.0006186,10.0,13.200000000000001,18.8,22.0
0.0006187,13.200000000000001,14.0,20.400000000000002,23.6
0.0006188,10.0,13.200000000000001,18.0,21.200000000000003
0.0006189,12.4,14.8,18.8,22.8
0.000619,10.0,13.200000000000001,18.8,22.8
0.0006191,10.0,13.200000000000001,18.8,21.200000000000003
0.0006192,11.600000000000001,14.8,19.6,23.6
0.0006192999999999999,10.8,16.400000000000002,17.2,22.8
0.0006194,12.4,15.600000000000001,22.0,24.400000000000002
0.0006194999999999999,10.8,16.400000000000002,21.200000000000003,22.0
0.0006196,9.200000000000001,16.400000000000002,18.0,24.400000000000002
0.0006196999999999999,10.8,14.0,20.400000000000002,22.8
0.0006198,11.600000000000001,14.0,16.400000000000002,22.0
0.0006198999999999999,10.8,16.400000000000002,19.6,24.400000000000002
0.00062,11.600000000000001,16.400000000000002,18.0,21.200000000000003
0.0006201,10.8,13.200000000000001,19.6,20.400000000000002
0.0006202,13.200000000000001,13.200000000000001,18.8,21.200000000000003
0.0006203,12.4,14.8,20.400000000000002,24.400000000000002
0.0006204,11.600000000000001,14.8,18.0,22.8
0.0006205,10.0,11.600000000000001,18.8,21.200000000000003
0.0006206,13.200000000000001,15.600000000000001,17.2,21.200000000000003
0.0006207,11.600000000000001,14.0,18.8,22.0
0.0006208,10.8,15.600000000000001,20.400000000000002,22.0
0.0006209,10.0,16.400000000000002,19.6,22.0
0.000621,10.8,14.0,18.0,22.0
0.0006211,9.200000000000001,12.4,19.6,22.0
0.0006212,9.200000000000001,14.8,18.8,23.6
0.0006213,9.200000000000001,14.8,19.6,22.8
0.0006214,9.200000000000001,11.600000000000001,20.400000000000002,22.0
0.0006215,9.200000000000001,17.2,21.200000000000003,24.400000000000002
0.0006215999999999999,12.4,13.200000000000001,18.8,22.8
0.0006217,12.4,11.600000000000001,21.200000000000003,26.0
0.0006217999999999999,10.0,16.400000000000002,17.2,22.0
0.0006219,11.600000000000001,15.600000000000001,19.6,21.200000000000003
0.0006219999999999999,11.600000000000001,16.400000000000002,18.8,23.6
0.0006221,10.8,14.0,18.0,22.0
0.0006221999999999999,13.200000000000001,16.400000000000002,19.6,23.6
0.0006223,9.200000000000001,15.600000000000001,21.200000000000003,22.8
0.0006224,12.4,14.8,20.400000000000002,22.8
0.0006225,11.600000000000001,14.0,19.6,22.0
0.0006226,12.4,14.0,21.200000000000003,24.400000000000002
0.0006227,11.600000000000001,15.600000000000001,20.400000000000002,23.6
0.0006228,12.4,15.600000000000001,20.400000000000002,23.6
0.0006229,14.0,15.600000000000001,18.0,23.6
0.000623,9.200000000000001,13.200000000000001,16.400000000000002,25.200000000000003
0.0006231,10.0,13.200000000000001,18.8,22.0
0.0006232,11.600000000000001,14.0,20.400000000000002,22.8
0.0006233,10.0,14.8,19.6,22.0
0.0006234,12.4,14.0,18.8,22.8
0.0006235,10.0,12.4,19.6,20.400000000000002
0.0006236,10.8,13.200000000000001,18.0,22.8
0.0006236999999999999,8.4,12.4,19.6,22.8
0.0006238,11.600000000000001,14.8,18.0,23.6
0.0006238999999999999,7.6000000000000005,15.600000000000001,18.0,21.200000000000003
0.000624,12.4,12.4,18.0,22.8
0.0006240999999999999,12.4,16.400000000000002,18.8,22.0
0.0006242,10.8,14.0,18.8,22.8
0.0006242999999999999,14.0,14.0,19.6,22.0
0.0006244,11.600000000000001,12.4,20.400000000000002,21.200000000000003
0.0006245,10.8,14.8,20.400000000000002,23.6
0.0006246,11.600000000000001,14.8,17.2,19.6
0.0006247,11.600000000000001,13.200000000000001,18.0,24.400000000000002
0.0006248,11.600000000000001,11.600000000000001,19.6,23.6
0.0006249,8.4,14.0,20.400000000000002,22.8
0.000625,12.4,13.200000000000001,18.0,22.0
0.0006251,12.4,12.4,18.8,21.200000000000003
0.0006252,12.4,14.0,20.400000000000002,22.0
0.0006253,12.4,14.8,18.8,22.8
0.0006254,11.600000000000001,15.600000000000001,19.6,22.0
0.0006255,12.4,15.600000000000001,19.6,22.8
0.0006256,10.0,14.8,19.6,23.6
0.0006257,10.0,12.4,18.0,20.400000000000002
0.0006258,9.200000000000001,13.200000000000001,18.0,26.8
0.0006259,12.4,12.4,18.8,22.0
0.0006259999999999999,11.600000000000001,15.600000000000001,18.0,22.0
0.0006261,13.200000000000001,10.8,18.8,22.0
0.0006261999999999999,13.200000000000001,13.200000000000001,19.6,23.6
0.0006263,13.200000000000001,12.4,20.400000000000002,22.8
0.0006263999999999999,12.4,14.8,20.400000000000002,21.200000000000003
0.0006265,12.4,14.0,19.6,24.400000000000002
0.0006265999999999999,11.600000000000001,11.600000000000001,17.2,22.8
0.0006267,10.8,13.200000000000001,17.2,25.200000000000003
0.0006268,11.600000000000001,12.4,15.600000000000001,22.8
0.0006269,10.0,15.600000000000001,19.6,22.8
0.000627,12.4,14.8,22.0,22.0
0.0006271,10.0,14.8,19.6,22.0
0.0006272,11.600000000000001,14.0,20.400000000000002,22.0
0.0006273,12.4,14.8,18.0,22.0
0.0006274,10.8,17.2,19.6,22.8
0.0006275,13.200000000000001,15.600000000000001,22.0,22.8
0.0006276,10.8,14.0,18.0,20.400000000000002
0.0006277,10.0,14.0,18.8,23.6
0.0006278,13.200000000000001,14.0,19.6,22.0
0.0006279,10.8,16.400000000000002,19.6,25.200000000000003
0.000628,10.8,14.0,18.8,21.200000000000003
0.0006281,10.8,14.0,22.0,22.8
0.0006282,9.200000000000001,14.8,20.400000000000002,24.400000000000002
0.0006282999999999999,10.8,13.200000000000001,18.8,22.0
0.0006284,11.600000000000001,15.600000000000001,20.400000000000002,20.400000000000002
0.0006284999999999999,8.4,15.600000000000001,19.6,22.8
0.0006286,11.600000000000001,14.8,19.6,24.400000000000002
0.0006286999999999999,10.0,14.8,20.400000000000002,20.400000000000002
0.0006288,10.0,13.200000000000001,18.8,21.200000000000003
0.0006288999999999999,11.600000000000001,18.0,20.400000000000002,20.400000000000002
0.000629,14.0,14.0,16.400000000000002,22.8
0.0006291,10.0,12.4,17.2,22.8
0.0006292,10.8,14.8,18.0,23.6
0.0006293,10.0,15.600000000000001,18.8,24.400000000000002
0.0006294,10.0,14.8,20.400000000000002,22.0
0.0006295,10.8,14.0,18.8,21.200000000000003
0.0006296,8.4,11.600000000000001,20.400000000000002,22.0
0.0006297,10.0,14.0,20.400000000000002,23.6
0.0006298,12.4,14.8,15.600000000000001,22.0
0.0006299,10.0,14.8,18.0,22.0
0.00063,12.4,13.200000000000001,21.200000000000003,21.200000000000003
0.0006301,11.600000000000001,14.0,19.6,21.200000000000003
0.0006302,10.8,12.4,19.6,22.0
0.0006303,9.200000000000001,13.200000000000001,15.600000000000001,21.200000000000003
0.0006303999999999999,12.4,13.200000000000001,16.400000000000002,21.200000000000003
0.0006305,10.8,14.8,18.8,23.6
0.0006305999999999999,10.0,14.0,20.400000000000002,20.400000000000002
0.0006307,9.200000000000001,15.600000000000001,22.0,22.8
0.0006307999999999999,13.200000000000001,14.8,18.8,21.200000000000003
0.0006309,12.4,13.200000000000001,19.6,23.6
0.0006309999999999999,10.0,14.0,18.8,22.0
0.0006311,10.0,14.0,19.6,22.8
0.0006312,11.600000000000001,13.200000000000001,20.400000000000002,22.8
0.0006313,12.4,15.600000000000001,18.0,22.0
0.0006314,10.8,14.8,19.6,22.8
0.0006315,13.200000000000001,14.8,20.400000000000002,22.8
0.0006316,10.8,14.8,19.6,22.8
0.0006317,10.0,13.200000000000001,20.400000000000002,20.400000000000002
0.0006318,10.8,15.600000000000001,20.400000000000002,22.8
0.0006319,10.0,15.600000000000001,19.6,21.200000000000003
0.000632,10.8,12.4,17.2,22.0
0.0006321,12.4,15.600000000000001,20.400000000000002,22.8
0.0006322,9.200000000000001,12.4,19.6,22.0
0.0006323,10.0,14.8,18.8,26.0
0.0006324,11.600000000000001,15.600000000000001,18.0,22.0
0.0006325,10.0,13.200000000000001,18.8,20.400000000000002
0.0006326,11.600000000000001,14.8,17.2,22.0
0.0006326999999999999,10.0,15.600000000000001,17.2,26.0
0.0006328,10.0,14.8,18.8,22.0
0.0006328999999999999,14.0,14.8,20.400000000000002,22.8
0.000633,10.0,14.8,19.6,20.400000000000002
0.0006330999999999999,10.8,13.200000000000001,19.6,24.400000000000002
0.0006332,10.0,16.400000000000002,20.400000000000002,23.6
0.0006332999999999999,11.600000000000001,16.400000000000002,18.0,22.0
0.0006334,7.6000000000000005,14.8,18.0,22.8
0.0006335,10.8,13.200000000000001,18.8,22.0
0.0006336,10.0,15.600000000000001,17.2,23.6
0.0006337,11.600000000000001,15.600000000000001,18.8,22.8
0.0006338,11.600000000000001,13.200000000000001,18.8,22.0
0.0006339,11.600000000000001,14.0,18.8,24.400000000000002
0.000634,10.8,14.8,17.2,22.0
0.0006341,12.4,14.8,21.200000000000003,23.6
0.0006342,12.4,14.8,19.6,18.8
0.0006343,11.600000000000001,15.600000000000001,18.8,22.8
0.0006344,10.8,11.600000000000001,17.2,21.200000000000003
0.0006345,12.4,14.8,18.8,21.200000000000003
0.0006346,9.200000000000001,14.8,19.6,23.6
0.0006347,12.4,14.0,20.400000000000002,22.8
0.0006347999999999999,9.200000000000001,14.8,20.400000000000002,22.8
0.0006349,8.4,14.0,19.6,20.400000000000002
0.0006349999999999999,10.8,14.8,17.2,20.400000000000002
0.0006351,10.8,14.0,18.0,22.8
0.0006351999999999999,12.4,13.200000000000001,21.200000000000003,21.200000000000003
0.0006353,10.0,14.8,17.2,19.6
0.0006353999999999999,9.200000000000001,14.0,19.6,22.8
0.0006355,12.4,15.600000000000001,18.8,22.0
0.0006355999999999999,10.0,14.8,19.6,21.200000000000003
0.0006357,11.600000000000001,14.8,18.8,22.8
0.0006358,12.4,16.400000000000002,19.6,21.200000000000003
0.0006359,9.200000000000001,14.8,21.200000000000003,20.400000000000002
0.000636,12.4,14.0,18.0,22.8
0.0006361,10.8,13.200000000000001,17.2,21.200000000000003
0.0006362,9.200000000000001,15.600000000000001,17.2,22.8
0.0006363,8.4,13.200000000000001,18.0,21.200000000000003
0.0006364,9.200000000000001,14.0,18.0,22.0
0.0006365,13.200000000000001,14.0,16.400000000000002,22.0
0.0006366,10.8,14.8,15.600000000000001,22.8
0.0006367,10.0,14.0,18.8,24.400000000000002
0.0006368,11.600000000000001,13.200000000000001,18.8,22.8
0.0006369,12.4,14.0,18.0,22.0
0.000637,12.4,14.8,18.8,22.8
0.0006370999999999999,12.4,14.8,20.400000000000002,20.400000000000002
0.0006372,10.0,15.600000000000001,21.200000000000003,22.8
0.0006372999999999999,10.8,16.400000000000002,18.8,21.200000000000003
0.0006374,11.600000000000001,15.600000000000001,17.2,23.6
0.0006374999999999999,12.4,13.200000000000001,20.400000000000002,22.0
0.0006376,10.0,15.600000000000001,20.400000000000002,22.8
0.0006376999999999999,12.4,14.8,22.0,21.200000000000003
0.0006378,12.4,14.8,19.6,23.6
0.0006379,10.0,14.8,18.0,22.0
0.000638,10.8,11.600000000000001,18.0,24.400000000000002
0.0006381,10.8,14.8,19.6,22.0
0.0006382,13.200000000000001,14.8,20.400000000000002,23.6
0.0006383,10.8,15.600000000000001,20.400000000000002,22.8
0.0006384,11.600000000000001,14.8,19.6,22.8
0.0006385,10.8,15.600000000000001,18.0,22.0
0.0006386,10.8,14.8,18.8,22.8
0.0006387,10.8,16.400000000000002,17.2,22.8
0.0006388,9.200000000000001,14.0,18.8,25.200000000000003
0.0006389,7.6000000000000005,13.200000000000001,18.8,25.200000000000003
0.000639,9.200000000000001,15.600000000000001,19.6,20.400000000000002
0.0006391,10.0,13.200000000000001,18.0,21.200000000000003
0.0006392,10.0,14.0,18.8,20.400000000000002
0.0006393,12.4,13.200000000000001,20.400000000000002,22.8
0.0006393999999999999,9.200000000000001,13.200000000000001,19.6,22.8
0.0006395,10.0,14.8,18.8,22.0
0.0006395999999999999,10.0,13.200000000000001,18.0,25.200000000000003
0.0006397,10.0,13.200000000000001,19.6,22.0
0.0006397999999999999,12.4,15.600000000000001,17.2,24.400000000000002
0.0006399,10.0,11.600000000000001,18.0,22.0
0.0006399999999999999,10.8,14.8,19.6,22.0
0.0006401,8.4,14.8,18.0,22.0
0.0006402,9.200000000000001,15.600000000000001,18.8,20.400000000000002
0.0006403,10.8,16.400000000000002,18.8,19.6
0.0006404,10.0,13.200000000000001,18.0,23.6
0.0006405,11.600000000000001,13.200000000000001,21.200000000000003,22.8
0.0006406,10.0,15.600000000000001,17.2,22.8
0.0006407,10.0,14.8,19.6,21.200000000000003
0.0006408,11.600000000000001,16.400000000000002,18.0,22.0
0.0006409,10.8,16.400000000000002,18.8,25.200000000000003
0.000641,10.8,14.0,18.0,22.0
0.0006411,10.8,14.8,19.6,20.400000000000002
0.0006412,9.200000000000001,14.8,17.2,22.8
0.0006413,10.0,15.600000000000001,18.0,23.6
0.0006414,9.200000000000001,14.8,15.600000000000001,20.400000000000002
0.0006414999999999999,10.8,14.0,19.6,20.400000000000002
0.0006416,12.4,16.400000000000002,17.2,22.0
0.0006416999999999999,10.0,14.0,18.8,22.0
0.0006418,10.0,12.4,19.6,21.200000000000003
0.0006418999999999999,10.8,11.600000000000001,18.8,21.200000000000003
0.000642,13.200000000000001,15.600000000000001,19.6,22.0
0.0006420999999999999,11.600000000000001,14.8,17.2,22.8
0.0006422,10.8,15.600000000000001,17.2,21.200000000000003
0.0006422999999999999,10.8,13.200000000000001,18.8,22.8
0.0006424,12.4,14.0,19.6,23.6
0.0006425,9.200000000000001,13.200000000000001,22.0,22.0
0.0006426,9.200000000000001,13.200000000000001,21.200000000000003,22.8
0.0006427,11.600000000000001,16.400000000000002,20.400000000000002,22.0
0.0006428,14.0,11.600000000000001,19.6,22.8
0.0006429,12.4,16.400000000000002,16.400000000000002,22.8
0.000643,10.0,15.600000000000001,18.8,23.6
0.0006431,11.600000000000001,11.600000000000001,18.0,22.0
0.0006432,9.200000000000001,15.600000000000001,18.8,22.0
0.0006433,9.200000000000001,14.0,20.400000000000002,21.200000000000003
0.0006434,12.4,14.8,17.2,24.400000000000002
0.0006435,10.8,15.600000000000001,18.8,22.8
0.0006436,9.200000000000001,14.0,20.400000000000002,20.400000000000002
0.0006437,13.200000000000001,14.0,18.8,22.8
0.0006437999999999999,9.200000000000001,14.8,19.6,22.8
0.0006439,11.600000000000001,14.0,19.6,22.8
0.0006439999999999999,13.200000000000001,13.200000000000001,18.8,22.8
0.0006441,10.0,14.8,17.2,25.200000000000003
0.0006441999999999999,14.0,14.8,20.400000000000002,19.6
0.0006443,10.8,13.200000000000001,18.8,23.6
0.0006443999999999999,10.0,14.8,19.6,22.0
0.0006445,8.4,12.4,19.6,24.400000000000002
0.0006446,10.8,14.0,20.400000000000002,22.0
0.0006447,11.600000000000001,14.0,17.2,22.8
0.0006448,8.4,14.0,18.0,23.6
0.0006449,10.8,14.0,20.400000000000002,22.0
0.000645,10.0,13.200000000000001,18.0,20.400000000000002
0.0006451,9.200000000000001,15.600000000000001,19.6,22.8
0.0006452,10.0,13.200000000000001,18.8,22.8
0.0006453,8.4,16.400000000000002,18.8,22.0
0.0006454,10.0,13.200000000000001,18.8,22.8
0.0006455,10.0,12.4,18.8,22.8
0.0006456,9.200000000000001,11.600000000000001,18.8,18.8
0.0006457,10.8,15.600000000000001,17.2,22.0
0.0006458,10.0,13.200000000000001,18.0,22.8
0.0006459,10.8,13.200000000000001,18.8,22.0
0.000646,11.600000000000001,18.0,19.6,22.0
0.0006460999999999999,11.600000000000001,15.600000000000001,19.6,22.8
0.0006462,8.4,14.0,19.6,22.8
0.0006462999999999999,10.0,14.8,19.6,20.400000000000002
0.0006464,10.8,12.4,18.0,18.8
0.0006464999999999999,13.200000000000001,14.0,17.2,19.6
0.0006466,10.8,14.8,20.400000000000002,23.6
0.0006466999999999999,12.4,13.200000000000001,18.0,22.8
0.0006468,8.4,13.200000000000001,18.8,22.8
0.0006469,11.600000000000001,12.4,17.2,22.0
0.000647,11.600000000000001,14.0,18.0,21.200000000000003
0.0006471,10.0,14.8,20.400000000000002,22.0
0.0006472,9.200000000000001,15.600000000000001,20.400000000000002,22.8
0.0006473,12.4,13.200000000000001,18.8,24.400000000000002
0.0006474,11.600000000000001,14.0,18.0,22.8
0.0006475,10.0,14.8,18.0,23.6
0.0006476,9.200000000000001,12.4,18.0,22.8
0.0006477,10.8,14.8,20.400000000000002,22.8
0.0006478,13.200000000000001,13.200000000000001,20.400000000000002,20.400000000000002
0.0006479,10.0,14.0,19.6,22.0
0.000648,6.800000000000001,12.4,18.0,22.8
0.0006481,10.8,14.8,18.0,22.8
0.0006481999999999999,8.4,15.600000000000001,19.6,24.400000000000002
0.0006483,9.200000000000001,14.8,16.400000000000002,22.0
0.0006483999999999999,11.600000000000001,15.600000000000001,18.0,21.200000000000003
0.0006485,9.200000000000001,14.8,18.8,22.0
0.0006485999999999999,10.8,11.600000000000001,22.8,20.400000000000002
0.0006487,11.600000000000001,14.8,18.8,24.400000000000002
0.0006487999999999999,10.0,13.200000000000001,18.8,23.6
0.0006489,10.0,12.4,19.6,21.200000000000003
0.000649,10.0,14.0,18.0,22.0
0.0006491,11.600000000000001,13.200000000000001,18.0,21.200000000000003
0.0006492,9.200000000000001,11.600000000000001,19.6,22.8
0.0006493,11.600000000000001,14.8,19.6,20.400000000000002
0.0006494,10.0,14.8,19.6,19.6
0.0006495,9.200000000000001,12.4,17.2,22.8
0.0006496,12.4,14.8,18.0,22.0
0.0006497,9.200000000000001,16.400000000000002,18.8,22.8
0.0006498,10.8,16.400000000000002,18.0,22.0
0.0006499,13.200000000000001,14.0,18.8,22.8
0.00065,11.600000000000001,10.8,18.8,21.200000000000003
0.0006501,10.0,14.0,19.6,21.200000000000003
0.0006502,11.600000000000001,15.600000000000001,19.6,19.6
0.0006503,9.200000000000001,15.600000000000001,18.0,23.6
0.0006504,10.8,13.200000000000001,19.6,19.6
0.0006504999999999999,10.8,14.0,18.8,21.200000000000003
0.0006506,11.600000000000001,13.200000000000001,18.0,22.8
0.0006506999999999999,10.0,14.8,20.400000000000002,20.400000000000002
0.0006508,11.600000000000001,13.200000000000001,18.0,23.6
0.0006508999999999999,10.0,12.4,17.2,22.0
0.000651,9.200000000000001,12.4,20.400000000000002,22.0
0.0006510999999999999,13.200000000000001,15.600000000000001,19.6,22.8
0.0006512,12.4,15.600000000000001,17.2,19.6
0.0006513,10.8,14.0,20.400000000000002,21.200000000000003
0.0006514,10.0,13.200000000000001,18.8,19.6
0.0006515,10.0,16.400000000000002,18.0,24.400000000000002
0.0006516,11.600000000000001,13.200000000000001,18.8,22.0
0.0006517,9.200000000000001,14.0,19.6,21.200000000000003
0.0006518,10.8,13.200000000000001,19.6,23.6
0.0006519,9.200000000000001,12.4,18.0,21.200000000000003
0.000652,10.0,14.0,18.8,22.0
0.0006521,10.8,16.400000000000002,18.8,20.400000000000002
0.0006522,10.8,14.0,18.0,21.200000000000003
0.0006523,13.200000000000001,11.600000000000001,19.6,22.8
0.0006524,12.4,14.0,18.0,20.400000000000002
0.0006525,8.4,14.8,18.0,22.8
0.0006525999999999999,10.0,13.200000000000001,17.2,22.0
0.0006527,12.4,13.200000000000001,19.6,22.0
0.0006527999999999999,8.4,16.400000000000002,18.8,22.8
0.0006529,10.0,14.8,17.2,22.8
0.0006529999999999999,12.4,13.200000000000001,17.2,21.200000000000003
0.0006531,10.0,15.600000000000001,15.600000000000001,23.6
0.0006531999999999999,10.8,14.0,19.6,24.400000000000002
0.0006533,11.600000000000001,14.8,19.6,22.8
0.0006533999999999999,10.8,14.8,18.8,21.200000000000003
0.0006535,7.6000000000000005,13.200000000000001,16.400000000000002,21.200000000000003
0.0006536,9.200000000000001,13.200000000000001,19.6,22.0
0.0006537,11.600000000000001,13.200000000000001,17.2,21.200000000000003
0.0006538,12.4,11.600000000000001,19.6,22.8
0.0006539,10.8,14.0,18.8,21.200000000000003
0.000654,9.200000000000001,14.8,19.6,22.8
0.0006541,10.8,14.0,21.200000000000003,22.0
0.0006542,10.8,13.200000000000001,19.6,20.400000000000002
0.0006543,9.200000000000001,14.0,21.200000000000003,23.6
0.0006544,10.0,13.200000000000001,17.2,25.200000000000003
0.0006545,12.4,13.200000000000001,19.6,22.8
0.0006546,12.4,14.0,16.400000000000002,22.0
0.0006547,9.200000000000001,14.0,18.8,21.200000000000003
0.0006548,11.600000000000001,11.600000000000001,18.0,21.200000000000003
0.0006548999999999999,9.200000000000001,13.200000000000001,18.8,22.8
0.000655,10.8,12.4,17.2,22.8
0.0006550999999999999,9.200000000000001,13.200000000000001,19.6,21.200000000000003
0.0006552,10.0,12.4,18.0,22.8
0.0006552999999999999,9.200000000000001,11.600000000000001,18.0,22.0
0.0006554,10.8,13.200000000000001,17.2,22.8
0.0006554999999999999,10.8,11.600000000000001,19.6,21.200000000000003
0.0006556,10.8,13.200000000000001,18.8,21.200000000000003
0.0006557,9.200000000000001,14.0,18.0,20.400000000000002
0.0006558,11.600000000000001,14.0,20.400000000000002,20.400000000000002
0.0006559,10.0,13.200000000000001,19.6,21.200000000000003
0.000656,9.200000000000001,10.8,20.400000000000002,20.400000000000002
0.0006561,10.8,15.600000000000001,18.8,21.200000000000003
0.0006562,10.8,14.0,18.8,22.8
0.0006563,10.0,14.0,17.2,20.400000000000002
0.0006564,10.0,12.4,18.0,23.6
0.0006565,10.8,16.400000000000002,20.400000000000002,21.200000000000003
0.0006566,11.600000000000001,16.400000000000002,18.0,23.6
0.0006567,10.8,15.600000000000001,19.6,22.0
0.0006568,10.0,15.600000000000001,20.400000000000002,23.6
0.0006569,13.200000000000001,14.8,18.0,19.6
0.000657,11.600000000000001,14.0,18.0,20.400000000000002
0.0006571,8.4,14.0,19.6,22.8
0.0006571999999999999,10.8,13.200000000000001,18.0,21.200000000000003
0.0006573,9.200000000000001,12.4,18.0,23.6
0.0006573999999999999,10.0,13.200000000000001,19.6,24.400000000000002
0.0006575,11.600000000000001,14.0,18.8,21.200000000000003
0.0006575999999999999,10.8,15.600000000000001,19.6,23.6
0.0006577,9.200000000000001,12.4,18.8,22.0
0.0006577999999999999,10.0,14.0,18.8,22.8
0.0006579,8.4,14.8,19.6,21.200000000000003
0.000658,10.8,14.8,19.6,22.0
0.0006581,6.800000000000001,14.8,18.8,22.8
0.0006582,10.0,14.0,18.8,23.6
0.0006583,10.0,14.0,18.0,22.0
0.0006584,10.8,14.8,18.8,22.0
0.0006585,11.600000000000001,14.8,18.8,22.0
0.0006586,11.600000000000001,14.0,19.6,21.200000000000003
0.0006587,11.600000000000001,14.0,19.6,22.8
0.0006588,10.0,16.400000000000002,18.0,22.8
0.0006589,8.4,15.600000000000001,18.8,18.0
0.000659,11.600000000000001,11.600000000000001,18.8,22.0
0.0006591,10.8,13.200000000000001,20.400000000000002,21.200000000000003
0.0006592,9.200000000000001,14.0,18.0,25.200000000000003
0.0006592999999999999,12.4,14.0,18.0,22.0
0.0006594,9.200000000000001,13.200000000000001,19.6,21.200000000000003
0.0006594999999999999,13.200000000000001,14.0,20.400000000000002,20.400000000000002
0.0006596,12.4,14.0,19.6,20.400000000000002
0.0006596999999999999,10.0,12.4,19.6,20.400000000000002
0.0006598,10.0,13.200000000000001,18.0,21.200000000000003
0.0006598999999999999,13.200000000000001,14.0,17.2,21.200000000000003
0.00066,13.200000000000001,14.8,20.400000000000002,21.200000000000003
0.0006600999999999999,10.0,10.8,21.200000000000003,21.200000000000003
0.0006602,12.4,10.8,18.0,22.8
0.0006603,10.8,16.400000000000002,18.0,21.200000000000003
0.0006604,10.0,12.4,17.2,21.200000000000003
0.0006605,10.0,12.4,18.8,20.400000000000002
0.0006606,10.0,13.200000000000001,18.8,21.200000000000003
0.0006607,9.200000000000001,14.0,17.2,23.6
0.0006608,11.600000000000001,15.600000000000001,18.0,22.8
0.0006609,9.200000000000001,14.0,18.0,26.0
0.000661,12.4,16.400000000000002,19.6,22.8
0.0006611,10.0,12.4,18.0,23.6
0.0006612,10.0,14.8,18.8,22.8
0.0006613,12.4,14.0,18.8,22.0
0.0006614,11.600000000000001,13.200000000000001,20.400000000000002,22.0
0.0006615,10.0,15.600000000000001,18.8,23.6
0.0006615999999999999,9.200000000000001,13.200000000000001,18.0,19.6
0.0006617,8.4,14.0,16.400000000000002,22.0
0.0006617999999999999,10.0,14.0,17.2,21.200000000000003
0.0006619,9.200000000000001,14.0,18.8,22.8
0.0006619999999999999,11.600000000000001,12.4,18.0,21.200000000000003
0.0006621,9.200000000000001,13.200000000000001,17.2,24.400000000000002
0.0006621999999999999,13.200000000000001,15.600000000000001,19.6,22.0
0.0006623,10.8,15.600000000000001,21.200000000000003,22.0
0.0006624,12.4,14.0,17.2,22.8
0.0006625,10.0,15.600000000000001,17.2,21.200000000000003
0.0006626,9.200000000000001,14.8,19.6,23.6
0.0006627,10.0,12.4,19.6,22.8
0.0006628,9.200000000000001,13.200000000000001,19.6,23.6
0.0006629,9.200000000000001,16.400000000000002,22.0,22.0
0.000663,11.600000000000001,14.0,16.400000000000002,21.200000000000003
0.0006631,8.4,10.8,17.2,24.400000000000002
0.0006632,9.200000000000001,15.600000000000001,20.400000000000002,22.0
0.0006633,9.200000000000001,12.4,19.6,23.6
0.0006634,8.4,14.8,19.6,22.0
0.0006635,10.0,10.8,18.8,23.6
0.0006636,9.200000000000001,12.4,19.6,22.0
0.0006637,9.200000000000001,14.8,19.6,22.0
0.0006638,10.8,14.0,18.8,21.200000000000003
0.0006638999999999999,10.0,13.200000000000001,19.6,24.400000000000002
0.000664,10.8,11.600000000000001,18.8,25.200000000000003
0.0006640999999999999,10.0,13.200000000000001,18.8,21.200000000000003
0.0006642,11.600000000000001,14.8,16.400000000000002,22.8
0.0006642999999999999,10.0,14.0,18.0,21.200000000000003
0.0006644,7.6000000000000005,13.200000000000001,15.600000000000001,25.200000000000003
0.0006644999999999999,12.4,15.600000000000001,19.6,20.400000000000002
0.0006646,9.200000000000001,11.600000000000001,18.8,21.200000000000003
0.0006647,10.8,13.200000000000001,14.8,21.200000000000003
0.0006648,10.0,14.0,18.8,22.8
0.0006649,10.0,11.600000000000001,19.6,22.8
0.000665,10.8,13.200000000000001,18.8,21.200000000000003
0.0006651,10.0,13.200000000000001,18.0,23.6
0.0006652,10.0,14.8,19.6,22.8
0.0006653,10.0,14.0,18.0,23.6
0.0006654,9.200000000000001,13.200000000000001,18.8,23.6
0.0006655,11.600000000000001,16.400000000000002,20.400000000000002,25.200000000000003
0.0006656,10.0,16.400000000000002,22.0,20.400000000000002
0.0006657,10.8,13.200000000000001,19.6,22.0
0.0006658,10.8,16.400000000000002,18.0,22.8
0.0006659,11.600000000000001,12.4,18.8,22.8
0.0006659999999999999,13.200000000000001,14.0,18.8,21.200000000000003
0.0006661,13.200000000000001,14.0,19.6,22.0
0.0006661999999999999,8.4,14.0,19.6,22.8
0.0006663,9.200000000000001,14.0,16.400000000000002,20.400000000000002
0.0006663999999999999,12.4,13.200000000000001,20.400000000000002,22.8
0.0006665,12.4,12.4,14.0,24.400000000000002
0.0006665999999999999,9.200000000000001,12.4,19.6,19.6
0.0006667,12.4,12.4,17.2,22.0
0.0006667999999999999,10.8,15.600000000000001,18.8,22.8
0.0006669,10.0,13.200000000000001,18.0,22.8
0.000667,10.8,14.0,18.8,21.200000000000003
0.0006671,12.4,12.4,19.6,18.8
0.0006672,11.600000000000001,14.8,16.400000000000002,22.8
0.0006673,10.8,13.200000000000001,18.0,22.0
0.0006674,10.8,14.0,19.6,23.6
0.0006675,10.8,14.0,19.6,22.0
0.0006676,10.8,13.200000000000001,19.6,18.8
0.0006677,10.0,14.0,18.8,22.8
0.0006678,10.8,12.4,18.8,23.6
0.0006679,10.0,13.200000000000001,18.0,22.8
0.000668,11.600000000000001,14.0,18.0,22.8
0.0006681,10.0,12.4,18.0,22.8
0.0006682,12.4,14.0,18.0,22.0
0.0006682999999999999,10.0,10.8,19.6,22.8
0.0006684,10.8,12.4,20.400000000000002,20.400000000000002
0.0006684999999999999,10.0,13.200000000000001,18.0,20.400000000000002
0.0006686,8.4,13.200000000000001,16.400000000000002,19.6
0.0006686999999999999,8.4,14.0,18.8,22.8
0.0006688,10.8,14.8,17.2,22.8
0.0006688999999999999,11.600000000000001,13.200000000000001,21.200000000000003,23.6
0.000669,10.0,14.8,19.6,20.400000000000002
0.0006691,11.600000000000001,14.0,17.2,20.400000000000002
0.0006692,10.8,14.8,17.2,19.6
0.0006693,10.8,14.0,20.400000000000002,23.6
0.0006694,10.0,14.0,16.400000000000002,22.8
0.0006695,8.4,14.8,18.8,22.8
0.0006696,10.8,14.0,18.0,22.0
0.0006697,10.0,14.8,17.2,22.8
0.0006698,10.0,10.8,18.0,21.200000000000003
0.0006699,9.200000000000001,14.0,16.400000000000002,22.8
0.00067,10.8,14.0,17.2,21.200000000000003
0.0006701,10.8,14.0,18.8,23.6
0.0006702,9.200000000000001,14.0,17.2,21.200000000000003
0.0006703,11.600000000000001,13.200000000000001,20.400000000000002,22.0
0.0006703999999999999,10.8,14.0,19.6,22.8
0.0006705,10.8,11.600000000000001,18.8,20.400000000000002
0.0006705999999999999,10.0,12.4,20.400000000000002,19.6
0.0006707,9.200000000000001,15.600000000000001,18.0,19.6
0.0006707999999999999,10.8,14.0,18.0,21.200000000000003
0.0006709,8.4,13.200000000000001,17.2,20.400000000000002
0.0006709999999999999,8.4,14.8,20.400000000000002,20.400000000000002
0.0006711,9.200000000000001,10.0,16.400000000000002,21.200000000000003
0.0006711999999999999,11.600000000000001,11.600000000000001,18.8,22.0
0.0006713,13.200000000000001,11.600000000000001,19.6,19.6
0.0006714,9.200000000000001,12.4,18.0,23.6
0.0006715,10.0,14.8,18.0,21.200000000000003
0.0006716,10.8,12.4,18.0,23.6
0.0006717,10.0,13.200000000000001,18.0,21.200000000000003
0.0006718,11.600000000000001,10.8,16.400000000000002,22.0
0.0006719,10.8,13.200000000000001,18.0,22.8
0.000672,10.0,13.200000000000001,16.400000000000002,21.200000000000003
0.0006721,11.600000000000001,10.8,19.6,21.200000000000003
0.0006722,10.0,15.600000000000001,20.400000000000002,22.0
0.0006723,10.0,14.0,19.6,24.400000000000002
0.0006724,9.200000000000001,16.400000000000002,18.0,22.8
0.0006725,9.200000000000001,12.4,20.400000000000002,20.400000000000002
0.0006726,8.4,16.400000000000002,18.0,21.200000000000003
0.0006726999999999999,10.0,12.4,17.2,22.8
0.0006728,10.8,13.200000000000001,17.2,22.8
0.0006728999999999999,10.0,14.8,18.8,22.8
0.000673,10.8,13.200000000000001,18.8,20.400000000000002
0.0006730999999999999,10.8,12.4,21.200000000000003,22.8
0.0006732,9.200000000000001,14.8,19.6,22.0
0.0006732999999999999,9.200000000000001,13.200000000000001,18.8,23.6
0.0006734,10.8,16.400000000000002,17.2,20.400000000000002
0.0006734999999999999,7.6000000000000005,12.4,18.8,22.8
0.0006736,9.200000000000001,15.600000000000001,17.2,22.8
0.0006737,10.8,13.200000000000001,21.200000000000003,22.8
0.0006738,10.8,12.4,17.2,22.8
0.0006739,10.0,15.600000000000001,18.8,21.200000000000003
0.000674,10.0,12.4,18.8,23.6
0.0006741,9.200000000000001,12.4,17.2,22.8
0.0006742,9.200000000000001,15.600000000000001,20.400000000000002,20.400000000000002
0.0006743,8.4,13.200000000000001,22.0,22.8
0.0006744,9.200000000000001,12.4,17.2,22.0
0.0006745,7.6000000000000005,14.8,18.0,19.6
0.0006746,11.600000000000001,12.4,17.2,22.8
0.0006747,8.4,13.200000000000001,20.400000000000002,21.200000000000003
0.0006748,10.8,13.200000000000001,19.6,21.200000000000003
0.0006749,11.600000000000001,13.200000000000001,18.8,22.8
0.0006749999999999999,10.0,13.200000000000001,15.600000000000001,22.0
0.0006751,10.8,12.4,18.0,25.200000000000003
0.0006751999999999999,9.200000000000001,13.200000000000001,18.0,22.8
0.0006753,10.8,13.200000000000001,18.0,20.400000000000002
0.0006753999999999999,10.0,11.600000000000001,18.0,20.400000000000002
0.0006755,10.8,14.8,18.0,21.200000000000003
0.0006755999999999999,9.200000000000001,13.200000000000001,18.0,21.200000000000003
0.0006757,9.200000000000001,14.8,21.200000000000003,21.200000000000003
0.0006758,10.0,11.600000000000001,15.600000000000001,22.0
0.0006759,10.8,14.0,18.0,22.0
0.000676,10.0,14.0,15.600000000000001,22.0
0.0006761,10.0,16.400000000000002,17.2,23.6
0.0006762,10.0,13.200000000000001,19.6,22.0
0.0006763,10.0,11.600000000000001,18.0,22.0
0.0006764,11.600000000000001,14.0,18.0,22.8
0.0006765,9.200000000000001,11.600000000000001,18.8,20.400000000000002
0.0006766,12.4,10.0,17.2,22.0
0.0006767,10.0,12.4,19.6,22.0
0.0006768,10.8,12.4,19.6,21.200000000000003
0.0006769,10.8,14.0,18.0,19.6
0.000677,11.600000000000001,14.0,16.400000000000002,21.200000000000003
0.0006770999999999999,9.200000000000001,14.0,18.8,22.8
0.0006772,9.200000000000001,11.600000000000001,18.0,20.400000000000002
0.0006772999999999999,13.200000000000001,13.200000000000001,18.0,20.400000000000002
0.0006774,11.600000000000001,14.8,14.0,21.200000000000003
0.0006774999999999999,9.200000000000001,13.200000000000001,19.6,21.200000000000003
0.0006776,12.4,12.4,18.0,20.400000000000002
0.0006776999999999999,10.8,11.600000000000001,18.8,19.6
0.0006778,10.0,14.0,19.6,19.6
0.0006778999999999999,10.8,11.600000000000001,19.6,19.6
0.000678,8.4,11.600000000000001,20.400000000000002,22.0
0.0006781,11.600000000000001,12.4,18.0,21.200000000000003
0.0006782,10.8,13.200000000000001,18.8,21.200000000000003
0.0006783,12.4,12.4,17.2,21.200000000000003
0.0006784,10.8,15.600000000000001,19.6,22.0
0.0006785,10.8,14.8,18.8,20.400000000000002
0.0006786,11.600000000000001,14.0,19.6,22.0
0.0006787,9.200000000000001,12.4,17.2,21.200000000000003
0.0006788,10.8,15.600000000000001,17.2,20.400000000000002
0.0006789,9.200000000000001,14.8,18.0,22.8
0.000679,9.200000000000001,14.0,18.8,21.200000000000003
0.0006791,10.8,14.0,18.8,22.0
0.0006792,11.600000000000001,13.200000000000001,19.6,20.400000000000002
0.0006793,10.8,14.8,18.8,22.8
0.0006793999999999999,12.4,13.200000000000001,17.2,21.200000000000003
0.0006795,11.600000000000001,13.200000000000001,17.2,22.0
0.0006795999999999999,6.800000000000001,14.0,18.0,22.8
0.0006797,10.8,14.0,20.400000000000002,22.0
0.0006797999999999999,8.4,12.4,18.8,21.200000000000003
0.0006799,10.0,10.8,15.600000000000001,22.8
0.0006799999999999999,11.600000000000001,14.0,18.0,20.400000000000002
0.0006801,8.4,11.600000000000001,19.6,22.0
0.0006801999999999999,9.200000000000001,14.0,18.0,21.200000000000003
0.0006803,10.8,14.0,18.0,21.200000000000003
0.0006804,12.4,14.0,18.8,20.400000000000002
0.0006805,9.200000000000001,14.8,18.8,21.200000000000003
0.0006806,10.8,14.0,20.400000000000002,23.6
0.0006807,9.200000000000001,14.8,17.2,21.200000000000003
0.0006808,8.4,13.200000000000001,17.2,20.400000000000002
0.0006809,12.4,14.0,17.2,21.200000000000003
0.000681,7.6000000000000005,14.8,18.0,20.400000000000002
0.0006811,12.4,14.8,18.0,23.6
0.0006812,8.4,13.200000000000001,18.0,22.0
0.0006813,9.200000000000001,14.0,17.2,21.200000000000003
0.0006814,10.8,12.4,18.0,21.200000000000003
0.0006815,10.8,11.600000000000001,18.0,22.0
0.0006816,8.4,14.0,18.0,22.0
0.0006816999999999999,8.4,15.600000000000001,18.8,19.6
0.0006818,10.8,10.8,18.8,21.200000000000003
0.0006818999999999999,9.200000000000001,11.600000000000001,18.8,20.400000000000002
0.000682,10.8,14.0,18.0,22.8
0.0006820999999999999,11.600000000000001,14.0,20.400000000000002,19.6
0.0006822,9.200000000000001,14.8,18.8,21.200000000000003
0.0006822999999999999,10.0,12.4,18.8,20.400000000000002
0.0006824,11.600000000000001,12.4,18.0,20.400000000000002
0.0006825,10.8,12.4,19.6,18.0
0.0006826,10.0,14.0,17.2,22.8
0.0006827,10.0,11.600000000000001,17.2,21.200000000000003
0.0006828,7.6000000000000005,10.8,17.2,22.8
0.0006829,10.8,13.200000000000001,17.2,20.400000000000002
0.000683,10.8,12.4,18.0,20.400000000000002
0.0006831,9.200000000000001,13.200000000000001,18.8,22.8
0.0006832,9.200000000000001,13.200000000000001,17.2,22.8
0.0006833,10.8,12.4,18.0,22.0
0.0006834,10.0,11.600000000000001,19.6,20.400000000000002
0.0006835,10.8,14.0,18.8,22.0
0.0006836,9.200000000000001,14.8,18.0,22.8
0.0006837,10.0,14.8,18.0,21.200000000000003
0.0006837999999999999,9.200000000000001,13.200000000000001,20.400000000000002,21.200000000000003
0.0006839,9.200000000000001,11.600000000000001,18.8,19.6
0.0006839999999999999,10.0,14.8,17.2,22.8
0.0006841,9.200000000000001,13.200000000000001,20.400000000000002,22.0
0.0006841999999999999,9.200000000000001,15.600000000000001,19.6,23.6
0.0006843,10.8,14.8,18.8,22.0
0.0006843999999999999,10.0,12.4,19.6,22.8
0.0006845,11.600000000000001,14.8,18.0,21.200000000000003
0.0006845999999999999,8.4,10.8,18.8,22.8
0.0006847,8.4,14.8,17.2,21.200000000000003
0.0006848,10.8,13.200000000000001,20.400000000000002,21.200000000000003
0.0006849,8.4,12.4,16.400000000000002,20.400000000000002
0.000685,9.200000000000001,14.8,20.400000000000002,21.200000000000003
0.0006851,12.4,15.600000000000001,18.8,20.400000000000002
0.0006852,8.4,13.200000000000001,20.400000000000002,22.8
0.0006853,10.8,14.0,21.200000000000003,21.200000000000003
0.0006854,8.4,14.0,16.400000000000002,22.0
0.0006855,10.8,10.8,18.8,22.0
0.0006856,10.0,14.0,19.6,23.6
0.0006857,11.600000000000001,11.600000000000001,18.8,22.0
0.0006858,10.0,13.200000000000001,17.2,19.6
0.0006859,11.600000000000001,14.8,17.2,20.400000000000002
0.000686,6.0,13.200000000000001,16.400000000000002,20.400000000000002
0.0006860999999999999,9.200000000000001,13.200000000000001,16.400000000000002,22.0
0.0006862,10.8,14.8,16.400000000000002,21.200000000000003
0.0006862999999999999,8.4,14.0,18.8,21.200000000000003
0.0006864,10.0,10.0,16.400000000000002,21.200000000000003
0.0006864999999999999,9.200000000000001,14.0,17.2,20.400000000000002
0.0006866,10.8,13.200000000000001,17.2,21.200000000000003
0.0006866999999999999,10.8,14.0,18.0,22.0
0.0006868,7.6000000000000005,11.600000000000001,17.2,20.400000000000002
0.0006868999999999999,8.4,10.8,19.6,24.400000000000002
0.000687,10.8,14.0,16.400000000000002,22.8
0.0006871,10.0,14.8,18.8,23.6
0.0006872,10.0,14.0,20.400000000000002,20.400000000000002
0.0006873,10.8,10.8,17.2,21.200000000000003
0.0006874,9.200000000000001,10.8,19.6,22.0
0.0006875,10.0,13.200000000000001,20.400000000000002,22.0
0.0006876,11.600000000000001,13.200000000000001,18.0,22.8
0.0006877,8.4,10.8,15.600000000000001,21.200000000000003
0.0006878,10.0,12.4,19.6,20.400000000000002
0.0006879,10.0,13.200000000000001,17.2,22.8
0.000688,7.6000000000000005,13.200000000000001,20.400000000000002,22.0
0.0006881,10.0,14.0,18.0,22.8
0.0006882,11.600000000000001,14.0,18.0,20.400000000000002
0.0006883,10.8,11.600000000000001,21.200000000000003,22.0
0.0006883999999999999,10.0,14.0,18.8,22.0
0.0006885,9.200000000000001,12.4,16.400000000000002,22.8
0.0006885999999999999,9.200000000000001,11.600000000000001,18.8,24.400000000000002
0.0006887,7.6000000000000005,12.4,19.6,23.6
0.0006887999999999999,10.0,11.600000000000001,18.0,21.200000000000003
0.0006889,9.200000000000001,13.200000000000001,16.400000000000002,22.0
0.0006889999999999999,7.6000000000000005,14.0,18.8,22.8
0.0006891,10.0,11.600000000000001,16.400000000000002,21.200000000000003
0.0006892,10.0,14.8,17.2,21.200000000000003
0.0006893,13.200000000000001,11.600000000000001,18.0,22.8
0.0006894,8.4,14.0,17.2,21.200000000000003
0.0006895,10.8,14.0,18.8,19.6
0.0006896,13.200000000000001,12.4,22.0,18.8
0.0006897,14.0,15.600000000000001,17.2,21.200000000000003
0.0006898,11.600000000000001,14.8,16.400000000000002,22.8
0.0006899,9.200000000000001,13.200000000000001,14.8,19.6
0.00069,9.200000000000001,10.8,18.0,22.8
0.0006901,9.200000000000001,14.8,18.0,23.6
0.0006902,9.200000000000001,14.0,19.6,21.200000000000003
0.0006903,8.4,15.600000000000001,15.600000000000001,20.400000000000002
0.0006904,10.8,13.200000000000001,17.2,21.200000000000003
0.0006904999999999999,10.0,14.0,18.8,22.0
0.0006906,9.200000000000001,11.600000000000001,18.0,24.400000000000002
0.0006906999999999999,9.200000000000001,13.200000000000001,18.8,20.400000000000002
0.0006908,10.0,13.200000000000001,18.8,21.200000000000003
0.0006908999999999999,7.6000000000000005,14.0,18.0,20.400000000000002
0.000691,10.0,14.0,20.400000000000002,19.6
0.0006910999999999999,10.0,12.4,18.0,22.0
0.0006912,10.0,14.8,16.400000000000002,23.6
0.0006912999999999999,8.4,10.0,18.8,22.0
0.0006914,8.4,14.8,18.8,22.0
0.0006915,10.0,14.0,18.8,20.400000000000002
0.0006916,10.8,15.600000000000001,18.0,22.0
0.0006917,10.8,13.200000000000001,17.2,22.0
0.0006918,10.8,14.8,19.6,22.0
0.0006919,9.200000000000001,12.4,18.8,22.8
0.000692,8.4,10.8,18.0,22.8
0.0006921,13.200000000000001,14.0,19.6,22.0
0.0006922,8.4,14.0,15.600000000000001,19.6
0.0006923,8.4,14.0,18.8,21.200000000000003
0.0006924,12.4,11.600000000000001,20.400000000000002,21.200000000000003
0.0006925,10.0,13.200000000000001,17.2,22.0
0.0006926,11.600000000000001,11.600000000000001,19.6,20.400000000000002
0.0006927,8.4,11.600000000000001,17.2,22.8
0.0006927999999999999,10.0,11.600000000000001,18.0,20.400000000000002
0.0006929,10.0,13.200000000000001,20.400000000000002,23.6
0.0006929999999999999,11.600000000000001,13.200000000000001,18.8,18.8
0.0006931,11.600000000000001,14.8,16.400000000000002,18.8
0.0006931999999999999,10.0,12.4,18.8,22.8
0.0006933,9.200000000000001,14.0,18.0,20.400000000000002
0.0006933999999999999,8.4,12.4,18.0,19.6
0.0006935,10.0,11.600000000000001,20.400000000000002,21.200000000000003
0.0006935999999999999,7.6000000000000005,12.4,18.0,21.200000000000003
0.0006937,9.200000000000001,12.4,19.6,22.0
0.0006938,10.0,14.8,18.8,21.200000000000003
0.0006939,10.8,12.4,19.6,18.8
0.000694,8.4,13.200000000000001,18.8,22.8
0.0006941,12.4,11.600000000000001,14.8,21.200000000000003
0.0006942,10.8,11.600000000000001,18.8,23.6
0.0006943,12.4,14.8,19.6,21.200000000000003
0.0006944,9.200000000000001,13.200000000000001,19.6,23.6
0.0006945,10.0,14.0,18.0,22.8
0.0006946,12.4,13.200000000000001,18.8,22.8
0.0006947,10.8,14.0,19.6,21.200000000000003
0.0006948,11.600000000000001,13.200000000000001,18.8,22.0
0.0006948999999999999,10.8,13.200000000000001,14.8,22.0
0.000695,8.4,12.4,17.2,20.400000000000002
0.0006950999999999999,10.0,13.200000000000001,18.8,20.400000000000002
0.0006952,7.6000000000000005,10.8,18.8,24.400000000000002
0.0006952999999999999,12.4,14.0,19.6,22.8
0.0006954,13.200000000000001,14.0,15.600000000000001,20.400000000000002
0.0006954999999999999,9.200000000000001,12.4,18.8,22.0
0.0006956,10.8,11.600000000000001,18.8,22.8
0.0006956999999999999,10.8,12.4,20.400000000000002,21.200000000000003
0.0006958,6.800000000000001,15.600000000000001,19.6,21.200000000000003
0.0006959,10.8,11.600000000000001,16.400000000000002,19.6
0.000696,8.4,14.0,18.8,20.400000000000002
0.0006961,9.200000000000001,12.4,15.600000000000001,18.8
0.0006962,7.6000000000000005,14.0,18.0,22.8
0.0006963,10.8,13.200000000000001,16.400000000000002,21.200000000000003
0.0006964,10.0,14.8,18.8,23.6
0.0006965,10.0,12.4,18.0,22.0
0.0006966,8.4,11.600000000000001,16.400000000000002,22.0
0.0006967,10.8,13.200000000000001,18.8,22.0
0.0006968,10.8,12.4,15.600000000000001,22.0
0.0006969,8.4,12.4,18.0,21.200000000000003
0.000697,12.4,13.200000000000001,18.0,20.400000000000002
0.0006971,13.200000000000001,14.0,18.8,22.8
0.0006971999999999999,7.6000000000000005,13.200000000000001,19.6,22.0
0.0006973,7.6000000000000005,14.0,19.6,20.400000000000002
0.0006973999999999999,13.200000000000001,10.8,18.0,22.0
0.0006975,10.0,14.0,19.6,21.200000000000003
0.0006975999999999999,9.200000000000001,10.8,18.0,22.8
0.0006977,8.4,13.200000000000001,17.2,19.6
0.0006977999999999999,9.200000000000001,12.4,18.8,21.200000000000003
0.0006979,10.0,13.200000000000001,18.8,22.0
0.0006979999999999999,10.8,11.600000000000001,18.0,22.8
0.0006981,10.0,15.600000000000001,18.8,22.8
0.0006982,8.4,10.8,20.400000000000002,22.0
0.0006983,9.200000000000001,12.4,19.6,18.8
0.0006984,10.0,14.0,17.2,21.200000000000003
0.0006985,10.8,11.600000000000001,20.400000000000002,22.0
0.0006986,10.8,14.0,16.400000000000002,21.200000000000003
0.0006987,10.0,14.0,18.0,21.200000000000003
0.0006988,7.6000000000000005,14.0,18.8,21.200000000000003
0.0006989,10.0,10.8,18.0,20.400000000000002
0.000699,10.8,13.200000000000001,18.0,23.6
0.0006991,10.8,14.0,18.8,22.0
0.0006992,7.6000000000000005,10.0,17.2,19.6
0.0006993,11.600000000000001,14.0,18.8,19.6
0.0006994,9.200000000000001,13.200000000000001,18.8,21.200000000000003
0.0006994999999999999,10.0,12.4,18.8,22.8
0.0006996,10.0,10.0,18.8,22.0
0.0006996999999999999,10.8,12.4,15.600000000000001,20.400000000000002
0.0006998,13.200000000000001,13.200000000000001,18.0,22.8
0.0006998999999999999,9.200000000000001,13.200000000000001,18.0,23.6
0.0007,10.8,15.600000000000001,18.8,21.200000000000003
0.0007000999999999999,10.8,12.4,18.0,20.400000000000002
0.0007002,10.0,11.600000000000001,17.2,23.6
0.0007003,9.200000000000001,11.600000000000001,18.8,21.200000000000003
0.0007004,9.200000000000001,10.0,19.6,23.6
0.0007005,10.0,12.4,19.6,22.8
0.0007006,10.0,13.200000000000001,18.0,20.400000000000002
0.0007007,11.600000000000001,14.0,18.0,22.0
0.0007008,9.200000000000001,10.0,18.0,22.8
0.0007009,8.4,13.200000000000001,18.0,19.6
0.000701,10.0,13.200000000000001,18.0,22.8
0.0007011,10.0,14.0,17.2,22.0
0.0007012,10.0,12.4,15.600000000000001,18.8
0.0007013,9.200000000000001,12.4,18.0,21.200000000000003
0.0007014,8.4,14.8,18.0,24.400000000000002
0.0007015,12.4,11.600000000000001,18.8,19.6
0.0007015999999999999,9.200000000000001,14.0,19.6,21.200000000000003
0.0007017,10.8,12.4,18.8,22.8
0.0007017999999999999,8.4,14.0,19.6,22.0
0.0007019,8.4,13.200000000000001,18.8,23.6
0.0007019999999999999,9.200000000000001,13.200000000000001,18.8,21.200000000000003
0.0007021,9.200000000000001,13.200000000000001,18.0,22.0
0.0007021999999999999,8.4,12.4,18.0,18.0
0.0007023,10.0,13.200000000000001,17.2,20.400000000000002
0.0007023999999999999,10.0,14.0,17.2,22.8
0.0007025,10.8,14.0,17.2,21.200000000000003
0.0007026,9.200000000000001,13.200000000000001,16.400000000000002,22.8
0.0007027,9.200000000000001,14.8,18.8,22.0
0.0007028,7.6000000000000005,13.200000000000001,18.8,22.8
0.0007029,10.0,13.200000000000001,18.8,21.200000000000003
0.000703,10.0,16.400000000000002,16.400000000000002,20.400000000000002
0.0007031,9.200000000000001,14.0,16.400000000000002,20.400000000000002
0.0007032,9.200000000000001,14.8,18.8,20.400000000000002
0.0007033,9.200000000000001,14.0,17.2,22.0
0.0007034,9.200000000000001,14.8,16.400000000000002,21.200000000000003
0.0007035,9.200000000000001,12.4,18.0,22.0
0.0007036,11.600000000000001,13.200000000000001,17.2,22.8
0.0007037,10.8,14.0,18.0,22.0
0.0007038,9.200000000000001,13.200000000000001,18.0,22.8
0.0007038999999999999,10.0,14.0,18.0,22.8
0.000704,10.8,11.600000000000001,20.400000000000002,22.0
0.0007040999999999999,10.0,12.4,18.0,22.0
0.0007042,7.6000000000000005,12.4,18.0,22.8
0.0007042999999999999,7.6000000000000005,14.0,18.8,22.0
0.0007044,10.0,12.4,16.400000000000002,20.400000000000002
0.0007044999999999999,10.8,12.4,18.0,22.0
0.0007046,10.0,11.600000000000001,18.0,22.0
0.0007046999999999999,8.4,13.200000000000001,18.0,21.200000000000003
0.0007048,10.0,12.4,18.8,19.6
0.0007049,10.8,14.0,18.8,22.0
0.000705,8.4,13.200000000000001,17.2,18.8
0.0007051,10.8,14.0,19.6,19.6
0.0007052,7.6000000000000005,13.200000000000001,18.8,24.400000000000002
0.0007053,8.4,10.8,17.2,21.200000000000003
0.0007054,11.600000000000001,14.8,17.2,22.0
0.0007055,8.4,11.600000000000001,18.0,20.400000000000002
0.0007056,9.200000000000001,13.200000000000001,15.600000000000001,22.8
0.0007057,9.200000000000001,10.8,15.600000000000001,22.0
0.0007058,12.4,10.8,18.0,22.8
0.0007059,10.0,13.200000000000001,17.2,22.0
0.000706,7.6000000000000005,13.200000000000001,16.400000000000002,22.0
0.0007061,10.8,14.8,16.400000000000002,22.0
0.0007061999999999999,9.200000000000001,14.8,17.2,22.8
0.0007063,10.0,12.4,20.400000000000002,22.8
0.0007063999999999999,8.4,10.8,18.8,22.8
0.0007065,11.600000000000001,11.600000000000001,18.0,18.0
0.0007065999999999999,6.800000000000001,15.600000000000001,15.600000000000001,22.0
0.0007067,10.0,12.4,18.0,21.200000000000003
0.0007067999999999999,8.4,11.600000000000001,20.400000000000002,22.0
0.0007069,7.6000000000000005,14.0,18.0,22.8
0.000707,9.200000000000001,11.600000000000001,20.400000000000002,19.6
0.0007071,10.0,9.200000000000001,16.400000000000002,21.200000000000003
0.0007072,10.0,12.4,18.8,18.8
0.0007073,10.8,13.200000000000001,18.8,21.200000000000003
0.0007074,11.600000000000001,14.0,17.2,20.400000000000002
0.0007075,9.200000000000001,10.0,15.600000000000001,21.200000000000003
0.0007076,10.0,10.8,18.0,20.400000000000002
0.0007077,10.0,12.4,18.8,22.0
0.0007078,9.200000000000001,10.0,17.2,18.8
0.0007079,9.200000000000001,11.600000000000001,17.2,22.0
0.000708,10.8,16.400000000000002,23.6,21.200000000000003
0.0007081,6.800000000000001,15.600000000000001,15.600000000000001,18.8
0.0007082,9.200000000000001,13.200000000000001,18.8,22.0
0.0007082999999999999,8.4,13.200000000000001,17.2,22.0
0.0007084,7.6000000000000005,11.600000000000001,17.2,20.400000000000002
0.0007084999999999999,7.6000000000000005,12.4,18.0,21.200000000000003
0.0007086,9.200000000000001,14.0,18.8,19.6
0.0007086999999999999,10.0,11.600000000000001,18.0,22.0
0.0007088,10.0,12.4,18.0,20.400000000000002
0.0007088999999999999,9.200000000000001,13.200000000000001,17.2,20.400000000000002
0.000709,9.200000000000001,14.0,19.6,22.0
0.0007090999999999999,9.200000000000001,13.200000000000001,18.0,23.6
0.0007092,10.0,14.0,18.0,20.400000000000002
0.0007093,9.200000000000001,13.200000000000001,17.2,21.200000000000003
0.0007094,10.0,14.0,18.0,20.400000000000002
0.0007095,9.200000000000001,15.600000000000001,18.8,22.8
0.0007096,10.8,13.200000000000001,16.400000000000002,21.200000000000003
0.0007097,9.200000000000001,14.0,18.8,21.200000000000003
0.0007098,9.200000000000001,10.0,18.8,21.200000000000003
0.0007099,10.0,10.8,18.8,21.200000000000003
0.00071,10.0,12.4,18.0,20.400000000000002
0.0007101,8.4,12.4,17.2,22.8
0.0007102,10.8,12.4,17.2,19.6
0.0007103,9.200000000000001,15.600000000000001,18.0,22.8
0.0007104,9.200000000000001,12.4,18.0,20.400000000000002
0.0007105,9.200000000000001,11.600000000000001,19.6,20.400000000000002
0.0007105999999999999,9.200000000000001,12.4,16.400000000000002,21.200000000000003
0.0007107,10.0,14.0,17.2,21.200000000000003
0.0007107999999999999,11.600000000000001,14.8,17.2,21.200000000000003
0.0007109,9.200000000000001,12.4,18.8,22.8
0.0007109999999999999,8.4,13.200000000000001,19.6,19.6
0.0007111,8.4,15.600000000000001,19.6,21.200000000000003
0.0007111999999999999,9.200000000000001,14.0,19.6,20.400000000000002
0.0007113,10.0,11.600000000000001,18.8,21.200000000000003
0.0007113999999999999,9.200000000000001,14.0,17.2,19.6
0.0007115,10.0,14.8,15.600000000000001,22.0
0.0007116,9.200000000000001,13.200000000000001,16.400000000000002,20.400000000000002
0.0007117,10.0,14.0,16.400000000000002,22.0
0.0007118,9.200000000000001,14.0,20.400000000000002,18.0
0.0007119,10.0,10.0,20.400000000000002,20.400000000000002
0.000712,6.0,14.0,17.2,20.400000000000002
0.0007121,9.200000000000001,14.0,16.400000000000002,22.0
0.0007122,10.8,11.600000000000001,15.600000000000001,20.400000000000002
0.0007123,10.0,11.600000000000001,16.400000000000002,21.200000000000003
0.0007124,8.4,14.8,18.0,22.8
0.0007125,8.4,11.600000000000001,17.2,20.400000000000002
0.0007126,8.4,13.200000000000001,18.8,22.0
0.0007126999999999999,10.0,15.600000000000001,17.2,22.8
0.0007128,10.0,14.0,21.200000000000003,22.0
0.0007128999999999999,8.4,11.600000000000001,19.6,21.200000000000003
0.000713,7.6000000000000005,12.4,18.8,20.400000000000002
0.0007130999999999999,10.0,10.8,17.2,19.6
0.0007132,9.200000000000001,13.200000000000001,16.400000000000002,22.8
0.0007132999999999999,10.8,11.600000000000001,14.0,20.400000000000002
0.0007134,11.600000000000001,12.4,19.6,20.400000000000002
0.0007134999999999999,10.0,13.200000000000001,18.0,20.400000000000002
0.0007136,11.600000000000001,14.0,19.6,22.0
0.0007137,10.8,12.4,18.8,23.6
0.0007138,12.4,12.4,16.400000000000002,21.200000000000003
0.0007139,10.8,14.0,18.0,24.400000000000002
0.000714,11.600000000000001,12.4,16.400000000000002,21.200000000000003
0.0007141,10.0,11.600000000000001,18.0,22.0
0.0007142,9.200000000000001,14.0,19.6,22.8
0.0007143,6.800000000000001,13.200000000000001,17.2,20.400000000000002
0.0007144,12.4,13.200000000000001,18.0,22.0
0.0007145,10.0,13.200000000000001,18.8,22.8
0.0007146,9.200000000000001,11.600000000000001,17.2,21.200000000000003
0.0007147,6.800000000000001,13.200000000000001,16.400000000000002,20.400000000000002
0.0007148,9.200000000000001,13.200000000000001,17.2,18.0
0.0007149,8.4,14.8,17.2,23.6
0.0007149999999999999,10.8,12.4,18.0,22.0
0.0007151,10.0,12.4,14.0,21.200000000000003
0.0007151999999999999,11.600000000000001,11.600000000000001,18.8,18.0
0.0007153,9.200000000000001,10.8,18.8,18.8
0.0007153999999999999,8.4,12.4,19.6,20.400000000000002
0.0007155,10.0,13.200000000000001,18.0,21.200000000000003
0.0007155999999999999,8.4,11.600000000000001,18.8,21.200000000000003
0.0007157,10.0,13.200000000000001,16.400000000000002,22.0
0.0007157999999999999,7.6000000000000005,14.0,18.0,25.200000000000003
0.0007159,9.200000000000001,14.0,18.8,20.400000000000002
0.000716,11.600000000000001,12.4,16.400000000000002,22.0
0.0007161,9.200000000000001,15.600000000000001,17.2,23.6
0.0007162,9.200000000000001,11.600000000000001,18.8,22.0
0.0007163,8.4,13.200000000000001,18.0,21.200000000000003
0.0007164,10.8,14.0,18.0,21.200000000000003
0.0007165,9.200000000000001,11.600000000000001,16.400000000000002,22.0
0.0007166,10.0,11.600000000000001,18.0,18.8
0.0007167,10.0,11.600000000000001,17.2,20.400000000000002
0.0007168,10.8,10.8,19.6,19.6
0.0007169,9.200000000000001,13.200000000000001,18.0,19.6
0.000717,10.0,12.4,19.6,19.6
0.0007171,7.6000000000000005,13.200000000000001,17.2,23.6
0.0007172,10.8,13.200000000000001,18.0,19.6
0.0007172999999999999,9.200000000000001,12.4,17.2,21.200000000000003
0.0007174,10.0,14.0,18.8,19.6
0.0007174999999999999,10.8,13.200000000000001,18.8,26.0
0.0007176,8.4,14.8,14.0,21.200000000000003
0.0007176999999999999,9.200000000000001,12.4,17.2,18.8
0.0007178,10.0,14.0,17.2,21.200000000000003
0.0007178999999999999,7.6000000000000005,13.200000000000001,15.600000000000001,19.6
0.000718,8.4,14.0,16.400000000000002,18.8
0.0007180999999999999,7.6000000000000005,14.0,17.2,22.8
0.0007182,6.800000000000001,12.4,18.0,20.400000000000002
0.0007183,9.200000000000001,13.200000000000001,16.400000000000002,22.8
0.0007184,11.600000000000001,10.8,15.600000000000001,22.8
0.0007185,8.4,11.600000000000001,18.0,21.200000000000003
0.0007186,10.8,10.0,18.0,21.200000000000003
0.0007187,8.4,12.4,18.0,22.0
0.0007188,10.8,15.600000000000001,17.2,24.400000000000002
0.0007189,10.0,11.600000000000001,18.0,21.200000000000003
0.000719,9.200000000000001,14.8,16.400000000000002,22.8
0.0007191,10.0,13.200000000000001,18.0,22.0
0.0007192,10.0,13.200000000000001,16.400000000000002,21.200000000000003
0.0007193,10.0,12.4,18.8,20.400000000000002
0.0007193999999999999,9.200000000000001,10.8,18.8,19.6
0.0007195,9.200000000000001,13.200000000000001,18.8,19.6
0.0007195999999999999,8.4,11.600000000000001,18.0,22.0
0.0007197,9.200000000000001,14.0,18.0,20.400000000000002
0.0007197999999999999,8.4,14.0,18.0,20.400000000000002
0.0007199,10.0,12.4,17.2,21.200000000000003
0.0007199999999999999,8.4,13.200000000000001,14.8,22.0
0.0007201,10.8,14.8,18.0,22.0
0.0007201999999999999,9.200000000000001,11.600000000000001,17.2,21.200000000000003
0.0007203,7.6000000000000005,14.0,19.6,20.400000000000002
0.0007204,10.0,13.200000000000001,19.6,21.200000000000003
0.0007205,8.4,12.4,18.0,20.400000000000002
0.0007206,10.8,13.200000000000001,18.0,20.400000000000002
0.0007207,12.4,10.8,17.2,20.400000000000002
0.0007208,9.200000000000001,14.0,15.600000000000001,21.200000000000003
0.0007209,10.0,11.600000000000001,18.0,19.6
0.000721,10.0,13.200000000000001,18.0,22.8
0.0007211,7.6000000000000005,10.0,17.2,22.0
0.0007212,10.8,12.4,17.2,20.400000000000002
0.0007213,11.600000000000001,15.600000000000001,18.8,20.400000000000002
0.0007214,8.4,14.0,18.0,22.8
0.0007215,8.4,10.8,16.400000000000002,22.8
0.0007216,10.0,10.0,16.400000000000002,21.200000000000003
0.0007216999999999999,8.4,12.4,16.400000000000002,23.6
0.0007218,9.200000000000001,13.200000000000001,20.400000000000002,22.8
0.0007218999999999999,8.4,12.4,20.400000000000002,19.6
0.000722,9.200000000000001,12.4,18.0,22.0
0.0007220999999999999,10.0,13.200000000000001,17.2,22.0
0.0007222,7.6000000000000005,11.600000000000001,18.0,21.200000000000003
0.0007222999999999999,8.4,12.4,16.400000000000002,21.200000000000003
0.0007224,10.0,14.0,15.600000000000001,22.0
0.0007224999999999999,10.0,11.600000000000001,17.2,20.400000000000002
0.0007226,8.4,12.4,16.400000000000002,21.200000000000003
0.0007227,10.0,11.600000000000001,18.0,22.8
0.0007228,10.0,13.200000000000001,19.6,20.400000000000002
0.0007229,8.4,11.600000000000001,19.6,21.200000000000003
0.000723,7.6000000000000005,14.8,18.8,18.8
0.0007231,9.200000000000001,12.4,17.2,22.0
0.0007232,9.200000000000001,14.0,17.2,19.6
0.0007233,10.8,11.600000000000001,18.0,21.200000000000003
0.0007234,9.200000000000001,10.0,17.2,21.200000000000003
0.0007235,7.6000000000000005,14.0,19.6,21.200000000000003
0.0007236,9.200000000000001,13.200000000000001,16.400000000000002,20.400000000000002
0.0007237,9.200000000000001,11.600000000000001,16.400000000000002,23.6
0.0007238,10.8,13.200000000000001,17.2,20.400000000000002
0.0007239,7.6000000000000005,10.0,17.2,19.6
0.0007239999999999999,9.200000000000001,13.200000000000001,17.2,22.8
0.0007241,10.0,11.600000000000001,16.400000000000002,20.400000000000002
0.0007241999999999999,8.4,14.0,18.8,22.8
0.0007243,10.0,13.200000000000001,18.0,23.6
0.0007243999999999999,9.200000000000001,12.4,19.6,20.400000000000002
0.0007245,8.4,12.4,18.0,22.0
0.0007245999999999999,9.200000000000001,10.8,18.0,21.200000000000003
0.0007247,8.4,12.4,17.2,20.400000000000002
0.0007247999999999999,10.0,13.200000000000001,17.2,20.400000000000002
0.0007249,10.8,14.8,18.0,19.6
0.000725,6.800000000000001,12.4,18.8,18.8
0.0007251,9.200000000000001,11.600000000000001,18.8,20.400000000000002
0.0007252,8.4,13.200000000000001,15.600000000000001,20.400000000000002
0.0007253,9.200000000000001,13.200000000000001,18.8,19.6
0.0007254,10.0,14.8,16.400000000000002,22.8
0.0007255,10.0,11.600000000000001,18.0,22.0
0.0007256,9.200000000000001,14.0,17.2,19.6
0.0007257,12.4,12.4,15.600000000000001,22.0
0.0007258,10.0,12.4,16.400000000000002,22.8
0.0007259,8.4,14.0,17.2,21.200000000000003
0.000726,6.800000000000001,13.200000000000001,18.0,21.200000000000003
0.0007260999999999999,9.200000000000001,11.600000000000001,18.0,19.6
0.0007262,6.800000000000001,11.600000000000001,15.600000000000001,22.0
0.0007262999999999999,8.4,14.8,17.2,18.8
0.0007264,10.0,10.8,18.0,22.0
0.0007264999999999999,10.0,14.8,17.2,20.400000000000002
0.0007266,10.8,14.0,18.0,18.8
0.0007266999999999999,10.8,11.600000000000001,18.8,21.200000000000003
0.0007268,9.200000000000001,13.200000000000001,18.8,19.6
0.0007268999999999999,10.0,10.8,16.400000000000002,21.200000000000003
0.000727,10.0,11.600000000000001,20.400000000000002,20.400000000000002
0.0007271,8.4,12.4,17.2,19.6
0.0007272,9.200000000000001,11.600000000000001,18.0,22.0
0.0007273,9.200000000000001,14.8,17.2,22.0
0.0007274,9.200000000000001,14.8,18.0,19.6
0.0007275,8.4,13.200000000000001,18.8,20.400000000000002
0.0007276,9.200000000000001,13.200000000000001,17.2,22.8
0.0007277,9.200000000000001,13.200000000000001,17.2,21.200000000000003
0.0007278,9.200000000000001,13.200000000000001,18.8,22.8
0.0007279,7.6000000000000005,12.4,18.0,20.400000000000002
0.000728,10.8,12.4,18.0,22.0
0.0007281,8.4,12.4,16.400000000000002,19.6
0.0007282,8.4,14.0,17.2,21.200000000000003
0.0007283,9.200000000000001,11.600000000000001,17.2,20.400000000000002
0.0007283999999999999,9.200000000000001,11.600000000000001,17.2,22.0
0.0007285,7.6000000000000005,11.600000000000001,17.2,22.8
0.0007285999999999999,8.4,11.600000000000001,17.2,22.0
0.0007287,10.8,15.600000000000001,16.400000000000002,22.8
0.0007287999999999999,7.6000000000000005,13.200000000000001,16.400000000000002,22.0
0.0007289,9.200000000000001,15.600000000000001,18.8,22.0
0.0007289999999999999,8.4,13.200000000000001,17.2,23.6
0.0007291,9.200000000000001,11.600000000000001,17.2,22.8
0.0007291999999999999,10.0,14.8,18.0,22.0
0.0007293,11.600000000000001,11.600000000000001,19.6,19.6
0.0007294,8.4,12.4,15.600000000000001,20.400000000000002
0.0007295,8.4,11.600000000000001,15.600000000000001,19.6
0.0007296,10.0,12.4,17.2,22.0
0.0007297,8.4,13.200000000000001,18.8,19.6
0.0007298,7.6000000000000005,14.8,16.400000000000002,21.200000000000003
0.0007299,7.6000000000000005,10.8,17.2,20.400000000000002
0.00073,9.200000000000001,13.200000000000001,14.8,20.400000000000002
0.0007301,6.800000000000001,13.200000000000001,17.2,22.0
0.0007302,10.8,11.600000000000001,17.2,23.6
0.0007303,10.0,14.8,15.600000000000001,20.400000000000002
0.0007304,8.4,11.600000000000001,16.400000000000002,18.0
0.0007305,9.200000000000001,12.4,21.200000000000003,21.200000000000003
0.0007306,10.0,13.200000000000001,19.6,17.2
0.0007306999999999999,10.8,14.0,17.2,18.8
0.0007308,10.0,12.4,17.2,22.0
0.0007308999999999999,12.4,14.0,17.2,21.200000000000003
0.000731,11.600000000000001,10.8,14.8,19.6
0.0007310999999999999,7.6000000000000005,11.600000000000001,16.400000000000002,20.400000000000002
0.0007312,9.200000000000001,12.4,16.400000000000002,22.0
0.0007312999999999999,10.0,14.0,17.2,20.400000000000002
0.0007314,9.200000000000001,11.600000000000001,16.400000000000002,22.0
0.0007314999999999999,9.200000000000001,13.200000000000001,17.2,21.200000000000003
0.0007316,8.4,12.4,17.2,19.6
0.0007317,10.0,14.0,19.6,22.0
0.0007318,9.200000000000001,10.8,18.8,22.0
0.0007319,8.4,14.8,18.0,20.400000000000002
0.000732,6.800000000000001,13.200000000000001,17.2,18.8
0.0007321,7.6000000000000005,10.0,16.400000000000002,19.6
0.0007322,8.4,12.4,17.2,22.0
0.0007323,7.6000000000000005,14.8,18.8,22.8
0.0007324,10.0,13.200000000000001,17.2,20.400000000000002
0.0007325,8.4,13.200000000000001,17.2,20.400000000000002
0.0007326,9.200000000000001,14.0,17.2,18.0
0.0007327,10.0,14.0,18.0,21.200000000000003
0.0007327999999999999,10.8,13.200000000000001,18.0,18.8
0.0007329,10.0,14.8,16.400000000000002,22.0
0.0007329999999999999,10.0,12.4,17.2,21.200000000000003
0.0007331,8.4,12.4,17.2,19.6
0.0007331999999999999,9.200000000000001,13.200000000000001,18.8,20.400000000000002
0.0007333,7.6000000000000005,12.4,16.400000000000002,19.6
0.0007333999999999999,10.8,13.200000000000001,18.8,18.0
0.0007335,9.200000000000001,13.200000000000001,18.0,21.200000000000003
0.0007335999999999999,9.200000000000001,13.200000000000001,20.400000000000002,20.400000000000002
0.0007337,9.200000000000001,14.8,14.0,21.200000000000003
0.0007338,9.200000000000001,14.0,16.400000000000002,22.8
0.0007339,8.4,11.600000000000001,18.0,19.6
0.000734,10.0,12.4,18.8,20.400000000000002
0.0007341,8.4,11.600000000000001,18.8,20.400000000000002
0.0007342,10.0,14.0,18.0,21.200000000000003
0.0007343,9.200000000000001,11.600000000000001,18.8,22.8
0.0007344,9.200000000000001,11.600000000000001,16.400000000000002,21.200000000000003
0.0007345,10.8,14.0,19.6,20.400000000000002
0.0007346,9.200000000000001,13.200000000000001,17.2,22.0
0.0007347,9.200000000000001,13.200000000000001,16.400000000000002,20.400000000000002
0.0007348,10.8,14.8,15.600000000000001,22.0
0.0007349,7.6000000000000005,11.600000000000001,17.2,23.6
0.000735,9.200000000000001,14.8,18.8,20.400000000000002
0.0007350999999999999,8.4,13.200000000000001,16.400000000000002,21.200000000000003
0.0007352,10.0,12.4,17.2,22.0
0.0007352999999999999,9.200000000000001,12.4,16.400000000000002,22.8
0.0007354,9.200000000000001,10.8,17.2,19.6
0.0007354999999999999,8.4,12.4,17.2,21.200000000000003
0.0007356,9.200000000000001,13.200000000000001,19.6,22.0
0.0007356999999999999,8.4,11.600000000000001,18.0,21.200000000000003
0.0007358,9.200000000000001,10.0,18.8,21.200000000000003
0.0007358999999999999,10.0,13.200000000000001,18.0,23.6
0.000736,9.200000000000001,13.200000000000001,17.2,20.400000000000002
0.0007361,7.6000000000000005,9.200000000000001,18.0,20.400000000000002
0.0007362,10.0,11.600000000000001,18.8,18.0
0.0007363,8.4,12.4,16.400000000000002,21.200000000000003
0.0007364,7.6000000000000005,13.200000000000001,16.400000000000002,22.8
0.0007365,9.200000000000001,10.8,16.400000000000002,22.8
0.0007366,6.800000000000001,10.0,15.600000000000001,19.6
0.0007367,9.200000000000001,11.600000000000001,17.2,19.6
0.0007368,10.0,14.0,18.0,24.400000000000002
0.0007369,10.0,10.0,14.8,22.8
0.000737,9.200000000000001,14.0,16.400000000000002,18.8
0.0007371,6.800000000000001,11.600000000000001,18.0,22.0
0.0007371999999999999,9.200000000000001,13.200000000000001,15.600000000000001,20.400000000000002
0.0007373,6.800000000000001,14.0,18.8,20.400000000000002
0.0007373999999999999,8.4,10.8,16.400000000000002,22.8
0.0007375,10.0,11.600000000000001,17.2,21.200000000000003
0.0007375999999999999,9.200000000000001,11.600000000000001,17.2,21.200000000000003
0.0007377,10.8,12.4,18.0,20.400000000000002
0.0007377999999999999,9.200000000000001,13.200000000000001,17.2,19.6
0.0007379,6.800000000000001,10.8,16.400000000000002,19.6
0.0007379999999999999,9.200000000000001,13.200000000000001,15.600000000000001,21.200000000000003
0.0007381,9.200000000000001,12.4,18.0,19.6
0.0007381999999999999,6.800000000000001,12.4,16.400000000000002,21.200000000000003
0.0007383,8.4,11.600000000000001,17.2,21.200000000000003
0.0007384,10.0,10.8,18.0,19.6
0.0007385,8.4,12.4,17.2,21.200000000000003
0.0007386,8.4,12.4,18.0,21.200000000000003
0.0007387,10.0,10.8,18.0,20.400000000000002
0.0007388,8.4,12.4,16.400000000000002,19.6
0.0007389,10.0,11.600000000000001,15.600000000000001,21.200000000000003
0.000739,8.4,10.8,18.8,22.0
0.0007391,7.6000000000000005,13.200000000000001,16.400000000000002,19.6
0.0007392,8.4,10.0,17.2,19.6
0.0007393,7.6000000000000005,11.600000000000001,18.0,20.400000000000002
0.0007394,9.200000000000001,10.8,17.2,19.6
0.0007394999999999999,8.4,10.8,17.2,18.8
0.0007396,9.200000000000001,12.4,15.600000000000001,21.200000000000003
0.0007396999999999999,7.6000000000000005,13.200000000000001,18.8,18.8
0.0007398,9.200000000000001,14.0,16.400000000000002,22.8
0.0007398999999999999,9.200000000000001,14.0,17.2,19.6
0.00074,6.800000000000001,14.0,16.400000000000002,22.8
0.0007400999999999999,9.200000000000001,10.8,16.400000000000002,21.200000000000003
0.0007402,9.200000000000001,13.200000000000001,16.400000000000002,20.400000000000002
0.0007402999999999999,11.600000000000001,9.200000000000001,18.0,21.200000000000003
0.0007404,10.8,13.200000000000001,18.0,21.200000000000003
0.0007405,11.600000000000001,9.200000000000001,16.400000000000002,19.6
0.0007406,10.0,14.8,17.2,21.200000000000003
0.0007407,8.4,14.0,15.600000000000001,21.200000000000003
0.0007408,9.200000000000001,13.200000000000001,18.0,22.0
0.0007409,10.0,14.8,16.400000000000002,23.6
0.000741,6.800000000000001,11.600000000000001,16.400000000000002,21.200000000000003
0.0007411,10.0,13.200000000000001,14.8,19.6
0.0007412,8.4,13.200000000000001,19.6,22.8
0.0007413,9.200000000000001,9.200000000000001,17.2,22.0
0.0007414,8.4,12.4,18.0,21.200000000000003
0.0007415,10.0,12.4,18.0,19.6
0.0007416,9.200000000000001,10.0,15.600000000000001,22.0
0.0007417,6.800000000000001,10.8,18.0,21.200000000000003
0.0007417999999999999,6.800000000000001,9.200000000000001,19.6,22.0
0.0007419,10.0,12.4,15.600000000000001,20.400000000000002
0.0007419999999999999,8.4,12.4,17.2,20.400000000000002
0.0007421,10.0,11.600000000000001,18.0,22.0
0.0007421999999999999,9.200000000000001,13.200000000000001,17.2,21.200000000000003
0.0007423,9.200000000000001,14.8,18.0,21.200000000000003
0.0007423999999999999,8.4,14.0,17.2,21.200000000000003
0.0007425,7.6000000000000005,11.600000000000001,17.2,20.400000000000002
0.0007425999999999999,10.8,10.8,16.400000000000002,22.8
0.0007427,9.200000000000001,12.4,16.400000000000002,24.400000000000002
0.0007428,11.600000000000001,10.0,18.0,18.8
0.0007429,8.4,10.8,18.0,19.6
0.000743,9.200000000000001,11.600000000000001,18.0,21.200000000000003
0.0007431,11.600000000000001,11.600000000000001,17.2,21.200000000000003
0.0007432,8.4,13.200000000000001,16.400000000000002,21.200000000000003
0.0007433,8.4,10.8,16.400000000000002,22.0
0.0007434,9.200000000000001,13.200000000000001,18.0,20.400000000000002
0.0007435,7.6000000000000005,11.600000000000001,18.0,20.400000000000002
0.0007436,7.6000000000000005,14.0,17.2,21.200000000000003
0.0007437,9.200000000000001,11.600000000000001,16.400000000000002,22.0
0.0007438,9.200000000000001,11.600000000000001,18.0,18.0
0.0007438999999999999,10.0,10.8,18.0,20.400000000000002
0.000744,7.6000000000000005,11.600000000000001,17.2,22.8
0.0007440999999999999,10.0,13.200000000000001,19.6,21.200000000000003
0.0007442,10.0,12.4,17.2,22.0
0.0007442999999999999,7.6000000000000005,14.0,17.2,22.0
0.0007444,9.200000000000001,10.8,19.6,19.6
0.0007444999999999999,9.200000000000001,13.200000000000001,18.0,19.6
0.0007446,7.6000000000000005,14.8,17.2,21.200000000000003
0.0007446999999999999,9.200000000000001,10.8,16.400000000000002,21.200000000000003
0.0007448,10.0,15.600000000000001,16.400000000000002,20.400000000000002
0.0007449,11.600000000000001,14.0,18.0,19.6
0.000745,7.6000000000000005,14.0,17.2,20.400000000000002
0.0007451,6.800000000000001,13.200000000000001,17.2,21.200000000000003
0.0007452,11.600000000000001,12.4,17.2,18.8
0.0007453,9.200000000000001,10.0,16.400000000000002,19.6
0.0007454,8.4,13.200000000000001,15.600000000000001,19.6
0.0007455,10.0,11.600000000000001,16.400000000000002,22.0
0.0007456,10.0,14.0,16.400000000000002,19.6
0.0007457,9.200000000000001,12.4,16.400000000000002,20.400000000000002
0.0007458,9.200000000000001,12.4,16.400000000000002,21.200000000000003
0.0007459,10.0,10.8,17.2,20.400000000000002
0.000746,8.4,12.4,15.600000000000001,19.6
0.0007461,10.0,14.0,15.600000000000001,21.200000000000003
0.0007461999999999999,6.800000000000001,11.600000000000001,18.0,20.400000000000002
0.0007463,7.6000000000000005,12.4,16.400000000000002,20.400000000000002
0.0007463999999999999,9.200000000000001,11.600000000000001,18.8,21.200000000000003
0.0007465,9.200000000000001,11.600000000000001,17.2,18.8
0.0007465999999999999,8.4,13.200000000000001,18.0,21.200000000000003
0.0007467,13.200000000000001,11.600000000000001,17.2,20.400000000000002
0.0007467999999999999,7.6000000000000005,14.0,17.2,20.400000000000002
0.0007469,7.6000000000000005,11.600000000000001,19.6,19.6
0.0007469999999999999,9.200000000000001,12.4,17.2,18.8
0.0007471,10.0,12.4,18.8,19.6
0.0007472,10.8,13.200000000000001,18.0,20.400000000000002
0.0007473,7.6000000000000005,11.600000000000001,18.8,22.8
0.0007474,7.6000000000000005,13.200000000000001,16.400000000000002,18.0
0.0007475,9.200000000000001,13.200000000000001,18.0,20.400000000000002
0.0007476,9.200000000000001,11.600000000000001,15.600000000000001,22.8
0.0007477,8.4,9.200000000000001,14.8,22.0
0.0007478,8.4,11.600000000000001,17.2,20.400000000000002
0.0007479,6.800000000000001,12.4,18.0,20.400000000000002
0.000748,9.200000000000001,12.4,14.8,18.0
0.0007481,7.6000000000000005,13.200000000000001,17.2,19.6
0.0007482,10.0,10.8,16.400000000000002,22.0
0.0007483,10.8,13.200000000000001,14.8,20.400000000000002
0.0007484,10.0,13.200000000000001,15.600000000000001,22.0
0.0007484999999999999,11.600000000000001,13.200000000000001,19.6,22.0
0.0007486,8.4,10.0,16.400000000000002,21.200000000000003
0.0007486999999999999,10.0,13.200000000000001,14.8,19.6
0.0007488,9.200000000000001,14.8,16.400000000000002,22.0
0.0007488999999999999,10.0,10.8,18.0,22.8
0.000749,6.0,12.4,15.600000000000001,22.8
0.0007490999999999999,10.8,11.600000000000001,15.600000000000001,18.8
0.0007492,12.4,12.4,18.0,19.6
0.0007492999999999999,7.6000000000000005,13.200000000000001,16.400000000000002,18.8
0.0007494,10.0,13.200000000000001,17.2,19.6
0.0007495,10.0,10.0,17.2,20.400000000000002
0.0007496,9.200000000000001,10.0,19.6,22.8
0.0007497,10.8,11.600000000000001,18.0,21.200000000000003
0.0007498,7.6000000000000005,11.600000000000001,17.2,19.6
0.0007499,9.200000000000001,10.8,16.400000000000002,21.200000000000003
0.00075,7.6000000000000005,8.4,19.6,21.200000000000003
0.0007501,8.4,12.4,16.400000000000002,21.200000000000003
0.0007502,10.8,11.600000000000001,18.0,18.8
0.0007503,8.4,11.600000000000001,16.400000000000002,21.200000000000003
0.0007504,9.200000000000001,9.200000000000001,16.400000000000002,20.400000000000002
0.0007505,8.4,11.600000000000001,18.8,21.200000000000003
0.0007505999999999999,9.200000000000001,11.600000000000001,17.2,22.8
0.0007507,9.200000000000001,11.600000000000001,15.600000000000001,22.0
0.0007507999999999999,10.0,11.600000000000001,17.2,18.8
0.0007509,7.6000000000000005,12.4,16.400000000000002,22.8
0.0007509999999999999,8.4,12.4,17.2,21.200000000000003
0.0007511,9.200000000000001,12.4,18.0,21.200000000000003
0.0007511999999999999,8.4,13.200000000000001,18.0,20.400000000000002
0.0007513,7.6000000000000005,14.0,14.8,21.200000000000003
0.0007513999999999999,10.0,13.200000000000001,18.0,18.8
0.0007515,9.200000000000001,10.8,17.2,18.0
0.0007516,5.2,11.600000000000001,15.600000000000001,20.400000000000002
0.0007517,10.0,11.600000000000001,17.2,19.6
0.0007518,10.0,11.600000000000001,16.400000000000002,21.200000000000003
0.0007519,6.800000000000001,10.8,17.2,19.6
0.000752,10.0,12.4,18.8,22.0
0.0007521,9.200000000000001,10.0,16.400000000000002,18.8
0.0007522,10.8,12.4,16.400000000000002,20.400000000000002
0.0007523,8.4,14.0,18.8,18.8
0.0007524,9.200000000000001,12.4,17.2,21.200000000000003
0.0007525,6.800000000000001,14.0,18.0,19.6
0.0007526,9.200000000000001,11.600000000000001,18.0,20.400000000000002
0.0007527,10.0,10.8,15.600000000000001,20.400000000000002
0.0007528,6.800000000000001,14.0,18.0,22.0
0.0007528999999999999,9.200000000000001,12.4,17.2,18.0
0.000753,6.800000000000001,13.200000000000001,16.400000000000002,22.8
0.0007530999999999999,9.200000000000001,9.200000000000001,17.2,22.8
0.0007532,7.6000000000000005,11.600000000000001,14.8,20.400000000000002
0.0007532999999999999,6.800000000000001,11.600000000000001,17.2,19.6
0.0007534,10.0,10.0,15.600000000000001,22.0
0.0007534999999999999,9.200000000000001,10.8,14.8,20.400000000000002
0.0007536,8.4,13.200000000000001,16.400000000000002,21.200000000000003
0.0007536999999999999,9.200000000000001,11.600000000000001,18.8,19.6
0.0007538,10.0,11.600000000000001,17.2,22.8
0.0007539,9.200000000000001,12.4,18.0,18.8
0.000754,10.0,14.0,17.2,20.400000000000002
0.0007541,8.4,10.0,17.2,20.400000000000002
0.0007542,10.0,14.0,14.8,20.400000000000002
0.0007543,11.600000000000001,10.0,16.400000000000002,18.0
0.0007544,9.200000000000001,11.600000000000001,15.600000000000001,21.200000000000003
0.0007545,12.4,11.600000000000001,16.400000000000002,20.400000000000002
0.0007546,6.800000000000001,12.4,19.6,19.6
0.0007547,9.200000000000001,11.600000000000001,16.400000000000002,24.400000000000002
0.0007548,6.800000000000001,13.200000000000001,17.2,22.0
0.0007549,10.8,12.4,15.600000000000001,20.400000000000002
0.0007549999999999999,9.200000000000001,14.0,16.400000000000002,20.400000000000002
0.0007551,8.4,13.200000000000001,18.0,22.0
0.0007551999999999999,7.6000000000000005,11.600000000000001,16.400000000000002,20.400000000000002
0.0007553,8.4,12.4,16.400000000000002,20.400000000000002
0.0007553999999999999,8.4,11.600000000000001,18.8,18.8
0.0007555,8.4,10.8,17.2,19.6
0.0007555999999999999,8.4,13.200000000000001,15.600000000000001,21.200000000000003
0.0007557,8.4,13.200000000000001,18.8,18.8
0.0007557999999999999,9.200000000000001,14.8,16.400000000000002,18.8
0.0007559,8.4,12.4,18.0,18.0
0.0007559999999999999,9.200000000000001,10.0,15.600000000000001,19.6
0.0007561,10.8,10.8,15.600000000000001,22.0
0.0007562,7.6000000000000005,12.4,17.2,20.400000000000002
0.0007563,6.0,13.200000000000001,18.0,19.6
0.0007564,8.4,13.200000000000001,14.8,18.8
0.0007565,6.0,11.600000000000001,17.2,19.6
0.0007566,10.0,11.600000000000001,17.2,19.6
0.0007567,9.200000000000001,13.200000000000001,15.600000000000001,20.400000000000002
0.0007568,8.4,12.4,17.2,18.8
0.0007569,8.4,11.600000000000001,15.600000000000001,22.8
0.000757,7.6000000000000005,12.4,17.2,21.200000000000003
0.0007571,10.0,12.4,15.600000000000001,18.0
0.0007572,9.200000000000001,10.0,19.6,22.0
0.0007572999999999999,7.6000000000000005,14.0,18.8,18.8
0.0007574,10.0,12.4,17.2,22.8
0.0007574999999999999,10.8,11.600000000000001,16.400000000000002,22.0
0.0007576,8.4,12.4,16.400000000000002,22.0
0.0007576999999999999,8.4,14.0,17.2,21.200000000000003
0.0007578,10.0,12.4,16.400000000000002,21.200000000000003
0.0007578999999999999,10.8,12.4,18.8,21.200000000000003
0.000758,9.200000000000001,12.4,17.2,22.0
0.0007580999999999999,10.0,12.4,17.2,23.6
0.0007582,7.6000000000000005,13.200000000000001,18.8,20.400000000000002
0.0007583,9.200000000000001,12.4,16.400000000000002,21.200000000000003
0.0007584,8.4,11.600000000000001,18.8,19.6
0.0007585,6.800000000000001,10.8,16.400000000000002,22.8
0.0007586,7.6000000000000005,13.200000000000001,15.600000000000001,18.8
0.0007587,6.0,14.0,17.2,21.200000000000003
0.0007588,9.200000000000001,12.4,15.600000000000001,19.6
0.0007589,9.200000000000001,11.600000000000001,17.2,21.200000000000003
0.000759,9.200000000000001,14.0,17.2,22.0
0.0007591,7.6000000000000005,12.4,17.2,22.8
0.0007592,8.4,14.0,17.2,22.0
0.0007593,7.6000000000000005,10.0,15.600000000000001,20.400000000000002
0.0007594,10.8,14.0,14.8,21.200000000000003
0.0007595,8.4,10.8,16.400000000000002,20.400000000000002
0.0007595999999999999,10.8,14.0,18.8,22.0
0.0007597,7.6000000000000005,10.8,17.2,19.6
0.0007597999999999999,7.6000000000000005,10.8,18.0,22.0
0.0007599,9.200000000000001,11.600000000000001,17.2,19.6
0.0007599999999999999,8.4,11.600000000000001,16.400000000000002,22.0
0.0007601,9.200000000000001,14.0,18.0,19.6
0.0007601999999999999,11.600000000000001,10.8,16.400000000000002,22.0
0.0007603,9.200000000000001,12.4,17.2,20.400000000000002
0.0007603999999999999,9.200000000000001,11.600000000000001,18.0,22.0
0.0007605,8.4,12.4,17.2,22.0
0.0007606,9.200000000000001,14.0,16.400000000000002,21.200000000000003
0.0007607,9.200000000000001,14.0,16.400000000000002,20.400000000000002
0.0007608,8.4,11.600000000000001,19.6,19.6
0.0007609,8.4,10.0,18.8,18.8
0.000761,10.0,14.0,15.600000000000001,21.200000000000003
0.0007611,10.0,11.600000000000001,17.2,21.200000000000003
0.0007612,6.0,10.0,16.400000000000002,22.0
0.0007613,10.8,13.200000000000001,19.6,20.400000000000002
0.0007614,8.4,10.8,18.0,22.8
0.0007615,7.6000000000000005,11.600000000000001,18.0,19.6
0.0007616,10.0,10.8,16.400000000000002,19.6
0.0007616999999999999,9.200000000000001,14.0,16.400000000000002,22.8
0.0007618,9.200000000000001,12.4,17.2,20.400000000000002
0.0007618999999999999,9.200000000000001,13.200000000000001,18.0,20.400000000000002
0.000762,8.4,12.4,18.0,21.200000000000003
0.0007620999999999999,8.4,14.0,18.0,20.400000000000002
0.0007622,6.0,12.4,18.8,23.6
0.0007622999999999999,9.200000000000001,10.8,14.8,20.400000000000002
0.0007624,6.800000000000001,10.0,16.400000000000002,21.200000000000003
0.0007624999999999999,9.200000000000001,11.600000000000001,17.2,18.8
0.0007626,8.4,13.200000000000001,18.0,20.400000000000002
0.0007626999999999999,10.0,10.8,16.400000000000002,20.400000000000002
0.0007628,10.0,11.600000000000001,18.0,20.400000000000002
0.0007629,10.0,11.600000000000001,18.8,21.200000000000003
0.000763,10.0,10.8,17.2,24.400000000000002
0.0007631,6.0,12.4,17.2,18.0
0.0007632,10.0,11.600000000000001,17.2,22.0
0.0007633,9.200000000000001,12.4,17.2,20.400000000000002
0.0007634,9.200000000000001,11.600000000000001,18.8,21.200000000000003
0.0007635,9.200000000000001,12.4,17.2,22.0
0.0007636,9.200000000000001,12.4,15.600000000000001,18.8
0.0007637,5.2,10.8,18.0,19.6
0.0007638,10.0,14.0,17.2,20.400000000000002
0.0007639,6.800000000000001,10.8,17.2,20.400000000000002
0.0007639999999999999,11.600000000000001,12.4,17.2,19.6
0.0007641,10.8,10.8,15.600000000000001,21.200000000000003
0.0007641999999999999,9.200000000000001,11.600000000000001,18.0,19.6
0.0007643,9.200000000000001,13.200000000000001,18.8,20.400000000000002
0.0007643999999999999,10.0,12.4,18.0,18.8
0.0007645,10.0,10.0,19.6,20.400000000000002
0.0007645999999999999,8.4,11.600000000000001,16.400000000000002,18.8
0.0007647,8.4,11.600000000000001,16.400000000000002,22.8
0.0007647999999999999,9.200000000000001,13.200000000000001,16.400000000000002,20.400000000000002
0.0007649,6.800000000000001,11.600000000000001,13.200000000000001,21.200000000000003
0.000765,7.6000000000000005,11.600000000000001,15.600000000000001,20.400000000000002
0.0007651,7.6000000000000005,11.600000000000001,17.2,22.8
0.0007652,10.0,14.0,17.2,20.400000000000002
0.0007653,10.0,11.600000000000001,17.2,20.400000000000002
0.0007654,6.0,13.200000000000001,17.2,20.400000000000002
0.0007655,8.4,11.600000000000001,18.8,20.400000000000002
0.0007656,6.0,13.200000000000001,18.8,20.400000000000002
0.0007657,10.8,11.600000000000001,16.400000000000002,20.400000000000002
0.0007658,6.0,11.600000000000001,18.0,21.200000000000003
0.0007659,7.6000000000000005,11.600000000000001,15.600000000000001,21.200000000000003
0.000766,8.4,13.200000000000001,14.0,20.400000000000002
0.0007661,10.0,10.8,16.400000000000002,20.400000000000002
0.0007662,8.4,12.4,16.400000000000002,20.400000000000002
0.0007662999999999999,6.800000000000001,12.4,15.600000000000001,22.8
0.0007664,6.800000000000001,10.8,17.2,21.200000000000003
0.0007664999999999999,7.6000000000000005,14.0,18.0,19.6
0.0007666,9.200000000000001,10.8,16.400000000000002,18.8
0.0007666999999999999,10.8,12.4,18.0,20.400000000000002
0.0007668,10.8,10.8,17.2,23.6
0.0007668999999999999,9.200000000000001,12.4,17.2,19.6
0.000767,10.0,14.0,17.2,22.0
0.0007670999999999999,9.200000000000001,10.0,17.2,18.8
0.0007672,6.0,14.0,16.400000000000002,21.200000000000003
0.0007673,7.6000000000000005,13.200000000000001,16.400000000000002,18.8
0.0007674,7.6000000000000005,10.0,17.2,19.6
0.0007675,9.200000000000001,11.600000000000001,14.8,18.8
0.0007676,6.800000000000001,14.0,17.2,20.400000000000002
0.0007677,10.0,13.200000000000001,16.400000000000002,25.200000000000003
0.0007678,10.0,11.600000000000001,16.400000000000002,19.6
0.0007679,10.8,13.200000000000001,16.400000000000002,22.0
0.000768,9.200000000000001,10.8,15.600000000000001,19.6
0.0007681,9.200000000000001,12.4,16.400000000000002,21.200000000000003
0.0007682,6.800000000000001,13.200000000000001,17.2,22.0
0.0007683,10.0,10.8,15.600000000000001,21.200000000000003
0.0007683999999999999,6.800000000000001,12.4,17.2,22.0
0.0007685,10.0,12.4,17.2,19.6
0.0007685999999999999,9.200000000000001,10.8,16.400000000000002,18.0
0.0007687,8.4,14.0,18.0,22.8
0.0007687999999999999,10.0,12.4,16.400000000000002,18.0
0.0007689,10.0,10.8,16.400000000000002,19.6
0.0007689999999999999,9.200000000000001,11.600000000000001,15.600000000000001,19.6
0.0007691,8.4,14.8,15.600000000000001,22.0
0.0007691999999999999,8.4,10.0,16.400000000000002,19.6
0.0007693,7.6000000000000005,10.0,15.600000000000001,20.400000000000002
0.0007693999999999999,10.0,12.4,17.2,22.0
0.0007695,8.4,11.600000000000001,15.600000000000001,16.400000000000002
0.0007696,8.4,11.600000000000001,15.600000000000001,18.8
0.0007697,7.6000000000000005,12.4,17.2,19.6
0.0007698,10.0,9.200000000000001,18.0,20.400000000000002
0.0007699,7.6000000000000005,10.8,18.0,22.0
0.00077,10.8,12.4,15.600000000000001,19.6
0.0007701,9.200000000000001,13.200000000000001,14.0,21.200000000000003
0.0007702,8.4,12.4,15.600000000000001,21.200000000000003
0.0007703,10.0,11.600000000000001,17.2,18.8
0.0007704,7.6000000000000005,10.0,17.2,18.8
0.0007705,10.0,11.600000000000001,17.2,21.200000000000003
0.0007706,7.6000000000000005,11.600000000000001,16.400000000000002,18.8
0.0007706999999999999,8.4,11.600000000000001,16.400000000000002,21.200000000000003
0.0007708,6.800000000000001,14.0,15.600000000000001,22.0
0.0007708999999999999,9.200000000000001,11.600000000000001,17.2,22.8
0.000771,11.600000000000001,10.8,16.400000000000002,21.200000000000003
0.0007710999999999999,9.200000000000001,14.8,16.400000000000002,22.8
0.0007712,7.6000000000000005,10.0,17.2,20.400000000000002
0.0007712999999999999,8.4,10.8,17.2,22.0
0.0007714,7.6000000000000005,14.0,16.400000000000002,22.8
0.0007714999999999999,6.800000000000001,11.600000000000001,17.2,22.8
0.0007716,8.4,11.600000000000001,14.8,21.200000000000003
0.0007717,7.6000000000000005,12.4,14.8,19.6
0.0007718,9.200000000000001,10.0,16.400000000000002,22.0
0.0007719,7.6000000000000005,13.200000000000001,18.0,22.8
0.000772,9.200000000000001,12.4,16.400000000000002,20.400000000000002
0.0007721,11.600000000000001,11.600000000000001,16.400000000000002,18.0
0.0007722,9.200000000000001,14.8,18.0,18.8
0.0007723,7.6000000000000005,10.8,16.400000000000002,21.200000000000003
0.0007724,10.0,10.8,18.0,20.400000000000002
0.0007725,8.4,11.600000000000001,17.2,21.200000000000003
0.0007726,10.0,10.8,18.8,21.200000000000003
0.0007727,9.200000000000001,11.600000000000001,18.0,19.6
0.0007728,10.0,10.8,16.400000000000002,19.6
0.0007729,9.200000000000001,10.0,17.2,18.0
0.0007729999999999999,6.800000000000001,12.4,15.600000000000001,19.6
0.0007731,8.4,13.200000000000001,18.0,18.8
0.0007731999999999999,6.800000000000001,10.0,15.600000000000001,18.0
0.0007733,6.800000000000001,12.4,16.400000000000002,18.0
0.0007733999999999999,6.800000000000001,11.600000000000001,14.8,21.200000000000003
0.0007735,9.200000000000001,12.4,16.400000000000002,21.200000000000003
0.0007735999999999999,8.4,12.4,17.2,21.200000000000003
0.0007737,8.4,10.8,18.0,19.6
0.0007737999999999999,9.200000000000001,10.8,19.6,20.400000000000002
0.0007739,7.6000000000000005,10.0,18.8,21.200000000000003
0.000774,6.800000000000001,13.200000000000001,16.400000000000002,21.200000000000003
0.0007741,9.200000000000001,14.8,18.0,21.200000000000003
0.0007742,10.0,10.0,17.2,20.400000000000002
0.0007743,7.6000000000000005,10.0,16.400000000000002,18.0
0.0007744,6.0,12.4,16.400000000000002,21.200000000000003
0.0007745,9.200000000000001,10.8,17.2,18.8
0.0007746,8.4,11.600000000000001,18.0,20.400000000000002
0.0007747,6.0,11.600000000000001,16.400000000000002,17.2
0.0007748,10.0,13.200000000000001,16.400000000000002,20.400000000000002
0.0007749,10.0,11.600000000000001,18.0,19.6
0.000775,10.8,12.4,17.2,16.400000000000002
0.0007750999999999999,6.0,10.8,15.600000000000001,19.6
0.0007752,7.6000000000000005,11.600000000000001,15.600000000000001,22.0
0.0007752999999999999,9.200000000000001,13.200000000000001,15.600000000000001,22.8
0.0007754,9.200000000000001,11.600000000000001,19.6,19.6
0.0007754999999999999,9.200000000000001,11.600000000000001,15.600000000000001,18.8
0.0007756,9.200000000000001,11.600000000000001,17.2,20.400000000000002
0.0007756999999999999,6.800000000000001,13.200000000000001,18.0,22.0
0.0007758,9.200000000000001,10.8,19.6,20.400000000000002
0.0007758999999999999,10.8,11.600000000000001,16.400000000000002,18.8
0.000776,9.200000000000001,14.0,17.2,20.400000000000002
0.0007760999999999999,8.4,11.600000000000001,16.400000000000002,20.400000000000002
0.0007762,10.0,10.8,14.8,20.400000000000002
0.0007763,9.200000000000001,11.600000000000001,16.400000000000002,20.400000000000002
0.0007764,8.4,10.8,15.600000000000001,21.200000000000003
0.0007765,8.4,10.8,18.0,22.0
0.0007766,8.4,10.8,16.400000000000002,20.400000000000002
0.0007767000000000001,9.200000000000001,11.600000000000001,17.2,18.8
0.0007767999999999999,7.6000000000000005,11.600000000000001,15.600000000000001,19.6
0.0007769,7.6000000000000005,10.0,18.0,18.8
0.000777,10.8,13.200000000000001,15.600000000000001,20.400000000000002
0.0007771000000000001,6.800000000000001,11.600000000000001,17.2,19.6
0.0007771999999999999,9.200000000000001,9.200000000000001,17.2,21.200000000000003
0.0007773,8.4,13.200000000000001,16.400000000000002,19.6
0.0007774,7.6000000000000005,10.0,15.600000000000001,19.6
0.0007774999999999999,8.4,11.600000000000001,17.2,22.0
0.0007775999999999999,9.200000000000001,12.4,15.600000000000001,19.6
0.0007777,8.4,12.4,17.2,21.200000000000003
0.0007778,9.200000000000001,11.600000000000001,15.600000000000001,18.8
0.0007778999999999999,6.0,11.600000000000001,16.400000000000002,21.200000000000003
0.0007779999999999999,10.0,11.600000000000001,18.0,22.8
0.0007781,10.0,11.600000000000001,16.400000000000002,19.6
0.0007782,8.4,10.8,18.0,18.8
0.0007782999999999999,7.6000000000000005,11.600000000000001,17.2,22.8
0.0007784,7.6000000000000005,10.0,18.8,21.200000000000003
0.0007785,7.6000000000000005,11.600000000000001,16.400000000000002,19.6
0.0007786000000000001,8.4,11.600000000000001,16.400000000000002,21.200000000000003
0.0007786999999999999,10.0,10.0,14.8,18.0
0.0007788,10.0,9.200000000000001,18.0,19.6
0.0007789,8.4,13.200000000000001,14.0,22.0
0.0007790000000000001,8.4,13.200000000000001,16.400000000000002,19.6
0.0007790999999999999,9.200000000000001,10.0,16.400000000000002,18.8
0.0007792,8.4,11.600000000000001,17.2,19.6
0.0007793,9.200000000000001,10.8,17.2,21.200000000000003
0.0007794000000000001,9.200000000000001,12.4,17.2,18.0
0.0007794999999999999,6.800000000000001,12.4,18.8,21.200000000000003
0.0007796,10.8,12.4,15.600000000000001,17.2
0.0007797,8.4,10.0,14.0,22.8
0.0007797999999999999,8.4,12.4,18.0,20.400000000000002
0.0007798999999999999,10.0,11.600000000000001,15.600000000000001,20.400000000000002
0.00078,6.800000000000001,11.600000000000001,16.400000000000002,20.400000000000002
0.0007801,9.200000000000001,13.200000000000001,17.2,21.200000000000003
0.0007801999999999999,7.6000000000000005,10.8,18.0,21.200000000000003
0.0007802999999999999,8.4,10.8,16.400000000000002,22.0
0.0007804,6.0,10.8,17.2,20.400000000000002
0.0007805,8.4,10.8,18.0,21.200000000000003
0.0007805999999999999,10.8,12.4,17.2,18.8
0.0007807,8.4,11.600000000000001,16.400000000000002,18.8
0.0007808,7.6000000000000005,10.8,17.2,20.400000000000002
0.0007809000000000001,8.4,10.8,18.0,22.0
0.0007809999999999999,6.0,12.4,17.2,21.200000000000003
0.0007811,8.4,10.8,19.6,19.6
0.0007812,10.8,11.600000000000001,18.8,21.200000000000003
0.0007813000000000001,9.200000000000001,10.8,19.6,19.6
0.0007813999999999999,8.4,10.8,16.400000000000002,21.200000000000003
0.0007815,7.6000000000000005,11.600000000000001,18.8,20.400000000000002
0.0007816,8.4,10.8,14.8,20.400000000000002
0.0007817000000000001,6.800000000000001,12.4,15.600000000000001,18.8
0.0007817999999999999,7.6000000000000005,14.0,14.0,19.6
0.0007819,8.4,10.8,17.2,19.6
0.000782,7.6000000000000005,12.4,16.400000000000002,22.0
0.0007820999999999999,9.200000000000001,14.0,15.600000000000001,23.6
0.0007821999999999999,9.200000000000001,15.600000000000001,17.2,22.8
0.0007823,6.0,10.8,16.400000000000002,20.400000000000002
0.0007824,5.2,10.8,17.2,18.8
0.0007824999999999999,9.200000000000001,10.0,16.400000000000002,19.6
0.0007825999999999999,7.6000000000000005,10.0,18.0,19.6
0.0007827,7.6000000000000005,9.200000000000001,15.600000000000001,18.8
0.0007828,10.0,12.4,18.0,20.400000000000002
0.0007828999999999999,6.0,10.8,18.8,20.400000000000002
0.000783,9.200000000000001,13.200000000000001,17.2,18.8
0.0007831,9.200000000000001,12.4,18.0,21.200000000000003
0.0007832000000000001,8.4,10.8,17.2,18.8
0.0007832999999999999,9.200000000000001,10.8,17.2,19.6
0.0007834,7.6000000000000005,12.4,14.8,20.400000000000002
0.0007835,10.8,11.600000000000001,18.0,22.0
0.0007836000000000001,7.6000000000000005,15.600000000000001,15.600000000000001,22.8
0.0007836999999999999,7.6000000000000005,12.4,16.400000000000002,22.0
0.0007838,9.200000000000001,11.600000000000001,16.400000000000002,20.400000000000002
0.0007839,9.200000000000001,13.200000000000001,15.600000000000001,19.6
0.0007839999999999999,7.6000000000000005,10.8,15.600000000000001,19.6
0.0007840999999999999,8.4,12.4,15.600000000000001,19.6
0.0007842,6.800000000000001,11.600000000000001,14.8,22.0
0.0007843,10.0,9.200000000000001,16.400000000000002,21.200000000000003
0.0007843999999999999,7.6000000000000005,12.4,16.400000000000002,18.0
0.0007844999999999999,8.4,13.200000000000001,18.8,20.400000000000002
0.0007846,9.200000000000001,10.0,16.400000000000002,22.0
0.0007847,7.6000000000000005,11.600000000000001,18.0,21.200000000000003
0.0007847999999999999,7.6000000000000005,10.8,16.400000000000002,19.6
0.0007848999999999999,7.6000000000000005,10.8,16.400000000000002,22.8
0.000785,6.800000000000001,12.4,16.400000000000002,23.6
0.0007851000000000001,9.200000000000001,12.4,15.600000000000001,18.0
0.0007851999999999999,7.6000000000000005,10.0,17.2,20.400000000000002
0.0007853,7.6000000000000005,10.8,16.400000000000002,18.0
0.0007854,6.800000000000001,12.4,18.0,18.8
0.0007855000000000001,8.4,14.0,18.8,19.6
0.0007855999999999999,5.2,10.8,15.600000000000001,24.400000000000002
0.0007857,9.200000000000001,9.200000000000001,15.600000000000001,21.200000000000003
0.0007858,12.4,10.8,18.0,21.200000000000003
0.0007859000000000001,6.0,13.200000000000001,15.600000000000001,20.400000000000002
0.0007859999999999999,6.800000000000001,10.0,14.8,19.6
0.0007861,9.200000000000001,13.200000000000001,17.2,18.8
0.0007862,7.6000000000000005,11.600000000000001,15.600000000000001,20.400000000000002
0.0007862999999999999,8.4,12.4,17.2,21.200000000000003
0.0007863999999999999,8.4,13.200000000000001,18.0,20.400000000000002
0.0007865,9.200000000000001,9.200000000000001,18.0,18.8
0.0007866,6.800000000000001,14.0,16.400000000000002,22.0
0.0007866999999999999,9.200000000000001,12.4,17.2,19.6
0.0007867999999999999,7.6000000000000005,10.8,14.8,19.6
0.0007869,8.4,11.600000000000001,16.400000000000002,20.400000000000002
0.000787,8.4,10.8,14.8,21.200000000000003
0.0007870999999999999,8.4,10.8,17.2,18.8
0.0007871999999999999,10.0,12.4,16.400000000000002,18.8
0.0007873,8.4,11.600000000000001,14.0,17.2
0.0007874000000000001,7.6000000000000005,11.600000000000001,14.0,19.6
0.0007874999999999999,7.6000000000000005,11.600000000000001,16.400000000000002,18.8
0.0007876,8.4,11.600000000000001,18.0,20.400000000000002
0.0007877,8.4,9.200000000000001,16.400000000000002,21.200000000000003
0.0007878000000000001,8.4,11.600000000000001,16.400000000000002,22.8
0.0007878999999999999,6.800000000000001,10.8,16.400000000000002,20.400000000000002
0.000788,6.0,12.4,17.2,20.400000000000002
0.0007881,8.4,13.200000000000001,17.2,19.6
0.0007882000000000001,6.800000000000001,10.8,17.2,22.8
0.0007882999999999999,8.4,10.8,16.400000000000002,20.400000000000002
0.0007884,6.800000000000001,11.600000000000001,18.0,19.6
0.0007885,7.6000000000000005,10.8,15.600000000000001,21.200000000000003
0.0007885999999999999,7.6000000000000005,13.200000000000001,17.2,18.8
0.0007886999999999999,8.4,14.8,17.2,19.6
0.0007888,7.6000000000000005,12.4,14.8,20.400000000000002
0.0007889,7.6000000000000005,13.200000000000001,18.0,18.8
0.0007889999999999999,7.6000000000000005,11.600000000000001,14.8,19.6
0.0007890999999999999,9.200000000000001,11.600000000000001,17.2,21.200000000000003
0.0007892,7.6000000000000005,13.200000000000001,16.400000000000002,19.6
0.0007893,8.4,10.8,15.600000000000001,20.400000000000002
0.0007893999999999999,6.800000000000001,11.600000000000001,16.400000000000002,20.400000000000002
0.0007894999999999999,8.4,11.600000000000001,17.2,21.200000000000003
0.0007896,6.0,11.600000000000001,16.400000000000002,19.6
0.0007897000000000001,6.0,11.600000000000001,18.0,19.6
0.0007897999999999999,9.200000000000001,13.200000000000001,17.2,19.6
0.0007899,10.0,10.8,17.2,20.400000000000002
0.00079,9.200000000000001,10.8,14.8,20.400000000000002
0.0007901000000000001,6.800000000000001,10.8,15.600000000000001,18.8
0.0007901999999999999,8.4,11.600000000000001,16.400000000000002,18.8
0.0007903,8.4,11.600000000000001,18.0,22.0
0.0007904,10.0,11.600000000000001,18.0,20.400000000000002
0.0007905000000000001,8.4,11.600000000000001,15.600000000000001,20.400000000000002
0.0007905999999999999,6.800000000000001,10.8,17.2,18.8
0.0007907,6.800000000000001,11.600000000000001,15.600000000000001,20.400000000000002
0.0007908,7.6000000000000005,11.600000000000001,15.600000000000001,18.8
0.0007908999999999999,8.4,10.8,17.2,20.400000000000002
0.0007909999999999999,9.200000000000001,12.4,14.0,18.8
0.0007911,8.4,10.8,14.8,22.0
0.0007912,6.800000000000001,10.8,16.400000000000002,19.6
0.0007912999999999999,8.4,13.200000000000001,15.600000000000001,19.6
0.0007913999999999999,6.0,11.600000000000001,15.600000000000001,18.8
0.0007915,6.800000000000001,11.600000000000001,15.600000000000001,20.400000000000002
0.0007916,8.4,11.600000000000001,18.0,19.6
0.0007916999999999999,6.800000000000001,9.200000000000001,17.2,20.400000000000002
0.0007918,9.200000000000001,12.4,17.2,21.200000000000003
0.0007919,6.800000000000001,10.0,16.400000000000002,18.8
0.0007920000000000001,6.0,10.8,17.2,19.6
0.0007920999999999999,8.4,11.600000000000001,15.600000000000001,21.200000000000003
0.0007922,8.4,11.600000000000001,15.600000000000001,22.8
0.0007923,8.4,12.4,17.2,18.8
0.0007924000000000001,8.4,10.8,16.400000000000002,18.8
0.0007924999999999999,6.800000000000001,11.600000000000001,14.8,18.8
0.0007926,8.4,10.8,14.0,20.400000000000002
0.0007927,6.800000000000001,14.0,18.8,18.8
0.0007928000000000001,7.6000000000000005,10.8,16.400000000000002,18.8
0.0007928999999999999,8.4,10.0,18.8,21.200000000000003
0.000793,6.0,9.200000000000001,18.8,22.8
0.0007931,10.8,12.4,18.0,19.6
0.0007931999999999999,9.200000000000001,14.0,17.2,19.6
0.0007932999999999999,7.6000000000000005,10.8,17.2,20.400000000000002
0.0007934,6.800000000000001,10.8,17.2,20.400000000000002
0.0007935,10.8,9.200000000000001,18.0,19.6
0.0007935999999999999,8.4,10.8,22.0,18.0
0.0007936999999999999,9.200000000000001,13.200000000000001,15.600000000000001,18.0
0.0007938,7.6000000000000005,11.600000000000001,16.400000000000002,20.400000000000002
0.0007939,9.200000000000001,12.4,18.0,20.400000000000002
0.0007939999999999999,9.200000000000001,10.8,17.2,20.400000000000002
0.0007941,8.4,8.4,18.0,18.8
0.0007942,6.800000000000001,12.4,17.2,19.6
0.0007943000000000001,7.6000000000000005,10.8,18.0,20.400000000000002
0.0007943999999999999,9.200000000000001,11.600000000000001,17.2,20.400000000000002
0.0007945,7.6000000000000005,10.0,16.400000000000002,18.8
0.0007946,10.0,11.600000000000001,16.400000000000002,18.8
0.0007947000000000001,6.800000000000001,10.8,16.400000000000002,19.6
0.0007947999999999999,7.6000000000000005,10.8,15.600000000000001,20.400000000000002
0.0007949,9.200000000000001,11.600000000000001,18.0,20.400000000000002
0.000795,8.4,10.8,16.400000000000002,18.8
0.0007950999999999999,8.4,12.4,15.600000000000001,18.8
0.0007951999999999999,6.0,13.200000000000001,15.600000000000001,21.200000000000003
0.0007953,6.0,12.4,14.0,18.8
0.0007954,8.4,11.600000000000001,14.8,22.0
0.0007954999999999999,9.200000000000001,10.0,15.600000000000001,21.200000000000003
0.0007955999999999999,7.6000000000000005,10.8,15.600000000000001,21.200000000000003
0.0007957,7.6000000000000005,13.200000000000001,14.0,19.6
0.0007958,8.4,12.4,15.600000000000001,20.400000000000002
0.0007958999999999999,9.200000000000001,10.8,19.6,21.200000000000003
0.0007959999999999999,9.200000000000001,10.0,13.200000000000001,18.8
0.0007961,6.0,12.4,15.600000000000001,20.400000000000002
0.0007962000000000001,10.0,10.8,17.2,20.400000000000002
0.0007962999999999999,7.6000000000000005,10.0,15.600000000000001,22.0
0.0007964,6.0,10.8,16.400000000000002,21.200000000000003
0.0007965,9.200000000000001,11.600000000000001,15.600000000000001,20.400000000000002
0.0007966000000000001,7.6000000000000005,10.0,16.400000000000002,18.8
0.0007966999999999999,7.6000000000000005,13.200000000000001,16.400000000000002,23.6
0.0007968,7.6000000000000005,11.600000000000001,16.400000000000002,22.0
0.0007969,8.4,14.0,16.400000000000002,20.400000000000002
0.0007970000000000001,10.0,13.200000000000001,16.400000000000002,22.8
0.0007970999999999999,6.800000000000001,11.600000000000001,14.8,18.8
0.0007972,7.6000000000000005,10.8,18.8,19.6
0.0007973,8.4,11.600000000000001,17.2,22.0
0.0007973999999999999,10.0,12.4,14.0,18.8
0.0007974999999999999,8.4,11.600000000000001,17.2,18.8
0.0007976,10.8,13.200000000000001,16.400000000000002,20.400000000000002
0.0007977,8.4,12.4,17.2,22.8
0.0007977999999999999,8.4,10.8,17.2,19.6
0.0007978999999999999,10.0,12.4,17.2,22.0
0.000798,7.6000000000000005,11.600000000000001,15.600000000000001,19.6
0.0007981,11.600000000000001,10.0,15.600000000000001,19.6
0.0007981999999999999,6.800000000000001,12.4,18.8,20.400000000000002
0.0007982999999999999,8.4,12.4,16.400000000000002,16.400000000000002
0.0007984,6.800000000000001,9.200000000000001,15.600000000000001,19.6
0.0007985000000000001,7.6000000000000005,13.200000000000001,14.8,21.200000000000003
0.0007985999999999999,7.6000000000000005,10.0,17.2,22.8
0.0007987,7.6000000000000005,10.8,19.6,22.0
0.0007988,6.800000000000001,9.200000000000001,17.2,20.400000000000002
0.0007989000000000001,7.6000000000000005,12.4,17.2,21.200000000000003
0.0007989999999999999,6.800000000000001,13.200000000000001,15.600000000000001,20.400000000000002
0.0007991,6.800000000000001,9.200000000000001,16.400000000000002,20.400000000000002
0.0007992,8.4,10.8,18.0,21.200000000000003
0.0007993000000000001,7.6000000000000005,11.600000000000001,16.400000000000002,18.8
0.0007993999999999999,10.8,10.8,15.600000000000001,19.6
0.0007995,6.800000000000001,10.0,16.400000000000002,20.400000000000002
0.0007996,6.0,11.600000000000001,17.2,19.6
0.0007996999999999999,7.6000000000000005,10.0,18.0,20.400000000000002
0.0007997999999999999,8.4,14.0,19.6,22.8
0.0007999,7.6000000000000005,13.200000000000001,17.2,20.400000000000002
